<?xml version="1.0" encoding="UTF-8"?>
<archive xmlns="http://rs.tdwg.org/dwc/text/" metadata="metadata.eml.xml">
  <core encoding="UTF-8" linesTerminatedBy="\n" fieldsTerminatedBy="," fieldsEnclosedBy="&quot;" ignoreHeaderLines="1" rowType="http://rs.tdwg.org/dwc/terms/Taxon">
    <files>
      <location>taxa.csv</location>
    </files>
    <id index="0"/>
    <field index="1" term="http://rs.tdwg.org/dwc/terms/taxonID"/>
    <field index="2" term="http://purl.org/dc/terms/identifier"/>
    <field index="3" term="http://rs.tdwg.org/dwc/terms/parentNameUsageID"/>
    <field index="4" term="http://rs.tdwg.org/dwc/terms/kingdom"/>
    <field index="5" term="http://rs.tdwg.org/dwc/terms/phylum"/>
    <field index="6" term="http://rs.tdwg.org/dwc/terms/class"/>
    <field index="7" term="http://rs.tdwg.org/dwc/terms/order"/>
    <field index="8" term="http://rs.tdwg.org/dwc/terms/family"/>
    <field index="9" term="http://rs.tdwg.org/dwc/terms/genus"/>
    <field index="10" term="http://rs.tdwg.org/dwc/terms/specificEpithet"/>
    <field index="11" term="http://rs.tdwg.org/dwc/terms/infraspecificEpithet"/>
    <field index="12" term="http://purl.org/dc/terms/modified"/>
    <field index="13" term="http://rs.tdwg.org/dwc/terms/scientificName"/>
    <field index="14" term="http://rs.tdwg.org/dwc/terms/taxonRank"/>
    <field index="15" term="http://purl.org/dc/terms/references"/>
  </core>
  <extension encoding="UTF-8" linesTerminatedBy="\n" fieldsTerminatedBy="," fieldsEnclosedBy="&quot;" ignoreHeaderLines="1" rowType="http://rs.gbif.org/terms/1.0/VernacularName">
    <files>
      <location>VernacularNames-chinese-traditional.csv</location>
      <location>VernacularNames-english.csv</location>
      <location>VernacularNames-spanish.csv</location>
      <location>VernacularNames-chinese-simplified.csv</location>
      <location>VernacularNames-polish.csv</location>
      <location>VernacularNames-russian.csv</location>
      <location>VernacularNames-ukrainian.csv</location>
      <location>VernacularNames-japanese.csv</location>
      <location>VernacularNames-danish.csv</location>
      <location>VernacularNames-dutch.csv</location>
      <location>VernacularNames-korean.csv</location>
      <location>VernacularNames-czech.csv</location>
      <location>VernacularNames-norwegian.csv</location>
      <location>VernacularNames-french.csv</location>
      <location>VernacularNames-afrikaans.csv</location>
      <location>VernacularNames-swedish.csv</location>
      <location>VernacularNames-finnish.csv</location>
      <location>VernacularNames-estonian.csv</location>
      <location>VernacularNames-german.csv</location>
      <location>VernacularNames-hungarian.csv</location>
      <location>VernacularNames-lithuanian.csv</location>
      <location>VernacularNames-bulgarian.csv</location>
      <location>VernacularNames-thai.csv</location>
      <location>VernacularNames-catalan.csv</location>
      <location>VernacularNames-herero.csv</location>
      <location>VernacularNames-hodges-number.csv</location>
      <location>VernacularNames-portuguese.csv</location>
      <location>VernacularNames-kung.csv</location>
      <location>VernacularNames-hawaiian.csv</location>
      <location>VernacularNames-unknown.csv</location>
      <location>VernacularNames-zulu.csv</location>
      <location>VernacularNames-greek.csv</location>
      <location>VernacularNames-arabic.csv</location>
      <location>VernacularNames-croatian.csv</location>
      <location>VernacularNames-italian.csv</location>
      <location>VernacularNames-lenje.csv</location>
      <location>VernacularNames-serbian.csv</location>
      <location>VernacularNames-maya.csv</location>
      <location>VernacularNames-chechen.csv</location>
      <location>VernacularNames-cherokee.csv</location>
      <location>VernacularNames-cheyenne.csv</location>
      <location>VernacularNames-hebrew.csv</location>
      <location>VernacularNames-indonesian.csv</location>
      <location>VernacularNames-mandarin-chinese.csv</location>
      <location>VernacularNames-guarani.csv</location>
      <location>VernacularNames-slovak.csv</location>
      <location>VernacularNames-nahuatl.csv</location>
      <location>VernacularNames-kurdish.csv</location>
      <location>VernacularNames-ladino.csv</location>
      <location>VernacularNames-navajo.csv</location>
      <location>VernacularNames-pennsylvania-german.csv</location>
      <location>VernacularNames-mayo.csv</location>
      <location>VernacularNames-quechua.csv</location>
      <location>VernacularNames-georgian.csv</location>
      <location>VernacularNames-tseltal.csv</location>
      <location>VernacularNames-nepali.csv</location>
      <location>VernacularNames-fon-gbe.csv</location>
      <location>VernacularNames-hindi.csv</location>
      <location>VernacularNames-sama.csv</location>
      <location>VernacularNames-vermont-flora-codes.csv</location>
      <location>VernacularNames-tao.csv</location>
      <location>VernacularNames-salish.csv</location>
      <location>VernacularNames-maranao.csv</location>
      <location>VernacularNames-niuean.csv</location>
      <location>VernacularNames-turkish.csv</location>
      <location>VernacularNames-fataluku.csv</location>
      <location>VernacularNames-sekgatla.csv</location>
      <location>VernacularNames-naueti.csv</location>
      <location>VernacularNames-sinhala.csv</location>
      <location>VernacularNames-swahili.csv</location>
      <location>VernacularNames-xhosa.csv</location>
      <location>VernacularNames-shona.csv</location>
      <location>VernacularNames-ndebele.csv</location>
      <location>VernacularNames-venda.csv</location>
      <location>VernacularNames-mongolian.csv</location>
      <location>VernacularNames-sotho-northern.csv</location>
      <location>VernacularNames-makasae.csv</location>
      <location>VernacularNames-latvian.csv</location>
      <location>VernacularNames-maori.csv</location>
      <location>VernacularNames-icelandic.csv</location>
      <location>VernacularNames-albanian.csv</location>
      <location>VernacularNames-burmese.csv</location>
      <location>VernacularNames-punjabi.csv</location>
      <location>VernacularNames-vietnamese.csv</location>
      <location>VernacularNames-tajik.csv</location>
      <location>VernacularNames-ossetian.csv</location>
      <location>VernacularNames-tsotsil.csv</location>
      <location>VernacularNames-basque.csv</location>
      <location>VernacularNames-tetum.csv</location>
      <location>VernacularNames-mapudungun.csv</location>
      <location>VernacularNames-belarusian.csv</location>
      <location>VernacularNames-unknown.csv</location>
      <location>VernacularNames-irish.csv</location>
      <location>VernacularNames-wawa.csv</location>
      <location>VernacularNames-palauan.csv</location>
      <location>VernacularNames-kannada.csv</location>
      <location>VernacularNames-tswana.csv</location>
      <location>VernacularNames-breton.csv</location>
      <location>VernacularNames-armenian.csv</location>
      <location>VernacularNames-galician.csv</location>
      <location>VernacularNames-palo.csv</location>
      <location>VernacularNames-ojibwe.csv</location>
      <location>VernacularNames-occitan.csv</location>
      <location>VernacularNames-inupiaq.csv</location>
      <location>VernacularNames-esperanto.csv</location>
      <location>VernacularNames-shangaan.csv</location>
      <location>VernacularNames-sotho.csv</location>
      <location>VernacularNames-banjar.csv</location>
      <location>VernacularNames-nu-en.csv</location>
      <location>VernacularNames-tagalog.csv</location>
      <location>VernacularNames-tahitian.csv</location>
      <location>VernacularNames-wolof.csv</location>
      <location>VernacularNames-visayan.csv</location>
      <location>VernacularNames-luxembourgish.csv</location>
      <location>VernacularNames-wallisian.csv</location>
      <location>VernacularNames-aou-4-letter-codes.csv</location>
      <location>VernacularNames-hadzape.csv</location>
      <location>VernacularNames-yuto-nahua.csv</location>
      <location>VernacularNames-slovenian.csv</location>
      <location>VernacularNames-bengali.csv</location>
      <location>VernacularNames-kazakh.csv</location>
      <location>VernacularNames-khoekhoegowab.csv</location>
      <location>VernacularNames-sepedi.csv</location>
      <location>VernacularNames-west-flemish.csv</location>
      <location>VernacularNames-romanian.csv</location>
      <location>VernacularNames-maya-peninsular.csv</location>
      <location>VernacularNames-manx.csv</location>
      <location>VernacularNames-oshikwanyama.csv</location>
      <location>VernacularNames-urak-lawoi.csv</location>
      <location>VernacularNames-kalanga.csv</location>
      <location>VernacularNames-arapaho.csv</location>
      <location>VernacularNames-archi.csv</location>
      <location>VernacularNames-chinanteco.csv</location>
      <location>VernacularNames-northern-frisian.csv</location>
      <location>VernacularNames-washo.csv</location>
      <location>VernacularNames-tatar.csv</location>
      <location>VernacularNames-mvskoke.csv</location>
      <location>VernacularNames-si-swati.csv</location>
      <location>VernacularNames-tibetan.csv</location>
      <location>VernacularNames-persian.csv</location>
      <location>VernacularNames-kimbundu.csv</location>
      <location>VernacularNames-avar.csv</location>
      <location>VernacularNames-udmurt.csv</location>
      <location>VernacularNames-kabiye.csv</location>
      <location>VernacularNames-welsh.csv</location>
      <location>VernacularNames-bunun.csv</location>
      <location>VernacularNames-kiribati.csv</location>
      <location>VernacularNames-assamese.csv</location>
      <location>VernacularNames-hiligaynon.csv</location>
      <location>VernacularNames-davawenyo.csv</location>
      <location>VernacularNames-romblomanon.csv</location>
      <location>VernacularNames-toba-batak.csv</location>
      <location>VernacularNames-kweyol.csv</location>
      <location>VernacularNames-bourbonnais.csv</location>
      <location>VernacularNames-bemba.csv</location>
      <location>VernacularNames-lunda.csv</location>
      <location>VernacularNames-kwaza.csv</location>
      <location>VernacularNames-sengwato.csv</location>
      <location>VernacularNames-cahuilla.csv</location>
      <location>VernacularNames-bikol.csv</location>
      <location>VernacularNames-kwanyama-ovamboland.csv</location>
      <location>VernacularNames-kwanyama.csv</location>
      <location>VernacularNames-romaji.csv</location>
      <location>VernacularNames-javanese.csv</location>
      <location>VernacularNames-sengwaketse.csv</location>
      <location>VernacularNames-selete.csv</location>
      <location>VernacularNames-serolong.csv</location>
      <location>VernacularNames-sekwena.csv</location>
      <location>VernacularNames-setawana.csv</location>
      <location>VernacularNames-silozi.csv</location>
      <location>VernacularNames-korekore.csv</location>
      <location>VernacularNames-pondo.csv</location>
      <location>VernacularNames-pungu.csv</location>
      <location>VernacularNames-karanga.csv</location>
      <location>VernacularNames-tshivenda.csv</location>
      <location>VernacularNames-yao.csv</location>
      <location>VernacularNames-tshwa.csv</location>
      <location>VernacularNames-nara.csv</location>
      <location>VernacularNames-makhuwa.csv</location>
      <location>VernacularNames-hlengwe.csv</location>
      <location>VernacularNames-makua.csv</location>
      <location>VernacularNames-nyanja.csv</location>
      <location>VernacularNames-seri.csv</location>
      <location>VernacularNames-suku.csv</location>
      <location>VernacularNames-gela.csv</location>
      <location>VernacularNames-ruguru.csv</location>
      <location>VernacularNames-nyamwezi.csv</location>
      <location>VernacularNames-sukuma.csv</location>
      <location>VernacularNames-zigula.csv</location>
      <location>VernacularNames-rangi.csv</location>
      <location>VernacularNames-proto-eastern-maku.csv</location>
      <location>VernacularNames-nkonde.csv</location>
      <location>VernacularNames-mbukushu.csv</location>
      <location>VernacularNames-bondei.csv</location>
      <location>VernacularNames-mbugwe.csv</location>
      <location>VernacularNames-hietshware.csv</location>
      <location>VernacularNames-naro.csv</location>
      <location>VernacularNames-asu.csv</location>
      <location>VernacularNames-kaonde.csv</location>
      <location>VernacularNames-shambala.csv</location>
      <location>VernacularNames-marshallese.csv</location>
      <location>VernacularNames-bashkir.csv</location>
      <location>VernacularNames-gogo.csv</location>
      <location>VernacularNames-sangu.csv</location>
      <location>VernacularNames-hehe.csv</location>
      <location>VernacularNames-dinka.csv</location>
      <location>VernacularNames-huasteco.csv</location>
      <location>VernacularNames-cook-island-maori.csv</location>
      <location>VernacularNames-ila.csv</location>
      <location>VernacularNames-cebuano.csv</location>
      <location>VernacularNames-mapuche.csv</location>
      <location>VernacularNames-shiyeyi.csv</location>
      <location>VernacularNames-ndau.csv</location>
      <location>VernacularNames-kumak.csv</location>
      <location>VernacularNames-arabela.csv</location>
      <location>VernacularNames-manyika.csv</location>
      <location>VernacularNames-subiya.csv</location>
      <location>VernacularNames-ilokano.csv</location>
      <location>VernacularNames-bantoanon.csv</location>
      <location>VernacularNames-tupi.csv</location>
      <location>VernacularNames-runa-simi.csv</location>
      <location>VernacularNames-paipai.csv</location>
      <location>VernacularNames-tiipai.csv</location>
      <location>VernacularNames-tonga.csv</location>
      <location>VernacularNames-khmer.csv</location>
      <location>VernacularNames-scottish-gaelic.csv</location>
      <location>VernacularNames-eastern-mari.csv</location>
      <location>VernacularNames-yiddish.csv</location>
      <location>VernacularNames-asturian.csv</location>
      <location>VernacularNames-ainu.csv</location>
      <location>VernacularNames-kuyunon.csv</location>
      <location>VernacularNames-yurok.csv</location>
      <location>VernacularNames-tamil.csv</location>
      <location>VernacularNames-limburgish.csv</location>
      <location>VernacularNames-marathi.csv</location>
      <location>VernacularNames-azerbaijani.csv</location>
      <location>VernacularNames-scots.csv</location>
      <location>VernacularNames-khasi.csv</location>
      <location>VernacularNames-dharug.csv</location>
      <location>VernacularNames-setlharo.csv</location>
      <location>VernacularNames-umbundu.csv</location>
      <location>VernacularNames-chontal.csv</location>
      <location>VernacularNames-kapampangan.csv</location>
      <location>VernacularNames-malayalam.csv</location>
      <location>VernacularNames-dzongkha.csv</location>
      <location>VernacularNames-kinyarwanda.csv</location>
      <location>VernacularNames-kele.csv</location>
      <location>VernacularNames-raramuri.csv</location>
      <location>VernacularNames-informal-latinized-name-vernacular-concept-only.csv</location>
      <location>VernacularNames-lhukonzo.csv</location>
      <location>VernacularNames-lango.csv</location>
      <location>VernacularNames-shilluk.csv</location>
      <location>VernacularNames-soko.csv</location>
      <location>VernacularNames-cree.csv</location>
      <location>VernacularNames-tsonga.csv</location>
      <location>VernacularNames-mi-kmaq.csv</location>
      <location>VernacularNames-totonaco.csv</location>
      <location>VernacularNames-hill-mari.csv</location>
      <location>VernacularNames-sinhalese.csv</location>
      <location>VernacularNames-low-german.csv</location>
      <location>VernacularNames-malagasy.csv</location>
      <location>VernacularNames-cantonese.csv</location>
      <location>VernacularNames-madurese.csv</location>
      <location>VernacularNames-sundanese.csv</location>
      <location>VernacularNames-laotian.csv</location>
      <location>VernacularNames-makassarese.csv</location>
      <location>VernacularNames-malay.csv</location>
      <location>VernacularNames-swati.csv</location>
      <location>VernacularNames-botatwe.csv</location>
      <location>VernacularNames-gujarati.csv</location>
      <location>VernacularNames-mono.csv</location>
      <location>VernacularNames-taino.csv</location>
      <location>VernacularNames-bangla.csv</location>
      <location>VernacularNames-chuvash.csv</location>
      <location>VernacularNames-min-dong-chinese.csv</location>
      <location>VernacularNames-filipino.csv</location>
      <location>VernacularNames-sanskrit.csv</location>
      <location>VernacularNames-chinese.csv</location>
      <location>VernacularNames-abinomn.csv</location>
      <location>VernacularNames-xam.csv</location>
      <location>VernacularNames-kxau.csv</location>
      <location>VernacularNames-latin.csv</location>
      <location>VernacularNames-sesarwa.csv</location>
      <location>VernacularNames-ivatan.csv</location>
      <location>VernacularNames-fijian.csv</location>
      <location>VernacularNames-manipuri.csv</location>
      <location>VernacularNames-macedonian.csv</location>
      <location>VernacularNames-fang.csv</location>
      <location>VernacularNames-pangasinan.csv</location>
      <location>VernacularNames-oriya.csv</location>
      <location>VernacularNames-ijo.csv</location>
      <location>VernacularNames-kyrgyz.csv</location>
      <location>VernacularNames-mohawk.csv</location>
      <location>VernacularNames-telugu.csv</location>
      <location>VernacularNames-venetian.csv</location>
      <location>VernacularNames-ligurian.csv</location>
      <location>VernacularNames-mixteco.csv</location>
      <location>VernacularNames-onondaga.csv</location>
      <location>VernacularNames-chippewa.csv</location>
      <location>VernacularNames-maasai.csv</location>
      <location>VernacularNames-emilian-romagnol.csv</location>
      <location>VernacularNames-sardinian.csv</location>
      <location>VernacularNames-faroese.csv</location>
      <location>VernacularNames-rapanui.csv</location>
      <location>VernacularNames-crimean-turkish.csv</location>
      <location>VernacularNames-wampanoag.csv</location>
      <location>VernacularNames-tuscarora.csv</location>
      <location>VernacularNames-kabardian.csv</location>
      <location>VernacularNames-west-frisian.csv</location>
      <location>VernacularNames-zezuru.csv</location>
      <location>VernacularNames-veps.csv</location>
      <location>VernacularNames-dakota.csv</location>
      <location>VernacularNames-ossetic.csv</location>
      <location>VernacularNames-digo.csv</location>
      <location>VernacularNames-luhya.csv</location>
      <location>VernacularNames-kamba.csv</location>
      <location>VernacularNames-giriama.csv</location>
      <location>VernacularNames-purepecha.csv</location>
      <location>VernacularNames-u-s-d-a-symbol.csv</location>
      <location>VernacularNames-maltese.csv</location>
      <location>VernacularNames-mayan-yucatec.csv</location>
      <location>VernacularNames-tsimshian.csv</location>
      <location>VernacularNames-mahl.csv</location>
      <location>VernacularNames-kikuyu.csv</location>
      <location>VernacularNames-tugen.csv</location>
      <location>VernacularNames-taita.csv</location>
      <location>VernacularNames-otomi.csv</location>
      <location>VernacularNames-damara.csv</location>
      <location>VernacularNames-nama.csv</location>
      <location>VernacularNames-native-name.csv</location>
      <location>VernacularNames-alabama.csv</location>
      <location>VernacularNames-galego.csv</location>
      <location>VernacularNames-serbo-croatian.csv</location>
      <location>VernacularNames-tunica.csv</location>
      <location>VernacularNames-galibi.csv</location>
      <location>VernacularNames-kipsigis.csv</location>
      <location>VernacularNames-ju-hoan.csv</location>
      <location>VernacularNames-ktunaxa.csv</location>
      <location>VernacularNames-laadan.csv</location>
      <location>VernacularNames-tartar.csv</location>
      <location>VernacularNames-lombo.csv</location>
      <location>VernacularNames-dholuo.csv</location>
      <location>VernacularNames-nuer.csv</location>
      <location>VernacularNames-euskara.csv</location>
      <location>VernacularNames-amharic.csv</location>
      <location>VernacularNames-balinese.csv</location>
      <location>VernacularNames-bosnian.csv</location>
      <location>VernacularNames-ewe.csv</location>
      <location>VernacularNames-chamorro.csv</location>
      <location>VernacularNames-maldivian.csv</location>
      <location>VernacularNames-yup-ik.csv</location>
      <location>VernacularNames-twi.csv</location>
      <location>VernacularNames-yoruba.csv</location>
      <location>VernacularNames-urdu.csv</location>
      <location>VernacularNames-divehi.csv</location>
      <location>VernacularNames-romansh.csv</location>
      <location>VernacularNames-carolinian.csv</location>
      <location>VernacularNames-nyoro.csv</location>
      <location>VernacularNames-alur.csv</location>
      <location>VernacularNames-hambukushu.csv</location>
      <location>VernacularNames-zoque.csv</location>
      <location>VernacularNames-dharawal.csv</location>
      <location>VernacularNames-walloon.csv</location>
      <location>VernacularNames-surigaonon.csv</location>
      <location>VernacularNames-tagbanwa-calamian.csv</location>
      <location>VernacularNames-magyar.csv</location>
      <location>VernacularNames-nauruan.csv</location>
      <location>VernacularNames-misima-paneati.csv</location>
      <location>VernacularNames-tulu.csv</location>
      <location>VernacularNames-k-au-en.csv</location>
      <location>VernacularNames-tzeltal.csv</location>
      <location>VernacularNames-mixe.csv</location>
      <location>VernacularNames-central-bikol.csv</location>
      <location>VernacularNames-bhojpuri.csv</location>
      <location>VernacularNames-central-kurdish.csv</location>
      <location>VernacularNames-haitian-creole.csv</location>
      <location>VernacularNames-goan-konkani.csv</location>
      <location>VernacularNames-hausa.csv</location>
      <location>VernacularNames-interlingua.csv</location>
      <location>VernacularNames-semitic.csv</location>
      <location>VernacularNames-tok-pisin.csv</location>
      <location>VernacularNames-kiga.csv</location>
      <location>VernacularNames-bali.csv</location>
      <location>VernacularNames-hakka-chinese.csv</location>
      <location>VernacularNames-tepehuano.csv</location>
      <location>VernacularNames-somali.csv</location>
      <location>VernacularNames-setswapong.csv</location>
      <location>VernacularNames-samoan.csv</location>
      <location>VernacularNames-xo.csv</location>
      <location>VernacularNames-adai.csv</location>
      <location>VernacularNames-choctaw.csv</location>
      <location>VernacularNames-saanich.csv</location>
      <location>VernacularNames-mangareva.csv</location>
      <location>VernacularNames-creole-french.csv</location>
      <location>VernacularNames-tokelauan.csv</location>
      <location>VernacularNames-pashto.csv</location>
      <location>VernacularNames-fwai.csv</location>
      <location>VernacularNames-aceh.csv</location>
      <location>VernacularNames-kagayanen.csv</location>
      <location>VernacularNames-tongan.csv</location>
      <location>VernacularNames-oshiwambo.csv</location>
      <location>VernacularNames-meru.csv</location>
      <location>VernacularNames-jula.csv</location>
      <location>VernacularNames-moriori.csv</location>
      <location>VernacularNames-tojolabal.csv</location>
      <location>VernacularNames-trinidadian.csv</location>
      <location>VernacularNames-haitian.csv</location>
      <location>VernacularNames-farsi.csv</location>
      <location>VernacularNames-ndonga.csv</location>
      <location>VernacularNames-lao.csv</location>
      <location>VernacularNames-kwangali.csv</location>
      <location>VernacularNames-chavacano.csv</location>
      <location>VernacularNames-oyampi.csv</location>
      <location>VernacularNames-canchic.csv</location>
      <location>VernacularNames-maya-lacandon.csv</location>
      <location>VernacularNames-tarahumara.csv</location>
      <location>VernacularNames-chol.csv</location>
      <location>VernacularNames-lacandon.csv</location>
      <location>VernacularNames-mazahua.csv</location>
      <location>VernacularNames-tenek.csv</location>
      <location>VernacularNames-zapoteco.csv</location>
      <location>VernacularNames-yuhu.csv</location>
      <location>VernacularNames-tlapaneco.csv</location>
      <location>VernacularNames-popoluca.csv</location>
      <location>VernacularNames-nd.csv</location>
      <location>VernacularNames-cora.csv</location>
      <location>VernacularNames-guarijio.csv</location>
      <location>VernacularNames-huave.csv</location>
      <location>VernacularNames-huichol.csv</location>
      <location>VernacularNames-cuicateco.csv</location>
      <location>VernacularNames-pima.csv</location>
      <location>VernacularNames-cochimi.csv</location>
      <location>VernacularNames-nanu.csv</location>
      <location>VernacularNames-papiamento.csv</location>
      <location>VernacularNames-chiapaneca.csv</location>
      <location>VernacularNames-hnahnu.csv</location>
      <location>VernacularNames-nahya.csv</location>
      <location>VernacularNames-mazateco.csv</location>
      <location>VernacularNames-cahita.csv</location>
      <location>VernacularNames-colognian.csv</location>
      <location>VernacularNames-teso.csv</location>
      <location>VernacularNames-santali.csv</location>
      <location>VernacularNames-lozi.csv</location>
      <location>VernacularNames-kaqchikel.csv</location>
      <location>VernacularNames-apache.csv</location>
      <location>VernacularNames-tongva.csv</location>
      <location>VernacularNames-teenek.csv</location>
      <location>VernacularNames-valencian.csv</location>
      <location>VernacularNames-sena.csv</location>
      <location>VernacularNames-papiamentu.csv</location>
      <location>VernacularNames-inuktitut.csv</location>
      <location>VernacularNames-livvi-karelian.csv</location>
      <location>VernacularNames-chochenyo.csv</location>
      <location>VernacularNames-indigenous-australian.csv</location>
      <location>VernacularNames-hepburn.csv</location>
      <location>VernacularNames-tzotzil.csv</location>
      <location>VernacularNames-bambara.csv</location>
      <location>VernacularNames-ingush.csv</location>
      <location>VernacularNames-ido.csv</location>
      <location>VernacularNames-iloko.csv</location>
      <location>VernacularNames-fiji-hindi.csv</location>
      <location>VernacularNames-tarasco.csv</location>
      <location>VernacularNames-senyasa.csv</location>
      <location>VernacularNames-timucua.csv</location>
      <location>VernacularNames-seneca.csv</location>
      <location>VernacularNames-tuamotuan.csv</location>
      <location>VernacularNames-embera.csv</location>
      <location>VernacularNames-cayuga.csv</location>
      <location>VernacularNames-o-kung.csv</location>
      <location>VernacularNames-friulian.csv</location>
      <location>VernacularNames-russian-buriat.csv</location>
      <location>VernacularNames-gan-chinese.csv</location>
      <location>VernacularNames-madreselva.csv</location>
      <location>VernacularNames-rumantsch-vallader.csv</location>
      <location>VernacularNames-pinyin.csv</location>
      <location>VernacularNames-atayal-taiwan.csv</location>
      <location>VernacularNames-abkhazian.csv</location>
      <location>VernacularNames-sicilian.csv</location>
      <location>VernacularNames-seychellois-creole.csv</location>
      <location>VernacularNames-uzbek.csv</location>
      <location>VernacularNames-mingrelian.csv</location>
      <location>VernacularNames-sowal-no-pangcah-taiwan.csv</location>
      <location>VernacularNames-djuka.csv</location>
      <location>VernacularNames-french-guianese-creole.csv</location>
      <location>VernacularNames-oyampi.csv</location>
      <location>VernacularNames-wayana.csv</location>
      <location>VernacularNames-saramaccan.csv</location>
      <location>VernacularNames-fula.csv</location>
      <location>VernacularNames-rusyn.csv</location>
      <location>VernacularNames-numee.csv</location>
      <location>VernacularNames-sakha.csv</location>
      <location>VernacularNames-manx-english-dialect.csv</location>
      <location>VernacularNames-warlpiri.csv</location>
      <location>VernacularNames-pintupi.csv</location>
      <location>VernacularNames-arrernte-dialects.csv</location>
      <location>VernacularNames-pitjantjatjara-dialect-of-wati.csv</location>
      <location>VernacularNames-zande.csv</location>
      <location>VernacularNames-xitsonga.csv</location>
      <location>VernacularNames-zhuang.csv</location>
      <location>VernacularNames-frisian.csv</location>
      <location>VernacularNames-greenlandic.csv</location>
      <location>VernacularNames-oshindonga.csv</location>
      <location>VernacularNames-waray-waray.csv</location>
      <location>VernacularNames-voro.csv</location>
      <location>VernacularNames-nynorsk.csv</location>
      <location>VernacularNames-oromo.csv</location>
      <location>VernacularNames-arpetan.csv</location>
      <location>VernacularNames-lak.csv</location>
      <location>VernacularNames-wailaki.csv</location>
      <location>VernacularNames-tigrinya.csv</location>
      <location>VernacularNames-alemannic.csv</location>
      <location>VernacularNames-samogitian.csv</location>
      <location>VernacularNames-maidu.csv</location>
      <location>VernacularNames-navaho.csv</location>
      <location>VernacularNames-extremaduran.csv</location>
      <location>VernacularNames-neapolitan.csv</location>
      <location>VernacularNames-bavarian.csv</location>
      <location>VernacularNames-aymara.csv</location>
      <location>VernacularNames-zaza.csv</location>
      <location>VernacularNames-newari.csv</location>
      <location>VernacularNames-miwok.csv</location>
      <location>VernacularNames-picard.csv</location>
      <location>VernacularNames-lower-sorbian.csv</location>
      <location>VernacularNames-old-church-slavonic.csv</location>
      <location>VernacularNames-western-punjabi.csv</location>
      <location>VernacularNames-silesian.csv</location>
      <location>VernacularNames-gujarati.csv</location>
      <location>VernacularNames-creole-english.csv</location>
      <location>VernacularNames-english-creole.csv</location>
      <location>VernacularNames-kanuri.csv</location>
      <location>VernacularNames-mixteco-de-yoloxochitl-guerrero.csv</location>
      <location>VernacularNames-piedmontese.csv</location>
      <location>VernacularNames-crimean-tatar.csv</location>
      <location>VernacularNames-corsican.csv</location>
      <location>VernacularNames-zazaki.csv</location>
      <location>VernacularNames-khoisan.csv</location>
      <location>VernacularNames-romany.csv</location>
      <location>VernacularNames-bislama.csv</location>
      <location>VernacularNames-sindhi.csv</location>
      <location>VernacularNames-circassian.csv</location>
      <location>VernacularNames-norman.csv</location>
      <location>VernacularNames-punjab.csv</location>
      <location>VernacularNames-old-english.csv</location>
      <location>VernacularNames-6-letter-flora-codes.csv</location>
      <location>VernacularNames-chi-shona.csv</location>
      <location>VernacularNames-veneto.csv</location>
      <location>VernacularNames-kongo.csv</location>
      <location>VernacularNames-tumbuka.csv</location>
      <location>VernacularNames-vascan-canadensys.csv</location>
      <location>VernacularNames-maithili.csv</location>
      <location>VernacularNames-lojban.csv</location>
      <location>VernacularNames-kalmyk.csv</location>
      <location>VernacularNames-upper-sorbian.csv</location>
      <location>VernacularNames-luba-kasai.csv</location>
      <location>VernacularNames-hiri-motu.csv</location>
      <location>VernacularNames-nandi.csv</location>
      <location>VernacularNames-northern-sami.csv</location>
      <location>VernacularNames-cahita.csv</location>
      <location>VernacularNames-ngarluma.csv</location>
      <location>VernacularNames-gagauz.csv</location>
      <location>VernacularNames-chewa.csv</location>
      <location>VernacularNames-sakizaya.csv</location>
      <location>VernacularNames-sranan-tongo.csv</location>
      <location>VernacularNames-aromanian.csv</location>
      <location>VernacularNames-taraskievica-belarusian-classical-orthography.csv</location>
      <location>VernacularNames-doteli.csv</location>
      <location>VernacularNames-wuu-chinese.csv</location>
      <location>VernacularNames-pomo.csv</location>
      <location>VernacularNames-usda-plant-code.csv</location>
      <location>VernacularNames-tshokwe.csv</location>
      <location>VernacularNames-misuku.csv</location>
      <location>VernacularNames-yana.csv</location>
      <location>VernacularNames-kundapura-kannada.csv</location>
      <location>VernacularNames-paiwan.csv</location>
      <location>VernacularNames-zeelandic.csv</location>
      <location>VernacularNames-hnahnu.csv</location>
      <location>VernacularNames-lombard.csv</location>
      <location>VernacularNames-l-number.csv</location>
      <location>VernacularNames-uyghur.csv</location>
      <location>VernacularNames-tuvinian.csv</location>
      <location>VernacularNames-jamaican-patois.csv</location>
      <location>VernacularNames-saterland-frisian.csv</location>
      <location>VernacularNames-rumanian.csv</location>
      <location>VernacularNames-aragonese.csv</location>
      <location>VernacularNames-lezghian.csv</location>
      <location>VernacularNames-novial.csv</location>
      <location>VernacularNames-zealandic.csv</location>
      <location>VernacularNames-low-saxon.csv</location>
      <location>VernacularNames-south-azerbaijani.csv</location>
      <location>VernacularNames-omaha-ponca.csv</location>
      <location>VernacularNames-hidatsa.csv</location>
      <location>VernacularNames-ho-chunk.csv</location>
      <location>VernacularNames-biloxi.csv</location>
      <location>VernacularNames-komi.csv</location>
      <location>VernacularNames-rundi.csv</location>
      <location>VernacularNames-tarantino.csv</location>
      <location>VernacularNames-mentawaian.csv</location>
      <location>VernacularNames-wayuu.csv</location>
      <location>VernacularNames-odia.csv</location>
      <location>VernacularNames-kim.csv</location>
      <location>VernacularNames-yei.csv</location>
      <location>VernacularNames-falkland-islands.csv</location>
      <location>VernacularNames-cunza.csv</location>
      <location>VernacularNames-iyahe-rocky-mountain-nakoda.csv</location>
      <location>VernacularNames-comorian.csv</location>
      <location>VernacularNames-adangme.csv</location>
      <location>VernacularNames-turkana.csv</location>
      <location>VernacularNames-krio.csv</location>
      <location>VernacularNames-soninke.csv</location>
      <location>VernacularNames-nupe.csv</location>
      <location>VernacularNames-pulaar.csv</location>
      <location>VernacularNames-volapuk.csv</location>
      <location>VernacularNames-ga.csv</location>
      <location>VernacularNames-creole-portuguese.csv</location>
      <location>VernacularNames-el-molo.csv</location>
      <location>VernacularNames-cameroon-pidgin.csv</location>
      <location>VernacularNames-susu.csv</location>
      <location>VernacularNames-kalaallisut.csv</location>
      <location>VernacularNames-agutaynen.csv</location>
      <location>VernacularNames-konkani.csv</location>
      <location>VernacularNames-ngwaketse.csv</location>
      <location>VernacularNames-ju-hoan.csv</location>
      <location>VernacularNames-rukwangali.csv</location>
      <location>VernacularNames-rumanyo.csv</location>
      <location>VernacularNames-hawaiian-creole.csv</location>
      <location>VernacularNames-atikamekw.csv</location>
      <location>VernacularNames-avaric.csv</location>
      <location>VernacularNames-bantu.csv</location>
      <location>VernacularNames-sabahan.csv</location>
      <location>VernacularNames-kashubian.csv</location>
      <location>VernacularNames-kashmiri.csv</location>
      <location>VernacularNames-dcui-khoe-khwe-dialect.csv</location>
      <location>VernacularNames-pedi.csv</location>
      <location>VernacularNames-khwe-naro.csv</location>
      <location>VernacularNames-shekgalahari.csv</location>
      <location>VernacularNames-khwe.csv</location>
      <location>VernacularNames-n-ko.csv</location>
      <location>VernacularNames-kabyle.csv</location>
      <location>VernacularNames-njanja.csv</location>
      <location>VernacularNames-iraqw.csv</location>
      <location>VernacularNames-lingala.csv</location>
      <location>VernacularNames-kxoe.csv</location>
      <location>VernacularNames-ru-kwangali.csv</location>
      <location>VernacularNames-thimbukushu.csv</location>
      <location>VernacularNames-ju-hoan.csv</location>
      <location>VernacularNames-ju-hoan.csv</location>
      <location>VernacularNames-jawe.csv</location>
      <location>VernacularNames-mauritian-creole.csv</location>
      <location>VernacularNames-himba.csv</location>
      <location>VernacularNames-chonyi.csv</location>
      <location>VernacularNames-barakwengo.csv</location>
      <location>VernacularNames-heikum.csv</location>
      <location>VernacularNames-eunda.csv</location>
      <location>VernacularNames-borana.csv</location>
      <location>VernacularNames-chwabo.csv</location>
      <location>VernacularNames-arusha.csv</location>
      <location>VernacularNames-mbundu.csv</location>
      <location>VernacularNames-kwaluudhi.csv</location>
      <location>VernacularNames-lobedu.csv</location>
      <location>VernacularNames-chopi.csv</location>
      <location>VernacularNames-koba.csv</location>
      <location>VernacularNames-mbalantu.csv</location>
      <location>VernacularNames-zaramo.csv</location>
      <location>VernacularNames-thonga.csv</location>
      <location>VernacularNames-pokot.csv</location>
      <location>VernacularNames-vasekele.csv</location>
      <location>VernacularNames-ronga.csv</location>
      <location>VernacularNames-ngandjera.csv</location>
      <location>VernacularNames-rotse.csv</location>
      <location>VernacularNames-norekau.csv</location>
      <location>VernacularNames-tsua.csv</location>
      <location>VernacularNames-nkumbi.csv</location>
      <location>VernacularNames-tjimba.csv</location>
      <location>VernacularNames-sebei.csv</location>
      <location>VernacularNames-shambyu.csv</location>
      <location>VernacularNames-bisa.csv</location>
      <location>VernacularNames-chindau.csv</location>
      <location>VernacularNames-truku-taiwan.csv</location>
      <location>VernacularNames-auen.csv</location>
      <location>VernacularNames-k-au-en.csv</location>
      <location>VernacularNames-corsu.csv</location>
      <location>VernacularNames-tlhokwa.csv</location>
      <location>VernacularNames-kgatla.csv</location>
      <location>VernacularNames-g-wi.csv</location>
      <location>VernacularNames-ba-yei.csv</location>
      <location>VernacularNames-xoon.csv</location>
      <location>VernacularNames-ju-hoan.csv</location>
      <location>VernacularNames-g-ui.csv</location>
      <location>VernacularNames-moksha.csv</location>
      <location>VernacularNames-catawba.csv</location>
      <location>VernacularNames-gorontalo.csv</location>
      <location>VernacularNames-minankabau.csv</location>
      <location>VernacularNames-jula.csv</location>
      <location>VernacularNames-algonquian.csv</location>
      <location>VernacularNames-wao-terero.csv</location>
      <location>VernacularNames-bajaw.csv</location>
      <location>VernacularNames-khomani.csv</location>
      <location>VernacularNames-klallam.csv</location>
      <location>VernacularNames-makah.csv</location>
      <location>VernacularNames-kunza.csv</location>
      <location>VernacularNames-sarawak.csv</location>
      <location>VernacularNames-ovambo.csv</location>
      <location>VernacularNames-abaga.csv</location>
      <location>VernacularNames-abenaki.csv</location>
      <location>VernacularNames-acehnese.csv</location>
      <location>VernacularNames-nahuatl-de-cuentepec.csv</location>
      <location>VernacularNames-hopi.csv</location>
      <location>VernacularNames-amis.csv</location>
      <location>VernacularNames-alyutor.csv</location>
      <location>VernacularNames-aou-6-letter-codes.csv</location>
      <location>VernacularNames-ita.csv</location>
      <location>VernacularNames-kara-kalpak.csv</location>
      <location>VernacularNames-karuk.csv</location>
      <location>VernacularNames-mazanderani.csv</location>
      <location>VernacularNames-pampanga.csv</location>
      <location>VernacularNames-mirandese.csv</location>
      <location>VernacularNames-nguu.csv</location>
      <location>VernacularNames-kwe.csv</location>
      <location>VernacularNames-pare.csv</location>
      <location>VernacularNames-nyaturu.csv</location>
      <location>VernacularNames-matengo.csv</location>
      <location>VernacularNames-toka.csv</location>
      <location>VernacularNames-aleut.csv</location>
      <location>VernacularNames-igbo.csv</location>
      <location>VernacularNames-tawana.csv</location>
      <location>VernacularNames-nsenga.csv</location>
      <location>VernacularNames-aotearoa-new-zealand-bilingual-maori-and-english.csv</location>
      <location>VernacularNames-kaxinawa.csv</location>
      <location>VernacularNames-pamona.csv</location>
      <location>VernacularNames-church-slavic.csv</location>
      <location>VernacularNames-guarani.csv</location>
      <location>VernacularNames-schwyzerdutsch.csv</location>
      <location>VernacularNames-cape-verdean-creole.csv</location>
      <location>VernacularNames-cornish.csv</location>
      <location>VernacularNames-latgalian.csv</location>
      <location>VernacularNames-chinese-min-nan.csv</location>
      <location>VernacularNames-miskito.csv</location>
      <location>VernacularNames-komoro.csv</location>
      <location>VernacularNames-sranan.csv</location>
      <location>VernacularNames-mende.csv</location>
      <location>VernacularNames-iban.csv</location>
      <location>VernacularNames-marquesan.csv</location>
      <location>VernacularNames-chilungu.csv</location>
      <location>VernacularNames-erzya.csv</location>
      <location>VernacularNames-pohnpeian.csv</location>
      <location>VernacularNames-turkmen.csv</location>
      <location>VernacularNames-pije.csv</location>
      <location>VernacularNames-slovencina.csv</location>
      <location>VernacularNames-korana.csv</location>
      <location>VernacularNames-antillean-creole.csv</location>
      <location>VernacularNames-n-uu.csv</location>
      <location>VernacularNames-kiowa.csv</location>
      <location>VernacularNames-dogon.csv</location>
      <location>VernacularNames-fulfulde.csv</location>
      <location>VernacularNames-itzmal.csv</location>
      <location>VernacularNames-haida.csv</location>
      <location>VernacularNames-maninke.csv</location>
      <location>VernacularNames-cre.csv</location>
      <location>VernacularNames-new-zealand.csv</location>
      <location>VernacularNames-tewa.csv</location>
      <location>VernacularNames-chokwe.csv</location>
      <location>VernacularNames-palicur.csv</location>
      <location>VernacularNames-kalorgu.csv</location>
      <location>VernacularNames-acholi.csv</location>
      <location>VernacularNames-luo.csv</location>
      <location>VernacularNames-fingo.csv</location>
      <location>VernacularNames-yaqui.csv</location>
      <location>VernacularNames-cajun-french.csv</location>
      <location>VernacularNames-birwa.csv</location>
      <location>VernacularNames-tiwi.csv</location>
      <location>VernacularNames-miami.csv</location>
      <location>VernacularNames-roviana.csv</location>
      <location>VernacularNames-mutsun.csv</location>
      <location>VernacularNames-rumsen.csv</location>
      <location>VernacularNames-bini.csv</location>
      <location>VernacularNames-bende.csv</location>
      <location>VernacularNames-tsimshian.csv</location>
      <location>VernacularNames-nyika.csv</location>
      <location>VernacularNames-fwe.csv</location>
      <location>VernacularNames-shanjo.csv</location>
      <location>VernacularNames-nkoya.csv</location>
      <location>VernacularNames-mwenyi.csv</location>
      <location>VernacularNames-mbwera.csv</location>
      <location>VernacularNames-luyi.csv</location>
      <location>VernacularNames-mbunda.csv</location>
      <location>VernacularNames-mazunte.csv</location>
      <location>VernacularNames-gciriku.csv</location>
      <location>VernacularNames-ban-lam-gu.csv</location>
      <location>VernacularNames-kwambi.csv</location>
      <location>VernacularNames-creole.csv</location>
      <location>VernacularNames-lingua-franca-nova.csv</location>
      <location>VernacularNames-min-chinese.csv</location>
      <location>VernacularNames-komi-permyak.csv</location>
      <location>VernacularNames-nkolonkadhi.csv</location>
      <location>VernacularNames-wyandot.csv</location>
      <location>VernacularNames-chinuk-wawa.csv</location>
      <location>VernacularNames-nambya.csv</location>
      <location>VernacularNames-mon.csv</location>
      <location>VernacularNames-rapa.csv</location>
      <location>VernacularNames-kotava.csv</location>
      <location>VernacularNames-nisenan.csv</location>
      <location>VernacularNames-triqui.csv</location>
      <location>VernacularNames-opata.csv</location>
      <location>VernacularNames-shambaa.csv</location>
      <location>VernacularNames-pokomo.csv</location>
      <location>VernacularNames-nyakusa.csv</location>
      <location>VernacularNames-ngoni.csv</location>
      <location>VernacularNames-mahiwa.csv</location>
      <location>VernacularNames-kami.csv</location>
      <location>VernacularNames-koch.csv</location>
      <location>VernacularNames-makonde.csv</location>
      <location>VernacularNames-giriana.csv</location>
      <location>VernacularNames-amu.csv</location>
      <location>VernacularNames-chigogo.csv</location>
      <location>VernacularNames-maya-q-eqchi.csv</location>
      <location>VernacularNames-sahaptin.csv</location>
      <location>VernacularNames-fij.csv</location>
      <location>VernacularNames-simbukushu.csv</location>
      <location>VernacularNames-opo.csv</location>
      <location>VernacularNames-kwak-wala.csv</location>
      <location>VernacularNames-sebirwa.csv</location>
      <location>VernacularNames-mampruli.csv</location>
      <location>VernacularNames-rukai.csv</location>
      <location>VernacularNames-aborigenal.csv</location>
      <location>VernacularNames-kaili.csv</location>
      <location>VernacularNames-kwamashi.csv</location>
      <location>VernacularNames-kwamulonga.csv</location>
      <location>VernacularNames-tongwe.csv</location>
      <location>VernacularNames-from-botswana.csv</location>
      <location>VernacularNames-alutiiq.csv</location>
      <location>VernacularNames-changana.csv</location>
      <location>VernacularNames-old-prussian.csv</location>
      <location>VernacularNames-bozo.csv</location>
      <location>VernacularNames-buduma.csv</location>
      <location>VernacularNames-bata.csv</location>
      <location>VernacularNames-dama.csv</location>
      <location>VernacularNames-jukun-takum.csv</location>
      <location>VernacularNames-mambai.csv</location>
      <location>VernacularNames-mandinka.csv</location>
      <location>VernacularNames-ngombe.csv</location>
      <location>VernacularNames-lwena.csv</location>
      <location>VernacularNames-moore.csv</location>
      <location>VernacularNames-bunuba.csv</location>
      <location>VernacularNames-kirghiz.csv</location>
      <location>VernacularNames-nyikina.csv</location>
      <location>VernacularNames-walmajarri.csv</location>
      <location>VernacularNames-g-ana.csv</location>
      <location>VernacularNames-banton.csv</location>
      <location>VernacularNames-boni.csv</location>
      <location>VernacularNames-akan.csv</location>
      <location>VernacularNames-kanembu.csv</location>
      <location>VernacularNames-gwich-in.csv</location>
      <location>VernacularNames-nuuchahnulth.csv</location>
      <location>VernacularNames-tuvaluan.csv</location>
      <location>VernacularNames-serer.csv</location>
      <location>VernacularNames-vili.csv</location>
      <location>VernacularNames-swazi.csv</location>
      <location>VernacularNames-kosraean.csv</location>
      <location>VernacularNames-bube.csv</location>
      <location>VernacularNames-magindanaon.csv</location>
      <location>VernacularNames-tobian.csv</location>
      <location>VernacularNames-tayal.csv</location>
      <location>VernacularNames-inari-sami.csv</location>
      <location>VernacularNames-dagbani.csv</location>
      <location>VernacularNames-reunion-creole.csv</location>
      <location>VernacularNames-nemi.csv</location>
      <location>VernacularNames-tosk-albanian.csv</location>
      <location>VernacularNames-western-armenian.csv</location>
      <location>VernacularNames-dominican-creole-french.csv</location>
      <location>VernacularNames-bolinao.csv</location>
      <location>VernacularNames-shan.csv</location>
      <location>VernacularNames-sango.csv</location>
      <location>VernacularNames-duala.csv</location>
      <location>VernacularNames-izon.csv</location>
      <location>VernacularNames-skolt-sami.csv</location>
      <location>VernacularNames-southern-altai.csv</location>
      <location>VernacularNames-adyghe.csv</location>
      <location>VernacularNames-ladin.csv</location>
      <location>VernacularNames-aramaic.csv</location>
      <location>VernacularNames-bishnupriya.csv</location>
      <location>VernacularNames-luchazi.csv</location>
      <location>VernacularNames-tashelhit.csv</location>
      <location>VernacularNames-gothic.csv</location>
      <location>VernacularNames-gilaki.csv</location>
      <location>VernacularNames-literary-chinese.csv</location>
      <location>VernacularNames-sibuya.csv</location>
      <location>VernacularNames-gungu.csv</location>
      <location>VernacularNames-temne.csv</location>
      <location>VernacularNames-anishnaabemowin.csv</location>
      <location>VernacularNames-cofan.csv</location>
      <location>VernacularNames-huaorani.csv</location>
      <location>VernacularNames-shuar.csv</location>
      <location>VernacularNames-siona.csv</location>
      <location>VernacularNames-achuar.csv</location>
      <location>VernacularNames-secoya.csv</location>
      <location>VernacularNames-hassaniya-arabic.csv</location>
      <location>VernacularNames-songola.csv</location>
      <location>VernacularNames-gosiute.csv</location>
      <location>VernacularNames-lakota.csv</location>
      <location>VernacularNames-forro-creole.csv</location>
      <location>VernacularNames-cotabato-chavacano.csv</location>
      <location>VernacularNames-pima.csv</location>
      <location>VernacularNames-nubi.csv</location>
      <location>VernacularNames-nyduka.csv</location>
      <location>VernacularNames-belizean-creole.csv</location>
      <location>VernacularNames-gui.csv</location>
      <location>VernacularNames-limba.csv</location>
      <location>VernacularNames-carib.csv</location>
      <location>VernacularNames-canarian.csv</location>
      <location>VernacularNames-mi-kmaw.csv</location>
      <location>VernacularNames-ku-e.csv</location>
      <location>VernacularNames-seroa.csv</location>
      <location>VernacularNames-ga-ne.csv</location>
      <location>VernacularNames-mpondo.csv</location>
      <location>VernacularNames-wa-chaga.csv</location>
      <location>VernacularNames-luvale.csv</location>
      <location>VernacularNames-dusun.csv</location>
      <location>VernacularNames-yuwaalayaay.csv</location>
      <location>VernacularNames-chindali.csv</location>
      <location>VernacularNames-yanomami.csv</location>
      <location>VernacularNames-ganda.csv</location>
      <location>VernacularNames-tharu.csv</location>
      <location>VernacularNames-alyawarr.csv</location>
      <location>VernacularNames-ophrys-sphegodes-passionis-x-provincialis.csv</location>
      <location>VernacularNames-arawakan.csv</location>
      <location>VernacularNames-chagga.csv</location>
      <location>VernacularNames-marakwet.csv</location>
      <location>VernacularNames-orma.csv</location>
      <location>VernacularNames-rendille.csv</location>
      <location>VernacularNames-ndorobo.csv</location>
      <location>VernacularNames-bajuni.csv</location>
      <location>VernacularNames-samburu.csv</location>
      <location>VernacularNames-ilwana.csv</location>
      <location>VernacularNames-tiriki.csv</location>
      <location>VernacularNames-daasanach.csv</location>
      <location>VernacularNames-duruma.csv</location>
      <location>VernacularNames-embu.csv</location>
      <location>VernacularNames-njemps.csv</location>
      <location>VernacularNames-taveta.csv</location>
      <location>VernacularNames-nengone.csv</location>
      <location>VernacularNames-elgon.csv</location>
      <location>VernacularNames-gusii.csv</location>
      <location>VernacularNames-gullah.csv</location>
      <location>VernacularNames-michif.csv</location>
      <location>VernacularNames-sasak.csv</location>
      <location>VernacularNames-bihari.csv</location>
      <location>VernacularNames-futunan.csv</location>
      <location>VernacularNames-inupiaq.csv</location>
      <location>VernacularNames-khanty.csv</location>
      <location>VernacularNames-sandawi.csv</location>
      <location>VernacularNames-pidgin-hawaiian.csv</location>
      <location>VernacularNames-norfuk.csv</location>
      <location>VernacularNames-yokohama-pidgin-japanese.csv</location>
      <location>VernacularNames-yilan-creole.csv</location>
      <location>VernacularNames-bonin-english.csv</location>
      <location>VernacularNames-pijin.csv</location>
      <location>VernacularNames-iwaidja.csv</location>
      <location>VernacularNames-singlish.csv</location>
      <location>VernacularNames-dogri.csv</location>
      <location>VernacularNames-luganda.csv</location>
      <location>VernacularNames-berbice-dutch.csv</location>
      <location>VernacularNames-mobilian-jargon.csv</location>
      <location>VernacularNames-eskimo-jargon.csv</location>
      <location>VernacularNames-karelian.csv</location>
      <location>VernacularNames-o-odham.csv</location>
      <location>VernacularNames-o-odham.csv</location>
      <location>VernacularNames-tuvan.csv</location>
      <location>VernacularNames-digor-ossetian.csv</location>
      <location>VernacularNames-chikunda.csv</location>
      <location>VernacularNames-lamba.csv</location>
      <location>VernacularNames-mzimba.csv</location>
      <location>VernacularNames-khakas.csv</location>
      <location>VernacularNames-passamaquoddy.csv</location>
      <location>VernacularNames-kunama.csv</location>
      <location>VernacularNames-hidareb.csv</location>
      <location>VernacularNames-bilen.csv</location>
      <location>VernacularNames-afar.csv</location>
      <location>VernacularNames-saho.csv</location>
      <location>VernacularNames-tigre.csv</location>
      <location>VernacularNames-ontario-plant-codes.csv</location>
      <location>VernacularNames-cadigal.csv</location>
      <location>VernacularNames-jersey-french.csv</location>
      <location>VernacularNames-interslavic.csv</location>
      <location>VernacularNames-taabwa.csv</location>
      <location>VernacularNames-tiv.csv</location>
      <location>VernacularNames-hokkien.csv</location>
      <location>VernacularNames-otjihimba.csv</location>
      <location>VernacularNames-sesfontein-damara.csv</location>
      <location>VernacularNames-sifwe.csv</location>
      <location>VernacularNames-chitotela.csv</location>
      <location>VernacularNames-chifwe.csv</location>
      <location>VernacularNames-mbalangwe.csv</location>
      <location>VernacularNames-cisubiya.csv</location>
      <location>VernacularNames-muanha.csv</location>
      <location>VernacularNames-nyungwe.csv</location>
      <location>VernacularNames-quimbundu.csv</location>
      <location>VernacularNames-cassange.csv</location>
      <location>VernacularNames-cewa.csv</location>
      <location>VernacularNames-manganja.csv</location>
      <location>VernacularNames-quimbundo.csv</location>
      <location>VernacularNames-quissange.csv</location>
      <location>VernacularNames-cazumbo.csv</location>
      <location>VernacularNames-biballa.csv</location>
      <location>VernacularNames-enan.csv</location>
      <location>VernacularNames-peridea-moorei-ochreipennis.csv</location>
      <location>VernacularNames-kumeyaay.csv</location>
      <location>VernacularNames-taa.csv</location>
      <location>VernacularNames-guaymi.csv</location>
      <location>VernacularNames-spa.csv</location>
      <location>VernacularNames-gumbaynggirr.csv</location>
      <location>VernacularNames-kunda.csv</location>
      <location>VernacularNames-goro.csv</location>
      <location>VernacularNames-tritesia-florigera.csv</location>
      <location>VernacularNames-achumawi.csv</location>
      <location>VernacularNames-aotearoa-new-zealand-bilingual-english-and-maori.csv</location>
      <location>VernacularNames-kaytetye.csv</location>
      <location>VernacularNames-galoa.csv</location>
      <location>VernacularNames-aizi.csv</location>
      <location>VernacularNames-adioukrou.csv</location>
      <location>VernacularNames-efik.csv</location>
      <location>VernacularNames-jola-fonyi.csv</location>
      <location>VernacularNames-nzema.csv</location>
      <location>VernacularNames-south-sotho.csv</location>
      <location>VernacularNames-peul.csv</location>
      <location>VernacularNames-olkola.csv</location>
      <location>VernacularNames-wampar.csv</location>
      <location>VernacularNames-bwa.csv</location>
      <location>VernacularNames-senufo.csv</location>
      <location>VernacularNames-minyanka.csv</location>
      <location>VernacularNames-xaasongaxango.csv</location>
      <location>VernacularNames-bobo.csv</location>
      <location>VernacularNames-malinke.csv</location>
      <location>VernacularNames-moore.csv</location>
      <location>VernacularNames-yidindji.csv</location>
      <location>VernacularNames-siksika.csv</location>
      <location>VernacularNames-seboloonwe.csv</location>
      <location>VernacularNames-toki-pona.csv</location>
      <location>VernacularNames-author-publication-year.csv</location>
      <location>VernacularNames-ladakhi.csv</location>
      <location>VernacularNames-chumash.csv</location>
      <location>VernacularNames-lukafu.csv</location>
      <location>VernacularNames-cultivar-name-according-to-the-icncp.csv</location>
      <location>VernacularNames-zigua.csv</location>
      <location>VernacularNames-juhoansi.csv</location>
      <location>VernacularNames-songhay.csv</location>
      <location>VernacularNames-maninka.csv</location>
      <location>VernacularNames-tamasheq.csv</location>
      <location>VernacularNames-unami.csv</location>
      <location>VernacularNames-senoufo.csv</location>
      <location>VernacularNames-qazaq.csv</location>
      <location>VernacularNames-great-andamanese.csv</location>
      <location>VernacularNames-chukot.csv</location>
      <location>VernacularNames-tr.csv</location>
      <location>VernacularNames-ger.csv</location>
      <location>VernacularNames-appalachian-english.csv</location>
      <location>VernacularNames-tsuut-ina.csv</location>
      <location>VernacularNames-romani.csv</location>
      <location>VernacularNames-ancient-egyptian-hieroglyphic.csv</location>
    </files>
    <coreid index="0"/>
    <field index="0" term="id"/>
    <field index="1" term="http://rs.tdwg.org/dwc/terms/vernacularName"/>
    <field index="2" term="http://purl.org/dc/terms/language"/>
    <field index="3" term="http://rs.tdwg.org/dwc/terms/locality"/>
    <field index="4" term="http://rs.tdwg.org/dwc/terms/countryCode"/>
    <field index="5" term="http://purl.org/dc/terms/source"/>
    <field index="6" term="https://www.inaturalist.org/terms/lexicon"/>
    <field index="7" term="http://purl.org/dc/elements/1.1/contributor"/>
    <field index="8" term="http://purl.org/dc/terms/created"/>
  </extension>
</archive>
