id,vernacularName,language,locality,countryCode,source,lexicon,contributor,created
354106,Kolla,kn,"","",http://www.catalogueoflife.org/annual-checklist/2012/details/species/id/10057954/common/175744,Kannada,,2014-04-17T16:25:04Z
472346,Balarakshi gida,kn,"","",,Kannada,Chandan Pandey,2015-08-19T08:48:21Z
170044,Kadu bende,kn,"","",,Kannada,Chandan Pandey,2015-09-02T10:02:09Z
164527,alavibija,kn,"","",,Kannada,Chandan Pandey,2015-09-11T11:01:50Z
355675,ಕಶೇರುಕ,kn,"","",,Kannada,John E. Christensen,2017-12-06T09:22:35Z
51921,ಮುಟ್ಟಿದರೆ ಮುನಿ,kn,"","",,Kannada,John E. Christensen,2018-02-06T16:01:14Z
53052,ಸೊಂಪು,kn,"","",,Kannada,John E. Christensen,2018-02-15T09:16:14Z
56955,ಸೂರ್ಯಕಾಂತಿ,kn,"","",,Kannada,John E. Christensen,2018-04-24T08:39:21Z
47429,ಉಭಯ ನರಹುರಿ ಪ್ರಾಣಿಗಳು,kn,"","",,Kannada,John E. Christensen,2018-05-02T14:16:11Z
53492,ಚೀನೀ ನಾಗರ,kn,"","",,Kannada,John E. Christensen,2018-07-04T14:13:35Z
333586,ಎರೆಹುಳು,kn,"","",,Kannada,John E. Christensen,2018-07-11T14:11:02Z
107190,Chamari,kn,"","",http://www.catalogueoflife.org/annual-checklist/details/species/id/10066247/common/223918,Kannada,,2018-07-25T23:58:22Z
130793,ಹುಲಿ,kn,"","",,Kannada,harshithjv,2018-08-23T05:16:38Z
39415,ಉಡ,kn,"","",,Kannada,harshithjv,2018-08-23T05:31:09Z
26258,ಗೋಂಕರು ಕಪ್ಪೆ,kn,"Karnataka, IN","",,Kannada,harshithjv,2018-08-25T19:29:40Z
68530,ತಗಡು ಹಪ್ಪಟೆ ಹಾವು,kn,"","",,Kannada,harshithjv,2018-08-26T09:07:48Z
68530,ಉಬ್ಬು ಮೂಗಿನ ಮಂಡಲ,kn,"","",,Kannada,harshithjv,2018-08-26T09:08:29Z
68530,ತೌಡು ಹಪ್ಪಟೆ ಹಾವು,kn,"","",,Kannada,harshithjv,2018-08-26T09:09:10Z
32150,ಹೆಬ್ಬಾವು,kn,"Karnataka, IN | Kasaragod, KL, IN","",,Kannada,harshithjv,2018-08-26T09:11:31Z
30687,ಕನ್ನಡಿ ಹಾವು,kn,"","",,Kannada,harshithjv,2018-08-26T09:13:01Z
8031,ಕಾಗೆ,kn,"","",,Kannada,harshithjv,2018-09-06T04:04:34Z
18911,ಗಿಳಿ,kn,"","",,Kannada,harshithjv,2018-09-06T04:07:17Z
41618,ಪುನುಗು ಬೆಕ್ಕು,kn,"","",,Kannada,harshithjv,2018-09-06T04:14:35Z
41797,ಮರಬೆಕ್ಕು,kn,"","",,Kannada,harshithjv,2018-09-06T04:17:25Z
319218,ಬಿಲಿಂಬಿ,kn,"Karnataka, IN","",,Kannada,harshithjv,2018-09-25T05:41:57Z
348016,ಮಿಡತೆ,kn,"","",,Kannada,harshithjv,2018-10-22T06:52:51Z
700600,ಮಿಡತೆ,kn,"","",,Kannada,harshithjv,2018-10-22T06:53:22Z
19350,ಗೂಬೆ,kn,"","",,Kannada,harshithjv,2018-10-24T04:34:58Z
19350,ಗೂಗೆ,kn,"","",,Kannada,harshithjv,2018-10-24T04:38:44Z
33177,ಹಲ್ಲಿ,kn,"","",,Kannada,harshithjv,2018-11-08T05:31:10Z
41893,ಮುಂಗುಸಿ,kn,"","",,Kannada,John E. Christensen,2018-11-27T09:21:44Z
47170,ಶಿಲೀಂಧ್ರ,kn,"","",,Kannada,John E. Christensen,2019-04-03T13:20:02Z
1199,ನವಿಲು,kn,"","",,Kannada,John E. Christensen,2019-04-13T07:55:11Z
82814,ಕಮಲ,kn,"","",,Kannada,John E. Christensen,2019-05-05T10:41:55Z
43367,ಪ್ರೈಮೇಟ್,kn,"","",,Kannada,John E. Christensen,2019-05-11T11:15:56Z
344178,ಕನಕಾಂಬರ,kn,"Karnataka, IN","",,Kannada,harshithjv,2019-07-14T10:01:16Z
123745,ಕರಿಬೇವು ಸೊಪ್ಪು ಮರ,kn,"Karnataka, IN","",,Kannada,harshithjv,2019-07-14T10:15:13Z
123745,ಬೈಸೊಪ್ಪು ಮರ,kn,"Karnataka, IN","",,Kannada,harshithjv,2019-07-14T10:16:11Z
369990,ತುಂಬೆ,kn,"Karnataka, IN","",,Kannada,harshithjv,2019-07-14T10:49:42Z
160294,ಒಂದೆಲಗ,kn,"Karnataka, IN","",,Kannada,harshithjv,2019-07-14T10:56:57Z
160294,ತಂಬುಳಿ ಗಿಡ,kn,"","",,Kannada,harshithjv,2019-07-14T10:58:34Z
160294,ಬ್ರಾಹ್ಮಿ ಸೊಪ್ಪು,kn,"","",,Kannada,harshithjv,2019-07-14T11:01:27Z
160294,ಗದ್ದೆ ಬರಗ,kn,"","",,Kannada,harshithjv,2019-07-14T11:01:40Z
160294,ಇಲಿಕಿವಿ ಸೊಪ್ಪು,kn,"","",,Kannada,harshithjv,2019-07-14T11:01:53Z
160294,ಸರಸ್ವತಿ ಸೊಪ್ಪು,kn,"","",,Kannada,harshithjv,2019-07-14T11:02:07Z
122835,ಕೆಸವೆದಂತು,kn,"","",,Kannada,harshithjv,2019-07-14T12:35:43Z
122835,ಕೇಶವನಗದ್ದೆ,kn,"","",,Kannada,harshithjv,2019-07-14T12:36:15Z
160259,ಅಣ್ಣೆ ಸೊಪ್ಪು,kn,"","",,Kannada,harshithjv,2019-07-23T19:19:10Z
26654,ಮರ ಗೌರಿ,kn,"","",,Kannada,harshithjv,2019-07-27T13:16:18Z
26654,ಮರಮರಿ,kn,"","",,Kannada,harshithjv,2019-07-27T13:16:59Z
26654,ಕಂಚು ಬೆನ್ನಿನ ಹಾವು,kn,"","",,Kannada,harshithjv,2019-07-27T13:17:30Z
852208,ಅಗ್ನಿ ಮಂತ,kn,"","",,Kannada,harshithjv,2019-08-04T10:04:19Z
505478,ಕೋಳಿ,kn,"","",,Kannada,John E. Christensen,2019-12-11T15:28:41Z
28679,ಕೃಷ್ಣ ಸರ್ಪ,kn,"Dakshina Kannada, KA, IN | Udupi, KA, IN | Kasaragod, KL, IN","",,Kannada,harshithjv,2019-12-24T07:20:14Z
118903,ಗೆದ್ದಲು,kn,"","",,Kannada,harshithjv,2019-12-28T14:51:31Z
7018,ಬೂದು ಹೆಬ್ಬಾತು,kn,"","",,Kannada,harshithjv,2020-01-27T14:28:13Z
7008,ಪಟ್ಟೆ ತಲೆ ಹೆಬ್ಬಾತು,kn,"","",,Kannada,harshithjv,2020-01-27T14:28:41Z
558429,ಬಿಳಿ ಹುಬ್ಬಿನ ಬಾತು,kn,"","",,Kannada,harshithjv,2020-01-27T14:29:06Z
7045,ಕಂದುತಲೆ ಬಾತು,kn,"","",,Kannada,harshithjv,2020-01-27T14:29:24Z
7122,ಕೆಂಪುತಲೆ ಬಾತು,kn,"","",,Kannada,harshithjv,2020-01-27T14:29:52Z
131236,ವೈರಸ್ಗಳು,kn,"","",,Kannada,James K. Douch,2020-02-23T02:56:54Z
14591,ಪಿಕಳಾರ,kn,"","",,Kannada,harshithjv,2020-04-25T16:33:51Z
14591,ಕೆಮ್ಮಿಸೆ ಪಿಕಳಾರ,kn,"Karnataka, IN","",,Kannada,harshithjv,2020-04-25T16:34:26Z
764793,ಕುದುರೆಬಾಲದ ಗಿಡ,kn,"","",,Kannada,John E. Christensen,2020-05-11T12:33:01Z
122099,ಗುಲಗುಂಜಿ,kn,"","",,Kannada,harshithjv,2020-07-10T13:12:28Z
1076093,Boda bakka,kn,"","",,Kannada,Kitty Maurey,2020-07-16T13:02:37Z
1076093,Naragonji,kn,"","",,Kannada,Kitty Maurey,2020-07-16T13:03:03Z
189179,"ಹಾಲೆ ಮರ [Haaley, Hale]",kn,"Karnataka, IN","",,Kannada,harshithjv,2020-07-19T15:22:48Z
115526,Alankratha haavu,kn,"Karnataka, IN","",,Kannada,Chayant Gonsalves,2020-10-09T09:54:25Z
1148606,Nari Bikki,kn,"","",,Kannada,Kitty Maurey,2020-11-04T23:32:09Z
1148606,Kal Bikki,kn,"","",,Kannada,Kitty Maurey,2020-11-04T23:32:30Z
347793,ಮದರಾಸ್ ನೆಲ್ಲಿ,kn,"","",,Kannada,Yann Kemper,2020-12-06T09:26:32Z
68235,ಹೆಮಿಕಾರ್ಡೇಟಾ,kn,"","",,Kannada,John E. Christensen,2021-01-01T16:00:10Z
47903,ಕಳ್ಳಿ ಗಿಡ,kn,"","",,Kannada,John E. Christensen,2021-02-10T16:17:13Z
1203460,Karaveru,kn,"","",https://www.inaturalist.org/taxon_names/757401/edit,Kannada,,2021-02-24T12:07:23Z
13273,ಸೂರಕ್ಕಿ,kn,"Karnataka, IN","",,Kannada,harshithjv,2021-02-25T04:58:31Z
193609,ಗೋಕಂಟಕ [Gokantaka],kn,"","",,Kannada,harshithjv,2021-04-03T05:52:32Z
193609,ಗೋಕ್ಷುರ [Gokshura],kn,"","",,Kannada,harshithjv,2021-04-03T05:52:51Z
193609,ಕೊಳವಳಿಕೆ [Kolavalike],kn,"","",,Kannada,harshithjv,2021-04-03T05:53:11Z
193609,ಕೊಳಗುಳಿಕೆ [Kolagulike],kn,"","",,Kannada,harshithjv,2021-04-03T05:53:30Z
193609,ಕೊಳವಂಕೆ [Kolavanke],kn,"","",,Kannada,harshithjv,2021-04-03T05:53:50Z
190647,ಬೋಳದರಗ,kn,"","",,Kannada,Subhajit Roy,2021-06-28T19:15:18Z
100146,Kolaji,kn,"","",http://www.catalogueoflife.org/annual-checklist/details/species/id/10073169/common/40765,Kannada,,2021-07-15T12:15:01Z
96990,Kolaji,kn,"","",http://www.catalogueoflife.org/annual-checklist/details/species/id/10073038/common/61274,Kannada,,2021-07-15T12:15:02Z
100111,Kolaji,kn,"","",http://www.catalogueoflife.org/annual-checklist/details/species/id/10073135/common/42174,Kannada,Victor HOYEAU,2021-07-15T12:15:02Z
100116,Kolaji,kn,"","",http://www.catalogueoflife.org/annual-checklist/details/species/id/10073140/common/41973,Kannada,,2021-07-15T12:15:02Z
94389,Kudian,kn,"","",http://www.catalogueoflife.org/annual-checklist/details/species/id/10062244/common/156858,Kannada,,2021-07-15T12:47:39Z
94390,Kudian,kn,"","",http://www.catalogueoflife.org/annual-checklist/details/species/id/10062245/common/156797,Kannada,,2021-07-15T12:47:40Z
94389,Moogumalli,kn,"","",http://www.catalogueoflife.org/annual-checklist/details/species/id/10062244/common/156853,Kannada,,2021-07-15T12:47:49Z
107889,Jilebi,kn,"","",http://www.catalogueoflife.org/annual-checklist/details/species/id/10067864/common/96896,Kannada,,2021-07-15T15:01:58Z
128274,Belli-gende,kn,"","",http://www.catalogueoflife.org/annual-checklist/details/species/id/10059694/common/257269,Kannada,,2021-07-15T15:25:11Z
130886,Belli-gende,kn,"","",http://www.catalogueoflife.org/annual-checklist/details/species/id/10059695/common/257196,Kannada,,2021-07-15T15:25:11Z
97273,Avalu,kn,"","",http://www.catalogueoflife.org/annual-checklist/details/species/id/10070070/common/128894,Kannada,,2021-07-15T15:39:59Z
97273,Hoovina-mural,kn,"","",http://www.catalogueoflife.org/annual-checklist/details/species/id/10070070/common/128931,Kannada,,2021-07-15T15:40:10Z
97273,Madinji,kn,"","",http://www.catalogueoflife.org/annual-checklist/details/species/id/10070070/common/128925,Kannada,,2021-07-15T15:40:16Z
97273,ಮದಿಂಜಿ,kn,"","",,Kannada,Zane Roskoph,2021-07-15T15:53:02Z
101508,Balliar,kn,"","",http://www.catalogueoflife.org/annual-checklist/details/species/id/10055566/common/46278,Kannada,,2021-07-19T11:57:52Z
101508,Bugga-karuvai-baliar,kn,"","",http://www.catalogueoflife.org/annual-checklist/details/species/id/10055566/common/46277,Kannada,,2021-07-19T11:57:59Z
101508,Buggakarvai,kn,"","",http://www.catalogueoflife.org/annual-checklist/details/species/id/10055566/common/46276,Kannada,,2021-07-19T11:58:12Z
101508,Tamasi,kn,"","",,Kannada,Zane Roskoph,2021-07-19T11:58:32Z
101508,ಬುಗ್ಗ ಕರುವಾ ಬಾಲೆಯರ್,kn,"","",,Kannada,Zane Roskoph,2021-07-19T11:59:14Z
115010,Baalae,kn,"","",http://www.catalogueoflife.org/annual-checklist/details/species/id/10081706/common/102899,Kannada,,2021-07-19T15:55:55Z
115010,Bahle,kn,"","",http://www.catalogueoflife.org/annual-checklist/details/species/id/10081706/common/102898,Kannada,,2021-07-19T15:56:00Z
115010,Balae,kn,"","",,Kannada,Zane Roskoph,2021-07-19T15:56:18Z
115010,Chate,kn,"","",,Kannada,Zane Roskoph,2021-07-19T15:56:37Z
115010,Godlay,kn,"","",http://www.catalogueoflife.org/annual-checklist/details/species/id/10081706/common/102875,Kannada,,2021-07-19T15:56:45Z
115010,ಬಾಲ್,kn,"","",,Kannada,Zane Roskoph,2021-07-19T15:57:02Z
48066,Kebichatte,kn,"","",http://www.catalogueoflife.org/annual-checklist/details/species/id/10055533/common/343568,Kannada,,2021-07-20T15:09:56Z
48066,Kebithatte,kn,"","",http://www.catalogueoflife.org/annual-checklist/details/species/id/10055533/common/343567,Kannada,,2021-07-20T15:10:03Z
48066,Khan mushi,kn,"","",http://www.catalogueoflife.org/annual-checklist/details/species/id/10055533/common/343565,Kannada,,2021-07-20T15:10:10Z
48066,Khan-mushi,kn,"","",http://www.catalogueoflife.org/annual-checklist/details/species/id/10055533/common/343566,Kannada,,2021-07-20T15:10:16Z
48066,ಕೆಬಿಛಟ್ಟೇ,kn,"","",http://www.catalogueoflife.org/annual-checklist/details/species/id/10055533/common/343532,Kannada,,2021-07-20T15:10:23Z
48066,ಖನ್ ಮುಶಿ,kn,"","",,Kannada,Zane Roskoph,2021-07-20T15:10:45Z
112257,Murangi,kn,"","",http://www.catalogueoflife.org/annual-checklist/details/species/id/10061884/common/26764,Kannada,,2021-07-20T17:14:34Z
106662,Murangi,kn,"","",http://www.catalogueoflife.org/annual-checklist/details/species/id/10061566/common/2933,Kannada,,2021-07-20T17:14:34Z
103418,Murangi,kn,"","",http://www.catalogueoflife.org/annual-checklist/details/species/id/10061537/common/340682,Kannada,,2021-07-20T17:14:34Z
104203,Murangi,kn,"","",http://www.catalogueoflife.org/annual-checklist/details/species/id/10058348/common/136053,Kannada,,2021-07-20T17:14:36Z
114226,Bili meen,kn,"","",http://www.catalogueoflife.org/annual-checklist/details/species/id/10061232/common/93615,Kannada,,2021-07-27T13:43:26Z
114226,Bilimeenu,kn,"","",http://www.catalogueoflife.org/annual-checklist/details/species/id/10061232/common/93614,Kannada,,2021-07-27T13:43:38Z
114231,ಪರುವಾಲ್,kn,"","",,Kannada,Zane Roskoph,2021-07-27T14:08:48Z
114231,Peruval,kn,"","",,Kannada,Zane Roskoph,2021-07-27T14:09:11Z
95038,ಗೂಂಚ್ ಮೀನು,kn,"","",,Kannada,Zane Roskoph,2021-07-29T02:30:47Z
47516,ರೇನ್‍ಬೋ ಟ್ರೌಟ್,kn,"","",,Kannada,Zane Roskoph,2021-07-29T23:07:21Z
2229,ಕಳ್ಳಿ ಪೀರ,kn,"Karnataka, IN","",,Kannada,harshithjv,2021-07-30T05:17:08Z
41972,ಮೋಡದ ಚಿರತೆ,kn,"","",,Kannada,Zane Roskoph,2021-07-30T12:55:05Z
42007,ಕೂಗರ್,kn,"","",,Kannada,Zane Roskoph,2021-08-01T01:03:34Z
30472,ಕಾಳಿಂಗ ಸರ್ಪ,kn,"","",,Kannada,Zane Roskoph,2021-08-02T18:26:07Z
468044,ზღვის ციცინათელა,kn,"","",,Kannada,Zane Roskoph,2021-08-05T17:30:28Z
199918,ಬ್ಲೂ ರಿಂಗ್ಡ ಆಕ್ಟೋಪಸ್,kn,"","",,Kannada,Zane Roskoph,2021-08-09T11:36:30Z
123356,ಹೇರಳೆಕಾಯಿ,kn,"","",,Kannada,Zane Roskoph,2021-08-10T12:42:21Z
41644,ಹಿಮಕರಡಿ,kn,"","",,Kannada,Zane Roskoph,2021-08-11T16:32:27Z
41724,ಕಡಲ ಚಿರತೆ,kn,"","",,Kannada,Zane Roskoph,2021-08-11T19:26:49Z
18941,ಕಿಯಾ ಗಿಣಿ,kn,"","",,Kannada,Zane Roskoph,2021-08-12T14:40:40Z
41955,ಚಿರತೆ,kn,"","",,Kannada,Zane Roskoph,2021-08-13T12:08:21Z
623973,Murangi,kn,"","",http://www.catalogueoflife.org/annual-checklist/details/species/id/10061551/common/340667,Kannada,,2021-08-15T08:44:30Z
41553,ನೀಲಿ ತಿಮಿಂಗಿಲ,kn,"","",,Kannada,Zane Roskoph,2021-08-15T15:02:32Z
41964,ಸಿಂಹ,kn,"","",,Kannada,Zane Roskoph,2021-08-24T14:58:04Z
74831,ಹಿಮ ಚಿರತೆ,kn,"","",,Kannada,Zane Roskoph,2021-08-25T11:47:13Z
41967,ಹುಲಿ,kn,"","",,Kannada,Zane Roskoph,2021-08-26T16:05:53Z
130793,ಭಾರತೀಯ ಹುಲಿಗಳು,kn,"","",,Kannada,Zane Roskoph,2021-08-27T12:29:03Z
333751,ಗೊಂಡ್ಲು,kn,"","",http://www.catalogueoflife.org/annual-checklist/details/species/id/10069974/common/306076,Kannada,Mark Rosenstein,2021-08-29T13:44:05Z
84529,ಗೊಂಡ್ಲು,kn,"","",http://www.catalogueoflife.org/annual-checklist/details/species/id/10069909/common/148919,Kannada,,2021-08-29T13:44:05Z
47230,ಗೊಂಡ್ಲು,kn,"","",http://www.catalogueoflife.org/annual-checklist/details/species/id/10069944/common/133173,Kannada,,2021-08-29T13:44:05Z
153280,ಗೊಂಡ್ಲು,kn,"","",http://www.catalogueoflife.org/annual-checklist/details/species/id/10069945/common/133215,Kannada,,2021-08-29T13:44:06Z
47228,ಗೊಂಡ್ಲು,kn,"","",http://www.catalogueoflife.org/annual-checklist/details/species/id/10069953/common/132444,Kannada,,2021-08-29T13:44:06Z
194896,ಗೊಂಡ್ಲು,kn,"","",http://www.catalogueoflife.org/annual-checklist/details/species/id/10069968/common/306296,Kannada,,2021-08-29T13:44:07Z
369469,ಮಹಾಲಿಂಗ [Ma-Haa-lin-gaa],kn,"","",,Kannada,harshithjv,2021-10-27T05:00:27Z
369469,ಲಿಂಗತೊಂಡೆ ಬಳ್ಳಿ [linga-tonde balli],kn,"","",,Kannada,harshithjv,2021-10-27T05:01:16Z
369469,ಶಿವಲಿಂಗಿ [shi-va-lin-gi],kn,"","",,Kannada,harshithjv,2021-10-27T05:02:30Z
1304708,ಹಪ್ಪಾಟೆ ಹಾವು,kn,"","",https://www.inaturalist.org/taxon_names/1353381/edit,Kannada,,2021-11-08T23:58:34Z
1304708,ಮಲೆ ಮಂಡಲ ಹಾವು,kn,"","",https://www.inaturalist.org/taxon_names/1353385/edit,Kannada,,2021-11-08T23:58:34Z
1677,ಕೆಂಬೂತ,kn,"","",,Kannada,Samyak S,2021-11-25T10:53:00Z
4264,ನೀರುಕಾಗೆ,kn,"","",,Kannada,Samyak S,2021-11-25T10:57:42Z
497004,ಪುಟ್ಟ ನೀರುಕಗೆ,kn,"","",,Kannada,Samyak S,2021-11-25T10:59:09Z
4270,ಉದ್ದಕೊಕ್ಕಿನ ನೀರುಕಾಗೆ,kn,"","",,Kannada,Samyak S,2021-11-25T11:00:15Z
5062,ಹಾವಕ್ಕಿ,kn,"","",,Kannada,Samyak S,2021-11-25T11:01:31Z
73222,ರಾಜಹಂಸ,kn,"","",,Kannada,Samyak S,2021-11-25T11:02:28Z
4259,ಸಣ್ಣ ರಾಜಹಂಸ,kn,"","",,Kannada,Samyak S,2021-11-25T11:03:09Z
6925,ವರಟೆ,kn,"","",,Kannada,Samyak S,2021-11-25T11:06:48Z
6930,ಪಚ್ಚೆತಲೆಯ ಬಾತು,kn,"","",,Kannada,Samyak S,2021-11-25T11:08:30Z
105252,Havumeenu,kn,"","",http://www.catalogueoflife.org/annual-checklist/2012/details/species/id/9741333,Kannada,,2022-03-09T23:20:11Z
105003,Havumeenu,kn,"","",http://www.catalogueoflife.org/annual-checklist/2012/details/species/id/9741333,Kannada,,2022-03-09T23:20:11Z
105252,Haavu-meenu,kn,"","",http://www.catalogueoflife.org/annual-checklist/2012/details/species/id/9741333,Kannada,,2022-03-09T23:20:23Z
95038,Kurudi,kn,"","",http://www.catalogueoflife.org/annual-checklist/details/species/id/10081714/common/150910,Kannada,,2022-03-24T06:45:39Z
74319,წითელი გაზელი,kn,"","",https://www.inaturalist.org/taxon_names/2631550/edit,Kannada,,2022-03-24T20:30:36Z
365244,ಅಕೈ,kn,"","",,Kannada,10423,2022-03-27T03:52:50Z
469472,ಸೇಬು,kn,"","",,Kannada,10423,2022-03-27T04:41:21Z
47533,ಆಂಥೊಜೋವ,kn,"","",,Kannada,John E. Christensen,2022-04-01T11:49:06Z
177104,Kedar,kn,"","",,Kannada,harshithjv,2022-04-07T12:59:42Z
1378512,ಮುತ್ತು ಮಲ್ಲಿಗೆ,kn,"","",https://www.inaturalist.org/taxon_names/1390969/edit,Kannada,,2022-04-26T00:09:06Z
30687,ಕೊಳಕು ಮಂಡಲ,kn,"","",,Kannada,sunshankar,2022-05-12T11:27:33Z
112230,Murangi,kn,"","",http://www.catalogueoflife.org/annual-checklist/details/species/id/10061794/common/2718,Kannada,,2022-05-18T05:06:10Z
53582,ಲಿರಿಯೊಡೆಂಡ್ರಾನ್,kn,"","",,Kannada,John E. Christensen,2022-12-23T14:11:51Z
47564,ಗಣಗಲೆ ಹೂ,kn,"","",,Kannada,John E. Christensen,2023-01-03T12:45:49Z
74526,ಕಾಡು ಪಾಪ,kn,"Karnataka, IN","",,Kannada,Sri Harsha K.M / ஸ்ரீ ஹர்ஷா / ಶ್ರೀ ಹರ್ಷ,2023-01-25T14:34:43Z
31408,ಬಂಡೆ ಓತಿ,kn,"Karnataka, IN","",,Kannada,Sri Harsha K.M / ஸ்ரீ ஹர்ஷா / ಶ್ರೀ ಹರ್ಷ,2023-01-25T15:01:12Z
4871,ಕೆಂಪು ಟಿಟ್ಟಿಭ,kn,"Karnataka, IN","",,Kannada,Sri Harsha K.M / ஸ்ரீ ஹர்ஷா / ಶ್ರೀ ಹರ್ಷ,2023-01-25T15:21:28Z
5268,ಕಪ್ಪು ಗಾಳಿಪಟ,kn,"Karnataka, IN","",,Kannada,Sri Harsha K.M / ஸ்ரீ ஹர்ஷா / ಶ್ರೀ ಹರ್ಷ,2023-01-25T15:23:23Z
5143,ಬಿಜ್ಜು,kn,"Karnataka, IN","",,Kannada,Sri Harsha K.M / ஸ்ரீ ஹர்ஷா / ಶ್ರೀ ಹರ್ಷ,2023-01-25T15:24:54Z
5143,ಡೇಗೆ,kn,"Karnataka, IN","",,Kannada,Sri Harsha K.M / ஸ்ரீ ஹர்ஷா / ಶ್ರೀ ಹರ್ಷ,2023-01-25T15:25:22Z
5540,ಬೂದು ಮಂಗಟ್ಟೆ,kn,"Karnataka, IN","",,Kannada,Sri Harsha K.M / ஸ்ரீ ஹர்ஷா / ಶ್ರೀ ಹರ್ಷ,2023-01-25T15:29:13Z
145146,ಖಗರತ್ನ,kn,"Karnataka, IN","",,Kannada,Sri Harsha K.M / ஸ்ரீ ஹர்ஷா / ಶ್ರೀ ಹರ್ಷ,2023-01-25T15:34:13Z
145146,ನೇರಳೆ ಬೆನ್ನಿನಾ ಸೂರಕ್ಕಿ,kn,"Karnataka, IN","",,Kannada,Sri Harsha K.M / ஸ்ரீ ஹர்ஷா / ಶ್ರೀ ಹರ್ಷ,2023-01-25T15:34:35Z
5406,ಬಿಳಿ ಗರುಡ,kn,"Karnataka, IN","",,Kannada,Sri Harsha K.M / ஸ்ரீ ஹர்ஷா / ಶ್ರೀ ಹರ್ಷ,2023-01-25T15:36:33Z
204519,ಬಿಳಿಕಂಠದ ಮಿಂಚುಳ್ಳಿ,kn,"Karnataka, IN","",,Kannada,Sri Harsha K.M / ஸ்ரீ ஹர்ஷா / ಶ್ರೀ ಹರ್ಷ,2023-01-25T15:37:37Z
1204,ನವಿಲು,kn,"Karnataka, IN","",,Kannada,Sri Harsha K.M / ஸ்ரீ ஹர்ஷா / ಶ್ರೀ ಹರ್ಷ,2023-01-25T15:38:25Z
4993,ಕೊಳದ ಬಕ,kn,"Karnataka, IN","",,Kannada,Sri Harsha K.M / ஸ்ரீ ஹர்ஷா / ಶ್ರೀ ಹರ್ಷ,2023-01-25T15:39:41Z
4743,ಬಣ್ಣದ ಕೊಕ್ಕರೆ,kn,"Karnataka, IN","",,Kannada,Sri Harsha K.M / ஸ்ரீ ஹர்ஷா / ಶ್ರೀ ಹರ್ಷ,2023-01-25T15:42:31Z
367536,ಸಣ್ಣ ಕುಟ್ರ,kn,"Karnataka, IN","",,Kannada,Sri Harsha K.M / ஸ்ரீ ஹர்ஷா / ಶ್ರೀ ಹರ್ಷ,2023-01-25T15:56:18Z
12910,ಕಪ್ಪುಬಿಳಿ ಬೇಲಿಚಟಕ,kn,"Karnataka, IN","",,Kannada,Sri Harsha K.M / ஸ்ரீ ஹர்ஷா / ಶ್ರೀ ಹರ್ಷ,2023-01-25T15:59:17Z
4336,ಹೆಜ್ಜಾರ್ಲೆ,kn,"Karnataka, IN","",,Kannada,Sri Harsha K.M / ஸ்ரீ ஹர்ஷா / ಶ್ರೀ ಹರ್ಷ,2023-01-25T16:02:47Z
8277,ಭರದ್ವಾಜ,kn,"Karnataka, IN","",,Kannada,Sri Harsha K.M / ஸ்ரீ ஹர்ஷா / ಶ್ರೀ ಹರ್ಷ,2023-01-25T16:04:39Z
145193,ನೇರಳೆ ಸೂರಕ್ಕಿ,kn,"Karnataka, IN","",,Kannada,Sri Harsha K.M / ஸ்ரீ ஹர்ஷா / ಶ್ರೀ ಹರ್ಷ,2023-01-25T16:07:18Z
4954,ಬೂದು ಬಕ,kn,"Karnataka, IN","",,Kannada,Sri Harsha K.M / ஸ்ரீ ஹர்ஷா / ಶ್ರೀ ಹರ್ಷ,2023-01-25T16:10:05Z
18911,ಗುಲಾಬಿಕೊರಳಿನ ಗಿಳಿ,kn,"Karnataka, IN","",,Kannada,Sri Harsha K.M / ஸ்ரீ ஹர்ஷா / ಶ್ರೀ ಹರ್ಷ,2023-01-25T16:15:27Z
204491,ಮಡಿವಾಳ,kn,"Karnataka, IN","",,Kannada,Sri Harsha K.M / ஸ்ரீ ஹர்ஷா / ಶ್ರೀ ಹರ್ಷ,2023-01-25T16:17:25Z
558550,ಕಪ್ಪುಬಿಳಿ ಸಿಪಿಳೆ,kn,"Karnataka, IN","",,Kannada,Sri Harsha K.M / ஸ்ரீ ஹர்ஷா / ಶ್ರೀ ಹರ್ಷ,2023-01-25T16:20:17Z
13893,ಚುಕ್ಕೆ ರಾಟವಾಳ,kn,"Karnataka, IN","",,Kannada,Sri Harsha K.M / ஸ்ரீ ஹர்ஷா / ಶ್ರೀ ಹರ್ಷ,2023-01-25T16:26:52Z
7711,ಟುವ್ವಿಹಕ್ಕಿ,kn,"Karnataka, IN","",,Kannada,Sri Harsha K.M / ஸ்ரீ ஹர்ஷா / ಶ್ರೀ ಹರ್ಷ,2023-01-25T16:28:51Z
145031,ಚಿಟ್ಟು ಮಡಿವಾಳ,kn,"Karnataka, IN","",,Kannada,Sri Harsha K.M / ஸ்ரீ ஹர்ஷா / ಶ್ರೀ ಹರ್ಷ,2023-01-25T16:31:33Z
5017,ಗೋವಕ್ಕಿ,kn,"Karnataka, IN","",,Kannada,Sri Harsha K.M / ஸ்ரீ ஹர்ஷா / ಶ್ರೀ ಹರ್ಷ,2023-01-25T16:33:09Z
204454,ಗೊರವಂಕ,kn,"Karnataka, IN","",,Kannada,Sri Harsha K.M / ஸ்ரீ ஹர்ஷா / ಶ್ರೀ ಹರ್ಷ,2023-01-25T16:36:05Z
474332,ನೇರಳೆ ಜಂಬುಕೋಳಿ,kn,"Karnataka, IN","",,Kannada,Sri Harsha K.M / ஸ்ரீ ஹர்ஷா / ಶ್ರೀ ಹರ್ಷ,2023-01-25T16:40:20Z
14593,ಕೆಂಕುಂಡೆಯ ಪಿಕಳಾ,kn,"Karnataka, IN","",,Kannada,Sri Harsha K.M / ஸ்ரீ ஹர்ஷா / ಶ್ರೀ ಹರ್ಷ,2023-01-25T16:42:33Z
4775,ಬಾಯ್ಕಳಕ ಕೊಕ್ಕರೆ,kn,"Karnataka, IN","",,Kannada,Sri Harsha K.M / ஸ்ரீ ஹர்ஷா / ಶ್ರೀ ಹರ್ಷ,2023-01-25T16:45:38Z
497004,ಪುಟ್ಟ ನೀರುಕಾಗೆ,kn,"Karnataka, IN","",,Kannada,Sri Harsha K.M / ஸ்ரீ ஹர்ஷா / ಶ್ರೀ ಹರ್ಷ,2023-01-26T04:09:36Z
549464,ಬಾಲದಂಡೆ ಹಕ್ಕಿ,kn,"Karnataka, IN","",,Kannada,Sri Harsha K.M / ஸ்ரீ ஹர்ஷா / ಶ್ರೀ ಹರ್ಷ,2023-01-26T04:13:07Z
979677,ಕೆಂಪುಕೊರಳಿನ ನೊಣಹಿಡುಕ,kn,"Karnataka, IN","",,Kannada,Sri Harsha K.M / ஸ்ரீ ஹர்ஷா / ಶ್ರೀ ಹರ್ಷ,2023-01-26T04:14:03Z
4943,ಸಣ್ಣ ಬೆಳ್ಳಕ್ಕಿ,kn,"Karnataka, IN","",,Kannada,Sri Harsha K.M / ஸ்ரீ ஹர்ஷா / ಶ್ರೀ ಹರ್ಷ,2023-01-26T04:15:29Z
4943,ಸಣ್ಣ ಕೊಕ್ಕರೆ,kn,"Karnataka, IN","",,Kannada,Sri Harsha K.M / ஸ்ரீ ஹர்ஷா / ಶ್ರೀ ಹರ್ಷ,2023-01-26T04:16:13Z
339691,ಚೇಕಡಿ,kn,"Karnataka, IN","",,Kannada,Sri Harsha K.M / ஸ்ரீ ஹர்ஷா / ಶ್ರೀ ಹರ್ಷ,2023-01-26T04:17:31Z
204510,ಕೋಗಿಲೆ,kn,"Karnataka, IN","",,Kannada,Sri Harsha K.M / ஸ்ரீ ஹர்ஷா / ಶ್ರೀ ಹರ್ಷ,2023-01-26T04:18:06Z
3738,ಬಿಳಿ ಕೆಂಬರಲು,kn,"Karnataka, IN","",,Kannada,Sri Harsha K.M / ஸ்ரீ ஹர்ஷா / ಶ್ರೀ ಹರ್ಷ,2023-01-26T04:20:29Z
980260,ಮಲ್ಲಿಕಾಕ್ಷ,kn,"Karnataka, IN","",,Kannada,Sri Harsha K.M / ஸ்ரீ ஹர்ஷா / ಶ್ರೀ ಹರ್ಷ,2023-01-26T04:22:09Z
980260,ಬೆಳ್ಗಣ್ಣ,kn,"Karnataka, IN","",,Kannada,Sri Harsha K.M / ஸ்ரீ ஹர்ஷா / ಶ್ರೀ ಹರ್ಷ,2023-01-26T04:22:28Z
13794,ಗೀಜಗ,kn,"Karnataka, IN","",,Kannada,Sri Harsha K.M / ஸ்ரீ ஹர்ஷா / ಶ್ರೀ ಹರ್ಷ,2023-01-26T04:23:10Z
13794,ಗೀಜುಗ,kn,"Karnataka, IN","",,Kannada,Sri Harsha K.M / ஸ்ரீ ஹர்ஷா / ಶ್ರೀ ಹರ್ಷ,2023-01-26T04:23:29Z
12035,ಕಂದುಬೆನ್ನಿನ ಕಳಿಂಗ,kn,"Karnataka, IN","",,Kannada,Sri Harsha K.M / ஸ்ரீ ஹர்ஷா / ಶ್ರೀ ಹರ್ಷ,2023-01-26T04:24:12Z
4951,ಕೆನ್ನೀಲಿ ಬಕ,kn,"Karnataka, IN","",,Kannada,Sri Harsha K.M / ஸ்ரீ ஹர்ஷா / ಶ್ರೀ ಹರ್ಷ,2023-01-26T06:30:41Z
13709,ಗದ್ದೆ ಪಿಪಿಳೀಕ,kn,"Karnataka, IN","",,Kannada,Sri Harsha K.M / ஸ்ரீ ஹர்ஷா / ಶ್ರೀ ಹರ್ಷ,2023-01-26T06:37:23Z
4270,ನೀರು ಕಾಗೆ,kn,"Karnataka, IN","",,Kannada,Sri Harsha K.M / ஸ்ரீ ஹர்ஷா / ಶ್ರೀ ಹರ್ಷ,2023-01-26T06:38:12Z
20526,ಉಷ್ಟ್ರ,kn,"","",,Kannada,Johan Devos,2023-02-28T22:41:24Z
1455918,ಚೋರೆ ಹಕ್ಕಿ,kn,"","",https://www.inaturalist.org/taxon_names/3224811/edit,Kannada,Thomas Mesaglio,2023-03-08T06:24:49Z
94044,ಎಮ್ಮೆ ಚಿಟ್ಟೆ,kn,"Tumkur, KA, IN | Karnataka, IN","",,Kannada,harshithjv,2023-03-12T15:08:34Z
30472,ಕಾಳಿಂಗ ಸರ್ಪೆ,kn,"Karnataka, IN","",,Kannada,Sri Harsha K.M / ஸ்ரீ ஹர்ஷா / ಶ್ರೀ ಹರ್ಷ,2023-03-16T14:17:06Z
508097,ಹರಳುಚೋಳೆ,kn,"Karnataka, IN","",,Kannada,Sri Harsha K.M / ஸ்ரீ ஹர்ஷா / ಶ್ರೀ ಹರ್ಷ,2023-03-26T15:31:53Z
4835,ನೀರುಗೊರವ,kn,"Karnataka, IN","",,Kannada,Sri Harsha K.M / ஸ்ரீ ஹர்ஷா / ಶ್ರೀ ಹರ್ಷ,2023-04-05T05:41:17Z
3731,ಚಮಚಕೊಕ್ಕು,kn,"Karnataka, IN","",,Kannada,Sri Harsha K.M / ஸ்ரீ ஹர்ஷா / ಶ್ರೀ ಹರ್ಷ,2023-04-05T05:46:49Z
3731,ಚಮಚ ಕೊಕ್ಕಿನ ಹಕ್ಕಿ,kn,"Karnataka, IN","",,Kannada,Sri Harsha K.M / ஸ்ரீ ஹர்ஷா / ಶ್ರೀ ಹರ್ಷ,2023-04-05T05:47:27Z
68499,ಕೆಂದಲೆ ಗಿಳಿ,kn,"Karnataka, IN","",,Kannada,Sri Harsha K.M / ஸ்ரீ ஹர்ஷா / ಶ್ರೀ ಹರ್ಷ,2023-04-05T05:53:25Z
18974,ಚಿಟ್ಟು ಗಿಳಿ,kn,"Karnataka, IN","",,Kannada,Sri Harsha K.M / ஸ்ரீ ஹர்ஷா / ಶ್ರೀ ಹರ್ಷ,2023-04-05T05:55:56Z
18904,ರಾಮಗಿಳಿ,kn,"Karnataka, IN","",,Kannada,Sri Harsha K.M / ஸ்ரீ ஹர்ஷா / ಶ್ರೀ ಹರ್ಷ,2023-04-05T05:56:54Z
4738,ಬಿಳಿಕತ್ತಿನ ಕೊಕ್ಕರೆ,kn,"Karnataka, IN","",,Kannada,Sri Harsha K.M / ஸ்ரீ ஹர்ஷா / ಶ್ರೀ ಹರ್ಷ,2023-04-05T05:58:31Z
4733,ಬಿಳಿ ಕೊಕ್ಕರೆ,kn,"Karnataka, IN","",,Kannada,Sri Harsha K.M / ஸ்ரீ ஹர்ஷா / ಶ್ರೀ ಹರ್ಷ,2023-04-05T05:58:57Z
2599,ನೀಲಿ ಮಿಂಚುಳ್ಳಿ,kn,"Karnataka, IN","",,Kannada,Sri Harsha K.M / ஸ்ரீ ஹர்ஷா / ಶ್ರೀ ಹರ್ಷ,2023-04-05T06:02:06Z
2562,ಕಿರು ಮಿಂಚುಳ್ಳಿ,kn,"Karnataka, IN","",,Kannada,Sri Harsha K.M / ஸ்ரீ ஹர்ஷா / ಶ್ರೀ ಹರ್ಷ,2023-04-05T06:02:32Z
979665,ನೀಲಕಂಠ,kn,"Karnataka, IN","",,Kannada,Sri Harsha K.M / ஸ்ரீ ஹர்ஷா / ಶ್ರೀ ಹರ್ಷ,2023-04-05T06:03:55Z
2212,ನೀಲಿಬಾಲದ ಕಳ್ಳಿಪೀರ,kn,"Karnataka, IN","",,Kannada,Sri Harsha K.M / ஸ்ரீ ஹர்ஷா / ಶ್ರೀ ಹರ್ಷ,2023-04-05T06:05:09Z
850880,ಮೂರುಬೆರಳಿನ ಮಿಂಚುಳ್ಳಿ,kn,"Karnataka, IN","",,Kannada,Sri Harsha K.M / ஸ்ரீ ஹர்ஷா / ಶ್ರೀ ಹರ್ಷ,2023-04-05T06:07:35Z
2662,ಕಪ್ಪುಬಿಳಿ ಮಿಂಚುಳ್ಳಿ,kn,"Karnataka, IN","",,Kannada,Sri Harsha K.M / ஸ்ரீ ஹர்ஷா / ಶ್ರೀ ಹರ್ಷ,2023-04-05T06:08:13Z
2250,ನೀಲಿಗಲ್ಲದ ಕಳ್ಳಿಪೀರ,kn,"Karnataka, IN","",,Kannada,Sri Harsha K.M / ஸ்ரீ ஹர்ஷா / ಶ್ರೀ ಹರ್ಷ,2023-04-05T06:08:47Z
201282,ಜಂಬುಕೋಳಿ,kn,"Karnataka, IN","",,Kannada,Sri Harsha K.M / ஸ்ரீ ஹர்ஷா / ಶ್ರೀ ಹರ್ಷ,2023-04-06T06:33:40Z
4981,ಇರುಳು ಬಕ,kn,"Karnataka, IN","",,Kannada,Sri Harsha K.M / ஸ்ரீ ஹர்ஷா / ಶ್ರೀ ಹರ್ಷ,2023-04-06T06:35:14Z
558445,ಮಧ್ಯಮ ಬೆಳ್ಳಕ್ಕಿ,kn,"Karnataka, IN","",,Kannada,Sri Harsha K.M / ஸ்ரீ ஹர்ஷா / ಶ್ರೀ ಹರ್ಷ,2023-04-06T06:37:05Z
144455,ದೊಡ್ಡ ಬೆಳ್ಳಕ್ಕಿ,kn,"Karnataka, IN","",,Kannada,Sri Harsha K.M / ஸ்ரீ ஹர்ஷா / ಶ್ರೀ ಹರ್ಷ,2023-04-06T06:38:10Z
4935,ಕಡಲುತೀರದ ಬೆಳ್ಳಕ್ಕಿ,kn,"Karnataka, IN","",,Kannada,Sri Harsha K.M / ஸ்ரீ ஹர்ஷா / ಶ್ರೀ ಹರ್ಷ,2023-04-06T06:38:32Z
8264,ಬೂದು ಕಾಜಾಣ,kn,"Karnataka, IN","",,Kannada,Sri Harsha K.M / ஸ்ரீ ஹர்ஷா / ಶ್ರೀ ಹರ್ಷ,2023-04-06T06:41:15Z
204502,ಕಾಜಾಣ,kn,"Karnataka, IN","",,Kannada,Sri Harsha K.M / ஸ்ரீ ஹர்ஷா / ಶ್ರೀ ಹರ್ಷ,2023-04-06T06:41:28Z
32810,ಗೋಸುಂಬೆ,kn,"Karnataka, IN","",,Kannada,Sri Harsha K.M / ஸ்ரீ ஹர்ஷா / ಶ್ರೀ ಹರ್ಷ,2023-04-19T07:19:18Z
32810,ಊಸರವಳ್ಳಿ,kn,"Karnataka, IN","",,Kannada,Sri Harsha K.M / ஸ்ரீ ஹர்ஷா / ಶ್ರೀ ಹರ್ಷ,2023-04-19T07:19:42Z
41888,ಕತ್ತೆಕಿರುಬ,kn,"Karnataka, IN","",,Kannada,Sri Harsha K.M / ஸ்ரீ ஹர்ஷா / ಶ್ರೀ ಹರ್ಷ,2023-04-19T07:29:13Z
41888,ಕುರ್ಕ,kn,"Karnataka, IN","",,Kannada,Sri Harsha K.M / ஸ்ரீ ஹர்ஷா / ಶ್ರೀ ಹರ್ಷ,2023-04-19T07:29:33Z
41797,ಮರನಾಯಿ,kn,"Karnataka, IN","",,Kannada,Sri Harsha K.M / ஸ்ரீ ஹர்ஷா / ಶ್ರೀ ಹರ್ಷ,2023-04-19T07:31:21Z
74111,ಕಾಡುಕೋಣ,kn,"Karnataka, IN","",,Kannada,Sri Harsha K.M / ஸ்ரீ ஹர்ஷா / ಶ್ರೀ ಹರ್ಷ,2023-04-19T07:34:38Z
41651,ಕರಡಿ,kn,"Karnataka, IN","",,Kannada,Sri Harsha K.M / ஸ்ரீ ஹர்ஷா / ಶ್ರೀ ಹರ್ಷ,2023-04-19T07:35:21Z
74526,ಕಾಡ ನರಮನಿ,kn,"Karnataka, IN","",,Kannada,Sri Harsha K.M / ஸ்ரீ ஹர்ஷா / ಶ್ರೀ ಹರ್ಷ,2023-04-19T07:36:16Z
925714,ತಾಳೆಬೆಕ್ಕು,kn,"Karnataka, IN","",,Kannada,Sri Harsha K.M / ஸ்ரீ ஹர்ஷா / ಶ್ರೀ ಹರ್ಷ,2023-04-19T07:38:01Z
925714,ಬೆರು,kn,"Karnataka, IN","",,Kannada,Sri Harsha K.M / ஸ்ரீ ஹர்ஷா / ಶ್ರೀ ಹರ್ಷ,2023-04-19T07:38:15Z
46030,ಕೆಂಪು ಅಳಿಲು,kn,"Karnataka, IN","",,Kannada,Sri Harsha K.M / ஸ்ரீ ஹர்ஷா / ಶ್ರೀ ಹರ್ಷ,2023-04-19T07:42:15Z
41566,ಗೂನುತಿಮಿಂಗಲ,kn,"Karnataka, IN","",,Kannada,Sri Harsha K.M / ஸ்ரீ ஹர்ஷா / ಶ್ರೀ ಹರ್ಷ,2023-04-19T07:43:34Z
367535,ದೊಡ್ಡ ಕುಟ್ರ,kn,"Karnataka, IN","",,Kannada,Sri Harsha K.M / ஸ்ரீ ஹர்ஷா / ಶ್ರೀ ಹರ್ಷ,2023-04-20T14:22:40Z
367521,ಕಂಚುಕುಟಿಗ,kn,"Karnataka, IN","",,Kannada,Sri Harsha K.M / ஸ்ரீ ஹர்ஷா / ಶ್ರೀ ಹರ್ಷ,2023-04-20T14:23:05Z
199,ಹುಂಡು ಕೋಳಿ,kn,"Karnataka, IN","",,Kannada,Sri Harsha K.M / ஸ்ரீ ஹர்ஷா / ಶ್ರೀ ಹರ್ಷ,2023-04-20T14:28:07Z
42416,ಕೃಷ್ಣಮೃಗ,kn,"Karnataka, IN","",,Kannada,Sri Harsha K.M / ஸ்ரீ ஹர்ஷா / ಶ್ರೀ ಹರ್ಷ,2023-04-20T14:46:33Z
20969,ಚಂದ್ರಮುಕುಟ,kn,"Karnataka, IN","",,Kannada,Sri Harsha K.M / ஸ்ரீ ஹர்ஷா / ಶ್ರೀ ಹರ್ಷ,2023-04-21T05:59:25Z
72848,ನೀಲಿ ನೊಣಹಿಡುಕ,kn,"Karnataka, IN","",,Kannada,Sri Harsha K.M / ஸ்ரீ ஹர்ஷா / ಶ್ರೀ ಹರ್ಷ,2023-04-22T14:27:17Z
75053,ಕಡವೆ,kn,"Karnataka, IN","",,Kannada,Sri Harsha K.M / ஸ்ரீ ஹர்ஷா / ಶ್ರೀ ಹರ್ಷ,2023-04-22T14:37:54Z
44175,ಮುಳ್ಳುಹಂದಿ,kn,"Karnataka, IN","",,Kannada,Sri Harsha K.M / ஸ்ரீ ஹர்ஷா / ಶ್ರೀ ಹರ್ಷ,2023-04-22T14:39:23Z
344151,ಪಾರಿಜಾತ,kn,"Karnataka, IN","",,Kannada,harshithjv,2023-09-05T05:13:54Z
1096893,ಕಲ್ಲ ಏಡಿ,kn,"Karnataka, IN | Kasaragod, KL, IN","",,Kannada,harshithjv,2023-09-20T03:46:02Z
76765,ಭೃಂಗರಾಜ್,kn,"Karnataka, IN","",,Kannada,nightsilk,2023-10-28T00:25:42Z
190260,ಹಣಗೆ,kn,"Karnataka, IN","",,Kannada,nightsilk,2023-10-28T01:24:00Z
82814,ತಾವರೆ,kn,"Karnataka, IN","",,Kannada,nightsilk,2023-10-28T01:38:02Z
791999,ಬಿಳಿಕಾಸಿಕಣಗಿಲು,kn,"Karnataka, IN","",,Kannada,nightsilk,2023-10-28T01:50:57Z
1316352,Murangi,kn,"","",http://www.catalogueoflife.org/annual-checklist/details/species/id/10061553/common/2946,Kannada,,2023-12-12T12:12:23Z
82135,ಬಸವನ ಪಾದ,kn,"Karnataka, IN","",,Kannada,Rahul Kumaresan,2024-01-04T17:07:21Z
482,ನಾಮದ ಕೋಳಿ,kn,"Karnataka, IN","",,Kannada,Rahul Kumaresan,2024-01-08T13:24:04Z
123960,ದ್ರೌಪದಿಯ ಜಡೆ,kn,"Karnataka, IN","",,Kannada,Rahul Kumaresan,2024-01-24T13:58:05Z
123348,ಕಲ್ ಹೊವು,kn,"Karnataka, IN","",,Kannada,nightsilk,2024-02-04T17:51:57Z
460626,ಗುಬ್ಬಚ್ಚಿ,kn,"Karnataka, IN","",,Kannada,nightsilk,2024-03-14T13:37:14Z
117293,ಕೆಂಜಿಗ,kn,"Karnataka, IN","",,Kannada,nightsilk,2024-03-14T16:09:55Z
43697,ಆನೆ,kn,"Karnataka, IN","",,Kannada,nightsilk,2024-03-15T15:37:13Z
166920,ಸೀಮೆ ಹುಣಸೆ,kn,"Karnataka, IN","",,Kannada,Rahul Kumaresan,2024-03-17T13:50:13Z
415642,ಶಾಂತಿಮರ,kn,"","",,Kannada,Rahul Kumaresan,2024-03-17T14:38:44Z
68671,ಅಳಲೆ ಕಾಯಿ,kn,"","",,Kannada,Rahul Kumaresan,2024-03-17T14:59:37Z
68666,ನೆಲ್ಲಿ,kn,"Karnataka, IN | India",IN,,Kannada,Rahul Kumaresan,2024-03-17T15:01:54Z
937293,ಹೊಂಗೆ ಮರ,kn,"Karnataka, IN","",,Kannada,Rahul Kumaresan,2024-03-17T15:22:54Z
42101,ಕೆನ್ನಾಯಿ,kn,"Karnataka, IN","",,Kannada,Sri Harsha K.M / ஸ்ரீ ஹர்ஷா / ಶ್ರೀ ಹರ್ಷ,2024-04-26T11:48:25Z
