id,vernacularName,language,locality,countryCode,source,lexicon,contributor,created
1076093,Pittabodaliya,und,"","",,Oriya,Kitty Maurey,2020-07-16T13:08:54Z
193609,କୋଇଲିଖିଆ [koilikhia],und,"","",,Oriya,harshithjv,2021-04-03T05:59:00Z
97273,Saal,und,"","",,Oriya,Zane Roskoph,2021-07-15T15:48:17Z
101508,Mundah magur,und,"","",http://www.catalogueoflife.org/annual-checklist/details/species/id/10055566/common/46265,Oriya,,2021-07-19T12:02:14Z
115010,Ballai,und,"","",http://www.catalogueoflife.org/annual-checklist/details/species/id/10081706/common/102896,Oriya,,2021-07-19T16:06:28Z
115010,Boabe,und,"","",,Oriya,Zane Roskoph,2021-07-19T16:06:44Z
115010,Boallee,und,"","",http://www.catalogueoflife.org/annual-checklist/details/species/id/10081706/common/102886,Oriya,,2021-07-19T16:07:03Z
114231,Kajra,und,"","",http://www.catalogueoflife.org/annual-checklist/details/species/id/10061246/common/93455,Oriya,,2021-07-27T14:14:57Z
93987,Kou,und,"","",,Oriya,Zane Roskoph,2021-12-04T16:50:42Z
105252,Bummi,und,"","",http://www.catalogueoflife.org/annual-checklist/2012/details/species/id/9741333,Oriya,,2022-03-09T23:26:55Z
469472,ଆପଲ୍,und,"","",,Oriya,10423,2022-03-27T04:58:56Z
111561,Jilo,und,"","",http://www.catalogueoflife.org/annual-checklist/2012/details/species/id/9741333,Oriya,,2022-10-03T22:15:29Z
96224,ଚିତି,und,"","",,Oriya,Nirmal manna,2024-01-24T12:03:23Z
