id,vernacularName,language,locality,countryCode,source,lexicon,contributor,created
49617,Céro,und,"","","FA Bisby, YR Roskov, MA Ruggiero, TM Orrell, LE Paglinawan, PW Brewer, N Bailly, J van Hertum, eds (2007). Species 2000 & ITIS Catalogue of Life: 2007 Annual Checklist Taxonomic Classification. CD-ROM; Species 2000: Reading, U.K.",Creole (French),Donald Davesne,2009-02-15T05:31:08Z
53567,Lion Baroque,und,"","",http://www.ubio.org/browser/details.php?namebankID=895765,Creole (French),Victor HOYEAU,2009-10-04T06:31:27Z
53574,Lion aux ailes rouges,und,"","",http://www.ubio.org/browser/details.php?namebankID=896878,Creole (French),Ken-ichi Ueda,2009-10-04T06:31:42Z
55202,Kaya,und,"","","FA Bisby, YR Roskov, MA Ruggiero, TM Orrell, LE Paglinawan, PW Brewer, N Bailly, J van Hertum, eds (2007). Species 2000 & ITIS Catalogue of Life: 2007 Annual Checklist Taxonomic Classification. CD-ROM; Species 2000: Reading, U.K.",Creole (French),Ken-ichi Ueda,2010-01-17T15:49:36Z
342673,Sap-sap le dents,und,"","",http://www.ubio.org/browser/details.php?namebankID=868051,Creole (French),Ken-ichi Ueda,2014-02-11T07:00:22Z
52817,Coulant barré,und,"","",http://www.ubio.org/browser/details.php?namebankID=898170,Creole (French),Ken-ichi Ueda,2014-05-31T01:42:24Z
154723,Madame tombé,und,"","",,Creole (French),Cédric de Foucault,2015-08-26T07:07:59Z
275157,Liane papaye,und,"","",,Creole (French),Cédric de Foucault,2015-09-02T07:06:28Z
193310,Toto margot,und,"","",,Creole (French),Cédric de Foucault,2015-09-03T14:02:54Z
119428,Laffe volant,und,"","",http://www.catalogueoflife.org/annual-checklist/2012/details/species/id/10079383/common/38235,Creole (French),Victor HOYEAU,2015-09-15T09:41:36Z
111200,Laffe volant,und,"","",http://www.catalogueoflife.org/annual-checklist/2012/details/species/id/10079385/common/38200,Creole (French),Bobby McCabe,2015-09-15T09:41:37Z
123459,Laffe volant,und,"","",http://www.catalogueoflife.org/annual-checklist/2012/details/species/id/10079386/common/38187,Creole (French),Mark Rosenstein,2015-09-15T09:41:37Z
47281,Laffe volant,und,"","",http://www.catalogueoflife.org/annual-checklist/2012/details/species/id/10079389/common/38127,Creole (French),Ken-ichi Ueda,2015-09-15T09:41:37Z
47280,Laffe volant,und,"","",http://www.catalogueoflife.org/annual-checklist/2012/details/species/id/10079391/common/38065,Creole (French),Ken-ichi Ueda,2015-09-15T09:41:37Z
84181,Dilar,und,"","",http://www.catalogueoflife.org/annual-checklist/details/species/id/10070650/common/142943,Creole (French),,2017-05-23T16:08:14Z
187097,Sap-sap long,und,"","",http://www.ubio.org/browser/details.php?namebankID=893742,Creole (French),Ken-ichi Ueda,2017-12-21T22:48:59Z
851888,Cadoc,und,"","",,Creole (French),Cédric de Foucault,2019-01-13T19:35:42Z
82088,Ouassou,und,"","",,Creole (French),Valentin de Mazancourt,2020-04-15T15:09:56Z
101846,Coukia,und,"","",,Creole (French),Valentin de Mazancourt,2020-04-16T08:23:44Z
53875,Crabe Mal zoreille,und,"","",,Creole (French),Valentin de Mazancourt,2020-04-16T08:24:32Z
224298,Zabitan,und,"","",,Creole (French),Valentin de Mazancourt,2020-04-16T08:28:40Z
224298,Ouassou,und,"","",,Creole (French),Valentin de Mazancourt,2020-04-16T08:28:56Z
55295,Zagayak,und,"","",,Creole (French),Valentin de Mazancourt,2020-04-16T08:29:36Z
295157,Bouc,und,"","",,Creole (French),Valentin de Mazancourt,2020-04-17T09:41:43Z
295157,Cacador,und,"","",,Creole (French),Valentin de Mazancourt,2020-04-17T09:41:58Z
14638,Merle péï,und,"","",,Creole (French),Antoine Edé,2020-10-10T06:45:30Z
131242,Pwa bod lanmey,und,"","",,Creole (French),Valentin de Mazancourt,2021-04-02T08:33:36Z
8355,Oiseau la Vierge,und,"","",,Creole (French),Antoine Edé,2021-05-18T07:11:12Z
49511,Akoupa toeroe,und,French Guiana,GF,,Creole (French),Zane Roskoph,2021-07-19T15:35:39Z
49511,Akoupa rouj,und,French Guiana,GF,,Creole (French),Zane Roskoph,2021-07-19T15:36:04Z
49511,Akoupa grand-mè,und,French Guiana,GF,,Creole (French),Zane Roskoph,2021-07-19T15:36:30Z
563994,Torche,und,French Guiana,GF,,Creole (French),Zane Roskoph,2021-07-19T17:01:42Z
49211,Poucici,und,French Guiana,GF,,Creole (French),Zane Roskoph,2021-07-19T17:17:28Z
49211,Kanfran,und,French Guiana,GF,,Creole (French),Zane Roskoph,2021-07-19T17:18:14Z
49211,Canfranc,und,French Guiana,GF,,Creole (French),Zane Roskoph,2021-07-19T17:18:43Z
556853,Dorad,und,French Guiana,GF,,Creole (French),Zane Roskoph,2021-07-20T11:30:18Z
341818,Poson-tig,und,French Guiana,GF,,Creole (French),Zane Roskoph,2021-07-20T11:41:18Z
494542,Caloueri,und,"","",,Creole (French),Zane Roskoph,2021-07-20T12:03:05Z
494542,Kaloueri,und,"","",,Creole (French),Zane Roskoph,2021-07-20T12:03:21Z
494542,Kaweli,und,"","",,Creole (French),Zane Roskoph,2021-07-20T12:03:37Z
147020,Ibap,und,"","",,Creole (French),Zane Roskoph,2021-07-20T13:05:19Z
147020,Pëne,und,"","",,Creole (French),Zane Roskoph,2021-07-20T13:05:32Z
147020,Pilay,und,"","",,Creole (French),Zane Roskoph,2021-07-20T13:05:48Z
147020,Pilin,und,"","",,Creole (French),Zane Roskoph,2021-07-20T13:06:03Z
147020,Piray de nuit,und,"","",,Creole (French),Zane Roskoph,2021-07-20T13:06:19Z
147020,Pireng,und,"","",,Creole (French),Zane Roskoph,2021-07-20T13:06:40Z
147020,Poson sizo,und,"","",,Creole (French),Zane Roskoph,2021-07-20T13:07:04Z
99786,Anguille-tremblante,und,"","",,Creole (French),Zane Roskoph,2021-07-20T13:18:44Z
99786,Z'angi-tranblan,und,"","",,Creole (French),Zane Roskoph,2021-07-20T13:19:01Z
608806,Manoué,und,"","",,Creole (French),Zane Roskoph,2021-07-20T13:45:02Z
608806,Koko sousouri,und,"","",,Creole (French),Zane Roskoph,2021-07-20T13:45:21Z
608806,Jamégouté,und,"","",,Creole (French),Zane Roskoph,2021-07-20T13:45:37Z
608806,Coco sousouri,und,"","",,Creole (French),Zane Roskoph,2021-07-20T13:45:59Z
608811,Jammengouté,und,"","",,Creole (French),Zane Roskoph,2021-07-20T13:54:41Z
608811,Koko sousouri,und,"","",,Creole (French),Zane Roskoph,2021-07-20T13:54:58Z
608811,Mannouwe,und,"","",,Creole (French),Zane Roskoph,2021-07-20T13:55:18Z
221492,Atipa,und,"","",,Creole (French),Zane Roskoph,2021-07-23T23:39:27Z
221492,Atipa bosco,und,"","",,Creole (French),Zane Roskoph,2021-07-23T23:39:55Z
221492,Bosko,und,"","",,Creole (French),Zane Roskoph,2021-07-23T23:40:17Z
94016,Pintade,und,"","",,Creole (French),Zane Roskoph,2021-07-27T16:51:36Z
135283,Cirugien,und,"","",,Creole (French),Zane Roskoph,2021-07-27T17:59:19Z
362191,Moucou-moucou,und,"","",,Creole (French),Alain Cervantes,2021-07-29T00:30:00Z
85098,Mombin,und,"","",,Creole (French),Alain Cervantes,2021-07-29T01:36:21Z
34062,Lézard vert,und,"","",,Creole (French),Victor HOYEAU,2022-03-21T10:20:18Z
