id,vernacularName,language,locality,countryCode,source,lexicon,contributor,created
28331,Xizang Wenquan She,und,"","",http://reptile-database.reptarium.cz/search.php?genus=Thermophis&species=baileyi&submit=Search,Chinese,,2011-08-19T02:15:36Z
104888,Gongshan Baihuanshe,und,"","",http://reptile-database.reptarium.cz/search.php?genus=Lycodon&species=gongshan&submit=Search,Chinese,,2011-08-19T03:02:51Z
114065,Sichuan Wenquan She,und,"","",http://reptile-database.reptarium.cz/search.php?genus=Thermophis&species=zhaoermii&submit=Search,Chinese,,2011-08-19T03:06:43Z
41584,Ba Gua Mao,und,"","",http://www.ubio.org/browser/details.php?namebankID=760180,Chinese,,2012-11-05T21:35:44Z
198780,Hanguo Zhaoni,und,"","",,Chinese,Scott Loarie,2012-12-20T15:09:53Z
198781,Riben Bei Zhaoni,und,"","",,Chinese,Scott Loarie,2012-12-20T15:10:51Z
198782,Jilin Zhaoni,und,"","",,Chinese,Scott Loarie,2012-12-20T15:11:35Z
198783,Liaoning Zhaoni,und,"","",,Chinese,Scott Loarie,2012-12-20T15:12:11Z
337453,玉帶鳳蝶,und,"","",http://www.ubio.org/browser/details.php?namebankID=5431691,Chinese,,2013-11-27T14:48:08Z
337533,玉帶弄蝶,und,"","",http://www.ubio.org/browser/details.php?namebankID=5431344,Chinese,,2013-12-02T02:14:29Z
337534,玉帶黛眼蝶,und,"","",http://www.ubio.org/browser/details.php?namebankID=5431582,Chinese,,2013-12-02T02:14:30Z
49530,尺蛾科 (尺蠖蛾科),und,"Hong Kong | Macao | Taiwan | Guangdong, CN","HK,MO,TW",,Chinese,Sunnetchan,2013-12-12T09:56:44Z
369810,紅毛斑蛾,und,"","",,Chinese,Sunnetchan,2014-09-13T17:23:06Z
416147,黃帶並脊天牛,und,"","",,Chinese,Sunnetchan,2014-10-30T09:02:03Z
202224,眼蛺蝶族,und,Hong Kong | Taiwan | Macao,"HK,TW,MO",,Chinese,Sunnetchan,2015-09-24T08:37:17Z
500822,蜘蛛蘭,und,Hong Kong,HK,,Chinese,Jonatan Glad,2016-07-09T16:36:02Z
511543,黃脛巨緣椿象,und,"","",,Chinese,James Bailey,2016-10-22T16:48:32Z
445672,腹帶叉鼻魨,und,"","",http://eol.org/pages/52605458,Chinese,Bobby McCabe,2017-10-10T10:21:08Z
112582,昆明鲇,und,"","",,Chinese,Bobby McCabe,2017-10-12T00:13:47Z
126845,單葉蔓荊,und,"","",,Chinese,portioid,2017-10-29T18:28:57Z
569411,中國山貓,und,"","",,Chinese,Bobby McCabe,2017-11-05T02:18:47Z
569411,草猞猁,und,"","",,Chinese,Bobby McCabe,2017-11-05T02:18:48Z
569411,漠貓,und,"","",,Chinese,Bobby McCabe,2017-11-05T02:18:48Z
464373,朱砂杜鹃,und,"","",,Chinese,James Ojascastro,2017-11-08T02:16:06Z
49195,老鸦糊,und,"","",,Chinese,John E. Christensen,2017-11-29T08:03:15Z
481558,大花唐松草,und,"","",,Chinese,William Van Hemessen,2017-12-20T17:06:46Z
64517,海神花屬,und,"","",,Chinese,John E. Christensen,2017-12-27T15:31:15Z
557574,小漆树,und,"","",,Chinese,cassi saari,2018-01-02T18:56:11Z
557574,xiao qi shu,und,"","",,Chinese,cassi saari,2018-01-02T18:56:30Z
486549,標準,und,"","",,Chinese,cassi saari,2018-01-02T18:57:34Z
136233,银杉,und,"","",,Chinese,cassi saari,2018-01-02T20:01:12Z
136233,yin shan,und,"","",,Chinese,cassi saari,2018-01-02T20:01:22Z
483934,kuan ye tu er feng,und,"","",,Chinese,cassi saari,2018-01-04T01:31:11Z
630955,蜜蜂,und,"","",,Chinese,cassi saari,2018-01-25T23:51:55Z
56327,角苔門,und,"","",,Chinese,John E. Christensen,2018-01-31T14:15:51Z
47372,加州紅木,und,"","",,Chinese,John E. Christensen,2018-02-08T20:38:16Z
56091,桑树,und,"","",,Chinese,John E. Christensen,2018-02-18T14:05:43Z
47297,龍蝦,und,"","",,Chinese,John E. Christensen,2018-02-22T16:05:54Z
636633,雷波薹草,und,"","",,Chinese,James Ojascastro,2018-02-23T17:20:57Z
445120,榧树,und,"","",,Chinese,,2018-02-24T08:42:29Z
135554,长叶榧树,und,"","",,Chinese,,2018-02-24T08:43:32Z
445117,巴山榧树,und,"","",,Chinese,,2018-02-24T08:44:25Z
123880,矽藻,und,"","",,Chinese,John E. Christensen,2018-03-02T13:40:13Z
561303,黑顶色蟌,und,"","",,Chinese,Shanghong Wang,2018-06-17T01:00:50Z
765426,莽山野桔,und,"","",,Chinese,Bobby McCabe,2018-08-14T03:26:04Z
558829,Konglong,und,"","",,Chinese,Dewald du Plessis,2020-03-23T13:56:28Z
372467,梯状果瓶螺,und,China | Hong Kong,"CN,HK",,Chinese,Kevin Huang,2020-04-08T16:22:30Z
42230,Mi-lou,und,"","",,Chinese,Dewald du Plessis,2020-11-13T22:25:46Z
42230,Sseupou-siang,und,"","",,Chinese,Dewald du Plessis,2020-11-13T22:26:11Z
709526,程氏網翅蟬,und,"","",,Chinese,Neo Scott Anzai 安濟 ネオ スコット,2021-09-15T18:24:10Z
901703,台灣鬼督郵,und,"","",https://www.inaturalist.org/taxon_names/1081815/edit,Chinese,,2022-02-01T08:30:41Z
1376079,觸形大疣蛛 (長尾蛛),und,"","",https://www.inaturalist.org/taxon_names/1086589/edit,Chinese,,2022-04-15T03:43:25Z
29574,堂皇狼齿蛇,und,"","",,Chinese,William ain,2022-06-09T13:52:09Z
1070954,幻影蚜蠅,und,Taiwan,TW,,Chinese,Zachary Dankowicz,2022-08-29T19:02:34Z
1180323,贝利银杏螺,und,China,CN,,Chinese,Luxian Chen,2023-05-11T02:38:40Z
1180323,皮氏银杏螺,und,China,CN,,Chinese,Luxian Chen,2023-05-11T02:40:16Z
49370,大通黄耆,und,"","",,Chinese,Mirko Schoenitz,2023-09-27T15:55:34Z
1292525,海须芒草,und,"","",,Chinese,Kevin Faccenda,2023-09-28T05:38:29Z
1517256,Tai lung,und,"","",https://www.inaturalist.org/taxon_names/2007481/edit,Chinese,,2023-12-10T20:38:54Z
1539892,毛腹邻种蝇,und,"","",,Chinese,JL,2024-03-12T03:57:43Z
