id,vernacularName,language,locality,countryCode,source,lexicon,contributor,created
83992,Ошиськись кызьпу,und,"","",,Udmurt,John E. Christensen,2017-12-14T22:05:10Z
3,Тылобурдо,und,"","",,Udmurt,John E. Christensen,2017-12-22T21:54:43Z
47336,Кузьыли,und,"","",,Udmurt,John E. Christensen,2018-11-02T13:14:45Z
522193,Койык,und,"","",,Udmurt,Борис Георги,2019-01-14T23:24:16Z
40151,Пӧйшур,und,"","",,Udmurt,John E. Christensen,2019-02-07T16:08:58Z
505478,Курег,und,"","",,Udmurt,John E. Christensen,2020-01-02T13:34:19Z
59552,Италмас,und,"","",,Udmurt,Aleksandr Novikov,2020-04-24T06:35:30Z
60284,Ожмонтурын,und,"","",,Udmurt,Марина Горбунова-Ëлкина,2020-06-30T23:56:41Z
42007,Пума,und,"","",,Udmurt,Zane Roskoph,2021-08-01T02:00:43Z
41644,Тӧдьы гондыр,und,"","",,Udmurt,Zane Roskoph,2021-08-11T17:10:04Z
41955,Гепард,und,"","",,Udmurt,Zane Roskoph,2021-08-13T12:32:03Z
41964,Арыслан,und,"","",,Udmurt,Zane Roskoph,2021-08-24T15:27:50Z
74831,Ирбис,und,"","",,Udmurt,Zane Roskoph,2021-08-25T12:33:07Z
42407,Зубр,und,"","",,Udmurt,Zane Roskoph,2021-08-25T14:03:20Z
42407,Европаысь бизон,und,"","",,Udmurt,Zane Roskoph,2021-08-25T14:03:34Z
74319,Кельыт газель,und,"","",https://www.inaturalist.org/taxon_names/2631557/edit,Udmurt,,2022-03-24T20:30:37Z
109062,Юш,und,"","",,Udmurt,Марина Горбунова-Ëлкина,2022-12-27T01:24:29Z
8088,Ӝакы,und,"","",,Udmurt,Марина Горбунова-Ëлкина,2022-12-27T01:36:32Z
17871,Бадӟым куӵо сизь,und,"","",,Udmurt,Марина Горбунова-Ëлкина,2022-12-27T04:31:15Z
17871,Сиськокась,und,"","",,Udmurt,Марина Горбунова-Ëлкина,2022-12-27T04:31:26Z
41850,Вад,und,"","",,Udmurt,Марина Горбунова-Ëлкина,2022-12-27T04:39:15Z
5268,Сьӧд душес,und,"","",,Udmurt,Марина Горбунова-Ëлкина,2022-12-27T05:15:45Z
144757,Куака,und,"","",,Udmurt,Марина Горбунова-Ëлкина,2023-02-12T15:32:00Z
42048,Кион,und,"","",,Udmurt,Марина Горбунова-Ëлкина,2023-03-10T18:33:48Z
