id,vernacularName,language,locality,countryCode,source,lexicon,contributor,created
52134,Pin'oit,und,"","",,Livvi Karelian,John E. Christensen,2018-02-17T10:26:02Z
52761,Kuz’manhattu,und,"","",,Livvi Karelian,John E. Christensen,2018-03-25T06:46:08Z
47336,Kudžoi,und,"","",,Livvi Karelian,John E. Christensen,2018-11-02T13:09:50Z
3802,Suulu,und,"","",,Livvi Karelian,Zane Roskoph,2021-08-11T15:47:31Z
41461,Maidovalas,und,"","",,Livvi Karelian,Zane Roskoph,2021-08-15T19:53:13Z
153003,Muur'oi,und,"","",,Livvi Karelian,Zane Roskoph,2021-08-18T16:15:58Z
6990,Telky,und,"","",,Livvi Karelian,Марина Горбунова-Ëлкина,2022-12-27T01:20:23Z
109062,Ahven,und,"","",,Livvi Karelian,Марина Горбунова-Ëлкина,2022-12-27T01:28:28Z
