id,vernacularName,language,locality,countryCode,source,lexicon,contributor,created
41955,ቺታ,und,"","",,Tigrinya,Zane Roskoph,2021-08-13T12:30:50Z
41964,ኣንበሳ,und,"","",,Tigrinya,Zane Roskoph,2021-08-24T15:26:40Z
594430,qentib,und,"","",,Tigrinya,Botswanabugs,2021-09-28T11:40:57Z
594430,qentiba,und,"","",,Tigrinya,Botswanabugs,2021-09-28T11:41:36Z
594430,tsaeda kenteb,und,"","",,Tigrinya,Botswanabugs,2021-09-28T11:42:35Z
1,እንስሳታት,und,"","",,Tigrinya,Yann Kemper,2022-11-18T04:56:33Z
527007,tselim,und,"","",,Tigrinya,Botswanabugs,2023-01-20T15:24:33Z
527007,kenteb,und,"","",,Tigrinya,Botswanabugs,2023-01-20T15:25:05Z
340176,ander guhila,und,"","",,Tigrinya,Botswanabugs,2023-02-08T20:49:18Z
871766,meshendedo,und,"","",,Tigrinya,Mark,2023-04-26T12:21:21Z
