id,vernacularName,language,locality,countryCode,source,lexicon,contributor,created
49601,Môle,und,"","",http://www.catalogueoflife.org/annual-checklist/2012/details/species/id/10085292/common/224015,Marshallese,Victor HOYEAU,2013-01-21T20:50:42Z
123393,Kale,und,"","",http://www.catalogueoflife.org/annual-checklist/2012/details/species/id/10079388/common/38156,Marshallese,Victor HOYEAU,2013-10-22T18:43:17Z
47280,Kale,und,"","",http://www.catalogueoflife.org/annual-checklist/2012/details/species/id/10079391/common/38069,Marshallese,Mark Rosenstein,2013-10-22T18:43:17Z
121193,Bir,und,"","",http://www.catalogueoflife.org/annual-checklist/details/species/id/10066662/common/220131,Marshallese,,2017-11-30T23:26:21Z
69760,Bir,und,"","",http://www.catalogueoflife.org/annual-checklist/details/species/id/10066640/common/220926,Marshallese,,2017-11-30T23:26:22Z
84150,Bōb,und,"","",,Marshallese,James Ojascastro,2018-03-15T19:26:13Z
121704,Ael,und,"","",http://www.catalogueoflife.org/annual-checklist/details/species/id/10066667/common/219895,Marshallese,,2019-01-07T19:00:27Z
49508,Loom,und,"","",http://www.catalogueoflife.org/annual-checklist/details/species/id/10075908/common/78693,Marshallese,,2019-11-14T19:16:22Z
425753,Kōñe,und,Marshall Islands,MH,,Marshallese,Raphael Forns,2021-03-13T02:03:57Z
133328,Kalañe,und,Marshall Islands,MH,,Marshallese,Raphael Forns,2021-03-13T02:16:06Z
52508,Bijel,und,"","",http://www.catalogueoflife.org/annual-checklist/details/species/id/10076322/common/200267,Marshallese,,2021-07-27T15:54:01Z
110971,Bok,und,"","",,Marshallese,Zane Roskoph,2021-07-27T16:23:35Z
154282,Bub,und,"","",,Marshallese,Zane Roskoph,2021-07-27T16:35:22Z
187000,Muk,und,"","",,Marshallese,Zane Roskoph,2021-07-27T16:43:28Z
94016,Alle,und,"","",,Marshallese,Zane Roskoph,2021-07-27T17:00:35Z
135283,Hidsug,und,"","",http://www.catalogueoflife.org/annual-checklist/details/species/id/10066658/common/54819,Marshallese,,2021-07-27T18:11:44Z
135283,Kwi,und,"","",,Marshallese,Zane Roskoph,2021-07-27T18:13:06Z
63597,Likob,und,"","",http://www.catalogueoflife.org/annual-checklist/details/species/id/10076469/common/36369,Marshallese,,2021-07-27T19:31:11Z
424818,Laid,und,"","",,Marshallese,Zane Roskoph,2021-07-28T13:25:25Z
424818,Jorur,und,"","",http://www.catalogueoflife.org/annual-checklist/details/species/id/10066720/common/55488,Marshallese,,2021-07-28T13:25:38Z
111389,Jorur,und,"","",http://www.catalogueoflife.org/annual-checklist/details/species/id/10070659/common/301907,Marshallese,,2021-07-28T13:25:38Z
424818,Hamoktan,und,"","",,Marshallese,Zane Roskoph,2021-07-28T13:27:08Z
132410,Teeeo,und,"","",http://www.catalogueoflife.org/annual-checklist/details/species/id/10066664/common/54418,Marshallese,,2021-07-28T15:04:11Z
424219,Jibalan,und,"","",http://www.catalogueoflife.org/annual-checklist/details/species/id/10068428/common/178347,Marshallese,,2021-07-28T23:37:36Z
196628,Jibalan,und,"","",http://www.catalogueoflife.org/annual-checklist/details/species/id/10074251/common/65752,Marshallese,Victor HOYEAU,2021-07-28T23:37:37Z
446448,Jibalan,und,"","",http://www.catalogueoflife.org/annual-checklist/details/species/id/10068717/common/72850,Marshallese,,2021-07-28T23:37:38Z
344685,Jibalan,und,"","",http://www.catalogueoflife.org/annual-checklist/details/species/id/10068430/common/178332,Marshallese,,2021-07-28T23:37:38Z
368493,Jibalan,und,"","",http://www.catalogueoflife.org/annual-checklist/details/species/id/10074418/common/231008,Marshallese,,2021-07-28T23:37:38Z
446462,Jibalan,und,"","",http://www.catalogueoflife.org/annual-checklist/details/species/id/10068724/common/24107,Marshallese,Clinton Duffy,2021-07-28T23:37:39Z
121426,Jibalan,und,"","",http://www.catalogueoflife.org/annual-checklist/details/species/id/10068521/common/230744,Marshallese,,2021-07-28T23:37:39Z
445961,Jibalan,und,"","",http://www.catalogueoflife.org/annual-checklist/details/species/id/10072107/common/20720,Marshallese,,2021-07-28T23:37:39Z
446125,Jibalan,und,"","",http://www.catalogueoflife.org/annual-checklist/details/species/id/10068554/common/176824,Marshallese,,2021-07-28T23:37:40Z
196708,Jibalan,und,"","",http://www.catalogueoflife.org/annual-checklist/details/species/id/10068395/common/189372,Marshallese,,2021-07-28T23:37:40Z
95478,Jibalan,und,"","",http://www.catalogueoflife.org/annual-checklist/details/species/id/10073793/common/115137,Marshallese,,2021-07-28T23:37:40Z
196701,Jibalan,und,"","",http://www.catalogueoflife.org/annual-checklist/details/species/id/10068556/common/176792,Marshallese,,2021-07-28T23:37:41Z
196709,Jibalan,und,"","",http://www.catalogueoflife.org/annual-checklist/details/species/id/10068401/common/189325,Marshallese,Clinton Duffy,2021-07-28T23:37:41Z
489359,Jibalan,und,"","",http://www.catalogueoflife.org/annual-checklist/details/species/id/10074138/common/3262,Marshallese,,2021-07-28T23:37:41Z
446447,Jibalan,und,"","",http://www.catalogueoflife.org/annual-checklist/details/species/id/10068716/common/72854,Marshallese,,2021-07-28T23:37:41Z
53669,Bub,und,"","",,Marshallese,Zane Roskoph,2021-07-30T11:39:57Z
53669,Bub mej,und,"","",http://www.catalogueoflife.org/annual-checklist/details/species/id/10084948/common/235509,Marshallese,,2021-07-30T11:40:39Z
52411,Imim,und,"","",http://www.catalogueoflife.org/annual-checklist/details/species/id/10084947/common/200412,Marshallese,,2021-07-30T18:44:27Z
83884,Imim,und,"","",http://www.catalogueoflife.org/annual-checklist/details/species/id/10084953/common/180653,Marshallese,,2021-07-30T18:44:27Z
123269,Imim,und,"","",http://www.catalogueoflife.org/annual-checklist/details/species/id/10066657/common/54917,Marshallese,,2021-07-30T18:44:28Z
83884,Bub,und,"","",,Marshallese,Zane Roskoph,2021-07-30T19:25:37Z
196870,Liele,und,"","",http://www.catalogueoflife.org/annual-checklist/details/species/id/10084949/common/206361,Marshallese,,2021-07-30T19:25:50Z
83884,Liele,und,"","",http://www.catalogueoflife.org/annual-checklist/details/species/id/10084953/common/180646,Marshallese,,2021-07-30T19:25:50Z
123392,Liele,und,"","",http://www.catalogueoflife.org/annual-checklist/details/species/id/10084941/common/227898,Marshallese,Donald Davesne,2021-07-30T19:25:51Z
52456,Kalemeej,und,"","",http://www.catalogueoflife.org/annual-checklist/details/species/id/10073036/common/61443,Marshallese,,2021-08-01T13:36:01Z
52451,Bulok,und,"","",,Marshallese,Zane Roskoph,2021-08-03T16:20:37Z
52451,Bwilok,und,"","",http://www.catalogueoflife.org/annual-checklist/details/species/id/10066695/common/8298,Marshallese,,2021-08-03T16:20:46Z
121458,Guassa,und,"","",http://www.catalogueoflife.org/annual-checklist/details/species/id/10066694/common/8396,Marshallese,,2021-08-03T16:20:57Z
52451,Guassa,und,"","",http://www.catalogueoflife.org/annual-checklist/details/species/id/10066695/common/8288,Marshallese,,2021-08-03T16:20:58Z
121658,Guassa,und,"","",http://www.catalogueoflife.org/annual-checklist/details/species/id/10066705/common/7942,Marshallese,,2021-08-03T16:20:58Z
132407,Guassa,und,"","",http://www.catalogueoflife.org/annual-checklist/details/species/id/10066687/common/8693,Marshallese,,2021-08-03T16:20:59Z
52451,Hangun,und,"","",http://www.catalogueoflife.org/annual-checklist/details/species/id/10066695/common/8287,Marshallese,,2021-08-03T16:21:03Z
121658,Hangun,und,"","",http://www.catalogueoflife.org/annual-checklist/details/species/id/10066705/common/7943,Marshallese,,2021-08-03T16:21:04Z
52451,Pulak,und,"","",http://www.catalogueoflife.org/annual-checklist/details/species/id/10066695/common/8245,Marshallese,,2021-08-03T16:21:11Z
122514,Jerabwe,und,"","",http://www.catalogueoflife.org/annual-checklist/details/species/id/10077027/common/65291,Marshallese,Donald Davesne,2021-08-10T01:48:47Z
196836,Jerabwe,und,"","",http://www.catalogueoflife.org/annual-checklist/details/species/id/10077033/common/64987,Marshallese,,2021-08-10T01:48:47Z
196838,Jerrobe,und,"","",http://www.catalogueoflife.org/annual-checklist/details/species/id/10077021/common/65546,Marshallese,Victor HOYEAU,2021-08-10T01:49:19Z
122514,Jerrobe,und,"","",http://www.catalogueoflife.org/annual-checklist/details/species/id/10077027/common/65290,Marshallese,Donald Davesne,2021-08-10T01:49:20Z
196836,Jerrobe,und,"","",http://www.catalogueoflife.org/annual-checklist/details/species/id/10077033/common/64988,Marshallese,,2021-08-10T01:49:20Z
52323,Lükobinãtãt,und,"","",http://www.catalogueoflife.org/annual-checklist/details/species/id/10076294/common/142028,Marshallese,,2021-08-12T16:03:56Z
102059,Alle,und,"","",,Marshallese,Zane Roskoph,2021-08-17T23:36:19Z
54441,Hagman-lisadso,und,"","",http://www.catalogueoflife.org/annual-checklist/details/species/id/10053590/common/123246,Marshallese,,2021-08-29T12:00:25Z
180786,Hagman-lisadso,und,"","",http://www.catalogueoflife.org/annual-checklist/details/species/id/10054174/common/177279,Marshallese,Victor HOYEAU,2021-08-29T12:00:26Z
54679,Hagman-lisadso,und,"","",http://www.catalogueoflife.org/annual-checklist/details/species/id/10054175/common/177243,Marshallese,Victor HOYEAU,2021-08-29T12:00:26Z
153280,Ikubuj,und,"","",http://www.catalogueoflife.org/annual-checklist/details/species/id/10069945/common/133308,Marshallese,,2021-08-29T13:12:14Z
153280,Ikbwij,und,"","",http://www.catalogueoflife.org/annual-checklist/details/species/id/10069945/common/133309,Marshallese,,2021-08-29T13:12:25Z
201238,Ikbwij,und,"","",http://www.catalogueoflife.org/annual-checklist/details/species/id/10070015/common/207248,Marshallese,Victor HOYEAU,2021-08-29T13:12:25Z
153280,Kubkub,und,"","",http://www.catalogueoflife.org/annual-checklist/details/species/id/10069945/common/133290,Marshallese,,2021-08-29T13:12:33Z
153280,Tarakito,und,"","",,Marshallese,Zane Roskoph,2021-08-29T13:50:03Z
203922,Ikiribit,und,"","",http://www.catalogueoflife.org/annual-checklist/details/species/id/10070445/common/156457,Marshallese,,2021-08-29T17:06:13Z
57339,Ikiribit,und,"","",http://www.catalogueoflife.org/annual-checklist/details/species/id/10070355/common/53668,Marshallese,,2021-08-29T17:06:13Z
119717,Ikiribit,und,"","",http://www.catalogueoflife.org/annual-checklist/details/species/id/10070503/common/11918,Marshallese,,2021-08-29T17:06:13Z
204591,Ikiribit,und,"","",http://www.catalogueoflife.org/annual-checklist/details/species/id/10070363/common/53591,Marshallese,,2021-08-29T17:06:14Z
424314,Ikiribit,und,"","",http://www.catalogueoflife.org/annual-checklist/details/species/id/10070504/common/11883,Marshallese,Donald Davesne,2021-08-29T17:06:14Z
57337,Ikiribit,und,"","",http://www.catalogueoflife.org/annual-checklist/details/species/id/10070448/common/156387,Marshallese,,2021-08-29T17:06:14Z
135270,Ikiribit,und,"","",http://www.catalogueoflife.org/annual-checklist/details/species/id/10070521/common/11757,Marshallese,,2021-08-29T17:06:15Z
57334,Ikiribit,und,"","",http://www.catalogueoflife.org/annual-checklist/details/species/id/10070449/common/156372,Marshallese,,2021-08-29T17:06:16Z
179872,Ikiribit,und,"","",http://www.catalogueoflife.org/annual-checklist/details/species/id/10070390/common/199811,Marshallese,,2021-08-29T17:06:16Z
325535,Ikiribit,und,"","",http://www.catalogueoflife.org/annual-checklist/details/species/id/10070467/common/12208,Marshallese,,2021-08-29T17:06:17Z
49303,Ikiribit,und,"","",http://www.catalogueoflife.org/annual-checklist/details/species/id/10070392/common/199763,Marshallese,,2021-08-29T17:06:17Z
341387,Ikiribit,und,"","",http://www.catalogueoflife.org/annual-checklist/details/species/id/10070353/common/53717,Marshallese,,2021-08-29T17:06:18Z
341863,Ikiribit,und,"","",http://www.catalogueoflife.org/annual-checklist/details/species/id/10070483/common/12104,Marshallese,,2021-08-29T17:06:18Z
196838,Motal,und,"","",http://www.catalogueoflife.org/annual-checklist/2012/details/species/id/9741333,Marshallese,Victor HOYEAU,2021-09-12T23:17:24Z
196838,Tiau-atse,und,"","",http://www.catalogueoflife.org/annual-checklist/2012/details/species/id/9741333,Marshallese,Victor HOYEAU,2021-09-12T23:17:36Z
159698,jiro,und,"","",https://eol.org/pages/488469,Marshallese,James Kameron Mitchell,2021-09-13T19:04:24Z
196709,Kudrakel,und,"","",http://www.catalogueoflife.org/annual-checklist/2012/details/species/id/9741333,Marshallese,Clinton Duffy,2021-09-15T00:16:27Z
83879,Bataklaj,und,"","",http://www.catalogueoflife.org/annual-checklist/2012/details/species/id/9741333,Marshallese,,2021-09-15T23:38:07Z
83879,Batoklaj,und,"","",http://www.catalogueoflife.org/annual-checklist/2012/details/species/id/9741333,Marshallese,,2021-09-15T23:38:20Z
121658,Batoklaj,und,"","",http://www.catalogueoflife.org/annual-checklist/2012/details/species/id/9741333,Marshallese,,2021-09-15T23:38:20Z
132366,Kabat,und,"","",http://www.catalogueoflife.org/annual-checklist/2012/details/species/id/9741333,Marshallese,,2021-09-17T19:18:11Z
114126,Boebo,und,"","",http://www.catalogueoflife.org/annual-checklist/2012/details/species/id/9741333,Marshallese,Donald Davesne,2021-09-18T18:50:06Z
47257,Al,und,"","",,Marshallese,Zane Roskoph,2021-09-20T00:35:51Z
47578,Onan,und,"","",,Marshallese,Zane Roskoph,2021-10-10T18:56:52Z
47251,Niitwa,und,"","",http://www.catalogueoflife.org/annual-checklist/2012/details/species/id/9741333,Marshallese,,2021-10-17T23:34:31Z
47251,Jujukip,und,"","",,Marshallese,Zane Roskoph,2021-10-17T23:35:19Z
47251,Jujukob,und,"","",http://www.catalogueoflife.org/annual-checklist/2012/details/species/id/9741333,Marshallese,,2021-10-17T23:35:40Z
47251,Jujukop,und,"","",http://www.catalogueoflife.org/annual-checklist/2012/details/species/id/9741333,Marshallese,,2021-10-17T23:35:53Z
47251,Jure,und,"","",,Marshallese,Zane Roskoph,2021-10-17T23:36:25Z
97310,Mao,und,"","",,Marshallese,Zane Roskoph,2021-10-29T23:15:30Z
97310,Bo,und,"","",,Marshallese,Zane Roskoph,2021-10-29T23:15:55Z
1325088,Ikiribit,und,"","",http://www.catalogueoflife.org/annual-checklist/details/species/id/10070447/common/156425,Marshallese,,2021-12-07T22:47:43Z
1325094,Ikiribit,und,"","",http://www.catalogueoflife.org/annual-checklist/details/species/id/10070543/common/11628,Marshallese,Mark Rosenstein,2021-12-07T23:01:25Z
49925,Bel,und,"","",,Marshallese,Zane Roskoph,2021-12-28T16:04:40Z
