id,vernacularName,language,locality,countryCode,source,lexicon,contributor,created
98477,Gwyniad,und,"","",,Welsh,Tig,2013-04-26T07:24:44Z
111994,Torgoch,und,"","",,Welsh,Tig,2015-12-07T10:43:17Z
101176,Ciglas,und,"","",,Welsh,Tig,2015-12-07T17:29:40Z
131035,Dorsán breac,und,"","",,Welsh,Fabien Piednoir,2016-10-14T12:48:12Z
57157,Crydwellt mawr,und,"","",,Welsh,John E. Christensen,2017-11-29T09:28:55Z
47126,Planhigyn,und,"","",,Welsh,John E. Christensen,2017-12-06T07:49:06Z
51807,Troed y golomen,und,"","",,Welsh,John E. Christensen,2017-12-09T15:27:59Z
5267,Barcud Coch,und,"","",,Welsh,John E. Christensen,2017-12-15T07:01:49Z
26036,Ymlusgiad,und,"","",,Welsh,John E. Christensen,2017-12-19T08:07:53Z
47114,Gastropod,und,"","",,Welsh,John E. Christensen,2017-12-20T15:35:27Z
43791,Afanc,und,"","",,Welsh,John E. Christensen,2017-12-26T20:11:19Z
20978,Amffibiad,und,"","",,Welsh,John E. Christensen,2018-01-07T09:25:19Z
61827,Lili Jersey,und,"","",,Welsh,John E. Christensen,2018-01-24T16:16:04Z
42134,Baedd Gwyllt,und,"","",,Welsh,John E. Christensen,2018-02-13T08:03:31Z
18230,Ysgytiwr gogleddol,und,"","",,Welsh,John E. Christensen,2018-02-23T13:44:55Z
131605,Tegeirian y milwr,und,"","",,Welsh,John E. Christensen,2018-03-10T14:24:14Z
8088,Ysgrech y coed,und,"","",,Welsh,John E. Christensen,2018-03-24T06:42:05Z
52913,Ysgellog,und,"","",,Welsh,John E. Christensen,2018-03-29T15:38:33Z
56222,Dail troed yr ebol,und,"","",,Welsh,John E. Christensen,2018-04-10T16:30:30Z
143243,Camri,und,"","",,Welsh,John E. Christensen,2018-04-25T14:41:54Z
47603,Dant y llew,und,"","",,Welsh,John E. Christensen,2018-04-30T15:04:55Z
56006,Pidyn-y-gog y gors,und,"","",,Welsh,John E. Christensen,2018-05-02T08:13:27Z
61396,Penrhudd,und,"","",,Welsh,John E. Christensen,2018-05-14T08:14:01Z
64549,Bwrned mawr,und,"","",,Welsh,John E. Christensen,2018-05-15T09:07:19Z
58722,Pinwydden yr Alban,und,"","",,Welsh,,2018-06-16T13:12:06Z
85553,Neidr,und,"","",,Welsh,John E. Christensen,2018-06-24T13:40:56Z
569428,Gwenci,und,"","",,Welsh,John E. Christensen,2018-07-05T06:52:48Z
45933,Gwiwer,und,"","",,Welsh,John E. Christensen,2018-07-12T15:22:49Z
151882,Coeden ginco,und,"","",,Welsh,John E. Christensen,2018-08-12T07:03:30Z
55884,Rhosyn gwyllt,und,"","",,Welsh,John E. Christensen,2018-10-18T13:44:29Z
122970,Blodyn-yr-haul oddfog,und,"","",,Welsh,John E. Christensen,2018-11-04T13:19:57Z
64714,Llusen y gors,und,"","",,Welsh,John E. Christensen,2018-11-19T09:50:16Z
47851,Derwen,und,"","",,Welsh,John E. Christensen,2018-11-26T15:16:04Z
63573,Sbriwsen,und,"","",,Welsh,John E. Christensen,2018-12-16T09:43:38Z
121943,Rhedynen,und,"","",,Welsh,John E. Christensen,2018-12-17T16:19:43Z
70054,Melon dŵr,und,"","",,Welsh,John E. Christensen,2018-12-24T10:46:53Z
7006,Gŵydd,und,"","",,Welsh,John E. Christensen,2019-01-04T08:39:16Z
8034,Cigfran yddfwinau,und,"","",,Welsh,John E. Christensen,2019-01-06T08:55:54Z
48561,Ysgallen,und,"","",,Welsh,John E. Christensen,2019-01-16T07:26:24Z
4756,Fwltur pengoch America,und,"","",,Welsh,John E. Christensen,2019-01-23T10:06:48Z
40151,Mamal,und,"","",,Welsh,John E. Christensen,2019-02-07T18:21:10Z
210289,Gwyran,und,"","",,Welsh,John E. Christensen,2019-02-10T11:04:36Z
47516,Brithyll Seithliw,und,"","",,Welsh,John E. Christensen,2019-03-13T09:39:36Z
47217,Tegeirian,und,"","",,Welsh,John E. Christensen,2019-03-15T10:42:44Z
51741,Llysiau'r gymalwst,und,"","",,Welsh,John E. Christensen,2019-05-01T07:59:37Z
43367,Primat,und,"","",,Welsh,John E. Christensen,2019-05-11T11:12:48Z
40019,Crwban tir,und,"","",,Welsh,John E. Christensen,2019-05-28T13:28:31Z
57563,Marchysgallen y gerddi,und,"","",,Welsh,John E. Christensen,2019-07-06T09:44:33Z
914922,Canclwm Japan,und,"","",,Welsh,John E. Christensen,2019-07-30T18:49:02Z
8010,Cigfran,und,"","",,Welsh,John E. Christensen,2019-08-02T13:54:21Z
47927,Gwas neidr,und,"","",,Welsh,John E. Christensen,2019-11-11T21:23:33Z
505478,Iâr (ddof),und,"","",,Welsh,John E. Christensen,2019-11-19T14:09:36Z
127355,Bara'r hwch,und,"","",,Welsh,John E. Christensen,2019-11-24T15:34:43Z
82393,Cnwp-fwsogl Alpaidd,und,"","",,Welsh,Johan Devos,2020-01-29T19:27:08Z
131236,firysau,und,"","",,Welsh,James K. Douch,2020-02-23T03:11:30Z
131586,Cróch an fhómhair,und,"","",,Welsh,Johan Devos,2020-06-05T19:38:47Z
207836,Seren-Fethlehem gynnar,und,"","",,Welsh,Johan Devos,2020-06-05T21:47:48Z
526556,Dwrgi,und,"","",,Welsh,John E. Christensen,2020-06-07T11:36:58Z
350033,amanita benfelen,und,"Wales, GB","",,Welsh,anneliese merrigan,2020-07-20T21:49:00Z
118400,amanita borffor,und,"","",,Welsh,anneliese merrigan,2020-07-20T21:50:10Z
938922,amanita droednoeth,und,"","",,Welsh,anneliese merrigan,2020-07-20T21:51:06Z
48715,amanita'r gwybed,und,"","",,Welsh,anneliese merrigan,2020-07-20T21:51:49Z
19350,Tylluan,und,"","",,Welsh,John E. Christensen,2020-08-30T20:05:14Z
630955,Gwenynen,und,"","",,Welsh,John E. Christensen,2020-09-28T16:00:54Z
5017,Crëyr gwartheg,und,"","",,Welsh,Chris Cheatle,2020-11-14T16:32:59Z
118402,Corwystrysen fwsogl fach,und,"","",,Welsh,Johan Devos,2020-12-13T21:43:29Z
499715,Corwystrysen fwsogl,und,"","",,Welsh,Johan Devos,2020-12-13T21:45:47Z
354693,Bogail gwyrddlas,und,"","",,Welsh,Johan Devos,2020-12-13T21:48:45Z
129485,plu-wyfynod gwyn,und,"","",https://www.inaturalist.org/taxon_names/2359167/edit,Welsh,Christoph Posch,2020-12-24T15:02:35Z
47903,Cactws,und,"","",,Welsh,John E. Christensen,2021-02-10T13:16:59Z
48648,Eog,und,"","",http://www.catalogueoflife.org/annual-checklist/details/species/id/10078694/common/45819,Welsh,,2021-07-09T13:34:07Z
48156,Draenogyn Cegfawr,und,"","",https://eol.org/pages/46580134,Welsh,Stuart Longhorn,2021-07-14T18:19:33Z
47516,Brithyll seiethliw,und,"","",,Welsh,Zane Roskoph,2021-07-19T12:32:20Z
111974,Torgoch,und,"","",,Welsh,Zane Roskoph,2021-07-19T18:59:37Z
50873,Morgi mawr gwyn,und,"","",,Welsh,Zane Roskoph,2021-07-30T13:50:01Z
42007,Pwma,und,"","",,Welsh,Zane Roskoph,2021-08-01T00:46:33Z
14301,Manacin cefnlas,und,"","",,Welsh,Zane Roskoph,2021-08-02T19:41:22Z
52188,Morgi morfilaidd,und,"","",,Welsh,Zane Roskoph,2021-08-03T13:52:12Z
112841,Morgi´r Ynys Las,und,"","",,Welsh,Zane Roskoph,2021-08-03T14:31:46Z
719045,Dryw Hirta,und,"","",,Welsh,Zane Roskoph,2021-08-06T14:43:09Z
719043,Dryw Fair Isle,und,"","",,Welsh,Zane Roskoph,2021-08-06T14:45:30Z
450204,Cotoneaster y gogarth,und,"","",,Welsh,Zane Roskoph,2021-08-06T14:55:41Z
1112984,Heboglys Attenborough,und,"","",,Welsh,Zane Roskoph,2021-08-06T15:03:43Z
336377,Creulys Gymreig,und,"","",,Welsh,Zane Roskoph,2021-08-06T15:05:54Z
371680,Effros Cymreig,und,"","",,Welsh,Zane Roskoph,2021-08-06T15:06:40Z
207576,Chweinllys y maes,und,"","",,Welsh,Zane Roskoph,2021-08-06T15:08:59Z
10421,Gylfingroes yr Alban,und,"","",,Welsh,Zane Roskoph,2021-08-06T15:11:59Z
1330,Sofliar coed farfog,und,"","",,Welsh,Zane Roskoph,2021-08-09T19:12:53Z
12711,Brych gyddfwyn y gorllewin,und,"","",,Welsh,Zane Roskoph,2021-08-09T19:23:45Z
339893,Tanagr prysgoed cyffredin,und,"","",,Welsh,Zane Roskoph,2021-08-09T19:31:44Z
129054,Tiwlip yr ardd,und,"","",,Welsh,Zane Roskoph,2021-08-10T12:06:11Z
47916,Gwyfyn lwna,und,"","",,Welsh,Zane Roskoph,2021-08-10T13:28:20Z
117182,Telor cyrs Nauru,und,"","",,Welsh,Zane Roskoph,2021-08-10T15:46:07Z
709635,Gellesgen farfog,und,"","",,Welsh,Zane Roskoph,2021-08-10T16:16:52Z
3451,Turtur y Galapagos,und,"","",,Welsh,Zane Roskoph,2021-08-11T11:41:09Z
144516,Gwylan dywyll,und,"","",,Welsh,Zane Roskoph,2021-08-11T11:52:49Z
4555,Gwylan ifori,und,"","",,Welsh,Zane Roskoph,2021-08-11T12:10:27Z
4564,Gwylan y Galapagos,und,"","",,Welsh,Zane Roskoph,2021-08-11T12:28:14Z
367474,Rhegen Galapagos,und,"","",,Welsh,Zane Roskoph,2021-08-11T15:04:22Z
3802,Hugan,und,"","",,Welsh,Zane Roskoph,2021-08-11T15:39:11Z
41644,arth wen,und,"","",,Welsh,Zane Roskoph,2021-08-11T16:08:52Z
54699,Llwyn te,und,"","",,Welsh,Zane Roskoph,2021-08-12T12:54:51Z
18941,Cea,und,"","",,Welsh,Zane Roskoph,2021-08-12T14:43:34Z
112581,Pencath,und,"","",,Welsh,Zane Roskoph,2021-08-14T18:06:53Z
41553,Morfil Glas,und,"","",,Welsh,Zane Roskoph,2021-08-15T14:46:24Z
41461,Morfil Gwyn,und,"","",,Welsh,Zane Roskoph,2021-08-15T18:02:32Z
41964,Llew,und,"","",,Welsh,Zane Roskoph,2021-08-24T12:17:42Z
41967,Teigr,und,"","",,Welsh,Zane Roskoph,2021-08-26T15:11:06Z
1277880,Cerddinen wen fach,und,"","",https://www.inaturalist.org/taxon_names/2635610/edit,Welsh,,2021-09-03T01:33:11Z
114122,Tiwna asgell-hir,und,"","",,Welsh,Zane Roskoph,2021-09-18T19:03:59Z
152974,Llyfrothen,und,"","",,Welsh,Zane Roskoph,2021-09-19T12:41:04Z
60603,Iâr fôr,und,"","",,Welsh,Zane Roskoph,2021-09-19T15:09:17Z
49601,Pysgodyn haul,und,"","",,Welsh,Zane Roskoph,2021-09-19T15:45:19Z
97990,Pennog,und,"","",,Welsh,Zane Roskoph,2021-09-19T18:17:17Z
82128,Heulgi,und,"","",,Welsh,Zane Roskoph,2021-09-19T22:55:25Z
213519,Morflaidd,und,"","",,Welsh,Zane Roskoph,2021-10-02T13:50:27Z
47639,Ilyffant môr,und,"","",,Welsh,Zane Roskoph,2021-10-02T14:19:58Z
122916,Opa,und,"","",,Welsh,Zane Roskoph,2021-10-03T23:29:22Z
320790,sgorpion môr Norwy,und,"","",,Welsh,Johan Devos,2021-11-24T08:46:21Z
130386,sgorpion môr,und,"","",,Welsh,Johan Devos,2021-11-24T08:49:13Z
1286843,Dryw'r hesg,und,"","",,Welsh,max kirsch,2022-04-12T19:19:39Z
47125,Planhigyn blodeuol,und,"","",,Welsh,John E. Christensen,2022-09-05T12:40:17Z
1,Anifail,und,"","",,Welsh,John E. Christensen,2022-10-03T11:42:47Z
1,Anifeiliaid,und,"","",,Welsh,Yann Kemper,2022-11-18T04:54:58Z
1431809,Llygoden bengron Sgomer,und,"","",https://www.inaturalist.org/taxon_names/2635606/edit,Welsh,,2022-12-06T18:16:51Z
325871,gwibiwr yr hocys,und,"","",,Welsh,Kitty Maurey,2022-12-10T02:17:25Z
411141,Helyglys Seland Newydd,und,"","",,Welsh,pigeonlister,2022-12-31T02:20:57Z
447878,Corfiaren,und,"","",,Welsh,Johan Devos,2023-01-14T10:25:28Z
64546,Llwyn Mwyar Mair,und,"","",,Welsh,Johan Devos,2023-01-14T10:41:39Z
64546,Mwyaren Fair,und,"","",,Welsh,Johan Devos,2023-01-14T10:42:07Z
47543,Miaren Oren,und,"","",,Welsh,Johan Devos,2023-01-22T17:02:01Z
47543,Mieri Oren,und,"","",,Welsh,Johan Devos,2023-01-22T17:02:23Z
47543,Mwyaren Oren,und,"","",,Welsh,Johan Devos,2023-01-22T17:02:43Z
84227,Llwyn Mwyar Gwin,und,"","",,Welsh,Johan Devos,2023-01-28T12:02:12Z
450242,Miaren Goeswen,und,"","",,Welsh,Johan Devos,2023-01-28T12:05:51Z
450242,Mieri Coeswyn,und,"","",,Welsh,Johan Devos,2023-01-28T12:06:13Z
417619,Llwyn Mwyar Logan,und,"","",,Welsh,Johan Devos,2023-01-31T22:46:28Z
417619,Llwyni Mwyar Logan,und,"","",,Welsh,Johan Devos,2023-01-31T22:46:55Z
20526,Estrys,und,"","",,Welsh,Johan Devos,2023-02-28T22:18:57Z
143532,Hesgen Eurwerdd Lefn,und,"","",,Welsh,Johan Devos,2023-03-15T20:07:06Z
1269296,golfan eira Meinertzhagen,und,"","",https://www.inaturalist.org/taxon_names/2631300/edit,Welsh,Donald Davesne,2023-10-31T00:00:43Z
47726,Masarnen Dail Ynn,und,"","",,Welsh,jamie-aa,2023-12-03T23:25:34Z
118622,pysgodyn darn arian,und,"","",,Welsh,Johan Devos,2024-02-28T20:23:16Z
118637,lleden benglwm Eckstrom,und,"","",,Welsh,Johan Devos,2024-02-28T20:33:02Z
120667,lleden Thor,und,"","",,Welsh,Johan Devos,2024-02-28T20:45:33Z
115167,pysgodyn cleddyf,und,"","",,Welsh,Johan Devos,2024-02-28T20:57:52Z
342287,gobi lliwgar,und,"","",,Welsh,Johan Devos,2024-02-28T21:01:53Z
118698,gobi mannog,und,"","",,Welsh,Johan Devos,2024-02-28T21:07:28Z
118706,bill bigog,und,"","",,Welsh,Johan Devos,2024-02-28T21:11:09Z
