id,vernacularName,language,locality,countryCode,source,lexicon,contributor,created
112118,Deargan,und,"","",http://www.ubio.org/browser/details.php?namebankID=891039,Irish,Ken-ichi Ueda,2012-05-01T02:45:46Z
41708,Rón Beag,und,"","",,Irish,Bobby McCabe,2017-10-10T00:30:28Z
2,Chordates,und,"","",,Irish,John E. Christensen,2017-11-30T13:05:57Z
136329,Cónaiféar,und,"","",,Irish,John E. Christensen,2017-12-04T16:22:54Z
47208,Ciaróg,und,"","",,Irish,John E. Christensen,2017-12-22T08:28:50Z
49825,Bradán fearna,und,"","",,Irish,John E. Christensen,2017-12-22T21:37:26Z
56739,Planda ola ricne,und,"","",,Irish,John E. Christensen,2017-12-27T15:40:13Z
343021,Earcán caoch,und,"","",,Irish,John E. Christensen,2018-01-02T11:18:17Z
48301,Gilín (feithid),und,"","",,Irish,John E. Christensen,2018-01-19T15:35:32Z
85552,Laghairt,und,"","",,Irish,John E. Christensen,2018-01-27T07:33:10Z
39532,Turtar,und,"","",,Irish,John E. Christensen,2018-02-02T07:38:43Z
3800,Gainnéad,und,"","",,Irish,John E. Christensen,2018-02-08T09:50:51Z
83204,Dreancaid,und,"","",,Irish,John E. Christensen,2018-02-10T13:29:52Z
10070,Rí rua,und,"","",,Irish,John E. Christensen,2018-02-12T12:50:35Z
115167,Colgán,und,"","",,Irish,John E. Christensen,2018-02-17T13:16:12Z
49292,Cúfróg,und,"","",,Irish,John E. Christensen,2018-03-09T08:12:34Z
47668,Méadail mhéarach,und,"","",,Irish,John E. Christensen,2018-03-16T14:31:07Z
5305,Iolar maol,und,"","",,Irish,John E. Christensen,2018-03-23T10:47:43Z
56152,Creamh,und,"","",,Irish,John E. Christensen,2018-04-02T06:30:34Z
53178,Slánlus,und,"","",,Irish,John E. Christensen,2018-04-03T06:51:52Z
56222,Sponc,und,"","",,Irish,John E. Christensen,2018-04-10T16:31:18Z
40019,Toirtís,und,"","",,Irish,John E. Christensen,2018-04-15T12:55:20Z
143243,Fíogadán,und,"","",,Irish,John E. Christensen,2018-04-25T14:44:50Z
47603,Caisearbhán,und,"","",,Irish,John E. Christensen,2018-04-30T15:06:29Z
47429,Ciotón,und,"","",,Irish,John E. Christensen,2018-05-02T14:18:22Z
67759,Lus an choire,und,"","",,Irish,John E. Christensen,2018-05-06T07:28:50Z
765394,trom,und,"","",,Irish,cassi saari,2018-09-28T13:15:01Z
53030,Leadán,und,"","",,Irish,John E. Christensen,2018-10-24T09:18:06Z
41871,Scúnc,und,"","",,Irish,John E. Christensen,2018-10-28T12:55:14Z
51611,Seamair chré,und,"","",,Irish,John E. Christensen,2018-11-05T09:44:03Z
4730,Storc,und,"","",,Irish,John E. Christensen,2018-11-15T08:20:22Z
47157,Féileacán,und,"","",,Irish,John E. Christensen,2018-11-23T08:53:55Z
49556,Céadchosach,und,"","",,Irish,John E. Christensen,2018-12-12T11:03:53Z
21359,Buaf,und,"","",,Irish,John E. Christensen,2018-12-21T09:46:08Z
114891,Laghairt mhonatóra,und,"","",,Irish,John E. Christensen,2019-01-03T07:18:42Z
7006,Gé,und,"","",,Irish,John E. Christensen,2019-01-04T08:43:28Z
48836,Crosóg bhriosc,und,"","",,Irish,John E. Christensen,2019-01-27T08:26:49Z
40151,Mamach,und,"","",,Irish,John E. Christensen,2019-02-07T18:23:08Z
210289,Giúrann,und,"","",,Irish,John E. Christensen,2019-02-10T10:59:19Z
47398,Faocha gliomaigh,und,"","",,Irish,John E. Christensen,2019-02-24T13:28:18Z
48486,Bóín Dé,und,"","",,Irish,John E. Christensen,2019-02-25T19:01:46Z
18874,Pearóid,und,"","",,Irish,John E. Christensen,2019-03-04T13:08:51Z
47217,Magairlín,und,"","",,Irish,John E. Christensen,2019-03-15T10:45:05Z
47170,Fungas,und,"","",,Irish,John E. Christensen,2019-04-03T13:18:39Z
44576,Francach donn,und,"","",,Irish,John E. Christensen,2019-04-17T09:32:11Z
51741,Lus an easpaig,und,"","",,Irish,John E. Christensen,2019-05-01T07:58:38Z
43367,Príomhach,und,"","",,Irish,John E. Christensen,2019-05-11T11:16:42Z
47563,Oiliandar,und,"","",,Irish,John E. Christensen,2019-05-20T11:30:09Z
321595,Ciaróg choirte,und,"","",,Irish,John E. Christensen,2019-06-10T14:39:37Z
67423,Glasán,und,"","",,Irish,Bobby McCabe,2019-07-08T15:43:25Z
914922,Glúineach bhiorach,und,"","",,Irish,John E. Christensen,2019-07-30T18:49:02Z
54704,Súsán,und,"","",,Irish,John E. Christensen,2019-09-26T10:53:07Z
505478,Sicín,und,"","",,Irish,John E. Christensen,2019-11-22T13:38:46Z
42069,Sionnach,und,"","",,Irish,Bobby McCabe,2019-12-09T01:24:07Z
204113,Fia rua,und,"","",,Irish,Bobby McCabe,2019-12-09T01:24:47Z
43151,Coinín,und,"","",,Irish,Bobby McCabe,2019-12-09T01:26:08Z
460504,Giorria,und,"","",,Irish,Bobby McCabe,2019-12-09T01:27:29Z
43042,Gráinneog,und,"","",,Irish,Bobby McCabe,2019-12-09T01:29:10Z
46001,Iora rua,und,"","",,Irish,Bobby McCabe,2019-12-09T01:31:23Z
42161,Fia buí,und,"","",,Irish,Bobby McCabe,2019-12-09T01:41:59Z
41796,Cat crainn,und,"","",,Irish,Bobby McCabe,2019-12-09T01:42:33Z
40695,Ialtóg crúshrónach,und,"","",,Irish,Bobby McCabe,2019-12-09T01:44:45Z
40695,Crú-ialtóg beag,und,"","",,Irish,Bobby McCabe,2019-12-09T01:45:01Z
41850,Dobharchú,und,"","",,Irish,Bobby McCabe,2019-12-09T01:46:08Z
46471,Dallóg fhraoigh,und,"","",,Irish,Bobby McCabe,2019-12-09T01:50:09Z
44705,Luch thí,und,"","",,Irish,Bobby McCabe,2019-12-09T01:50:59Z
855297,Broc,und,"","",,Irish,Bobby McCabe,2019-12-09T01:51:51Z
44575,Francach dubh,und,"","",,Irish,Bobby McCabe,2019-12-09T02:01:22Z
628190,Easóg,und,"","",,Irish,Bobby McCabe,2019-12-09T02:09:54Z
40364,Ialtóg fheascrach,und,"","",,Irish,Bobby McCabe,2019-12-09T02:12:08Z
45562,Luch fhéir,und,"","",,Irish,Bobby McCabe,2019-12-09T02:15:14Z
40416,Ialtóg fhad-chluasach,und,"","",,Irish,Bobby McCabe,2019-12-09T02:30:56Z
74908,Ialtóg fheascrach sopránach,und,"","",,Irish,Bobby McCabe,2019-12-09T02:35:35Z
210400,Ialtóg Natterer,und,"","",,Irish,Bobby McCabe,2019-12-09T02:36:52Z
40391,Ialtóg Nathusius,und,"","",,Irish,Bobby McCabe,2019-12-09T02:39:17Z
40314,Ialtóg ghiobach,und,"","",,Irish,Bobby McCabe,2019-12-09T02:41:18Z
42048,Mac tíre,und,"","",,Irish,Bobby McCabe,2019-12-09T02:44:35Z
131236,víris,und,"","",,Irish,James K. Douch,2020-02-23T02:07:52Z
526556,Dobharchú,und,"","",,Irish,John E. Christensen,2020-06-07T11:41:50Z
47435,Crobh éin,und,"","",,Irish,Spencer McIntyre,2020-08-29T17:17:24Z
126575,Mínscoth,und,"","",,Irish,Spencer McIntyre,2020-08-29T17:31:15Z
79000,Sifín,und,"","",,Irish,Spencer McIntyre,2020-08-29T20:32:38Z
165499,Fionnán,und,"","",,Irish,Spencer McIntyre,2020-08-29T20:46:27Z
159951,Cíb liathghorm,und,"","",,Irish,Spencer McIntyre,2020-08-29T21:12:38Z
77990,Mismín mionsach,und,"","",,Irish,Spencer McIntyre,2020-08-29T21:21:07Z
52681,Raithneach mhór,und,"","",,Irish,Spencer McIntyre,2020-08-29T21:28:09Z
129853,Crobh dearg,und,"","",,Irish,Spencer McIntyre,2020-08-29T21:43:14Z
75475,Féar cumhra,und,"","",,Irish,Spencer McIntyre,2020-08-29T21:43:59Z
58960,Adharca fia,und,"","",,Irish,Spencer McIntyre,2020-08-30T01:37:46Z
326880,Ailleann Pheadair,und,"","",,Irish,Spencer McIntyre,2020-08-30T01:38:14Z
53021,Ainleog,und,"","",,Irish,Spencer McIntyre,2020-08-30T01:38:36Z
55925,Ruithéal rí,und,"","",,Irish,Spencer McIntyre,2020-08-30T01:40:16Z
51751,Aiteann gallda,und,"","",,Irish,Spencer McIntyre,2020-08-30T01:40:45Z
60476,Rabhán,und,"","",,Irish,Spencer McIntyre,2020-08-30T01:41:10Z
62498,Buachalán buí,und,"","",,Irish,Spencer McIntyre,2020-08-30T01:42:25Z
53983,Lus mór,und,"","",,Irish,Spencer McIntyre,2020-08-30T01:42:51Z
75609,Lus na seilge,und,"","",,Irish,Spencer McIntyre,2020-08-30T01:43:37Z
57283,Slán iomaire,und,"","",,Irish,Spencer McIntyre,2020-08-30T01:44:05Z
55563,Nóinín,und,"","",,Irish,Spencer McIntyre,2020-08-30T01:44:40Z
51147,Sceach gheal,und,"","",,Irish,Spencer McIntyre,2020-08-30T01:45:17Z
52989,Feochadán colgach,und,"","",,Irish,Spencer McIntyre,2020-08-30T01:46:13Z
51884,Neantóg,und,"","",,Irish,Spencer McIntyre,2020-08-30T01:46:49Z
55775,Fraoch cloigíneach,und,"","",,Irish,Spencer McIntyre,2020-08-30T01:47:15Z
52821,athair thalún,und,"","",,Irish,Spencer McIntyre,2020-08-30T01:47:40Z
119450,Fraoch mór,und,"","",,Irish,Spencer McIntyre,2020-08-30T01:50:01Z
55882,Eidhneán,und,"","",,Irish,Spencer McIntyre,2020-08-30T01:50:30Z
55727,Buaflíon balla,und,"","",,Irish,Spencer McIntyre,2020-08-30T01:51:19Z
163112,Fiúise,und,"","",,Irish,Spencer McIntyre,2020-08-30T01:51:46Z
56136,Sabhaircín,und,"","",,Irish,Spencer McIntyre,2020-08-30T01:52:18Z
129105,Creamh na muice fia,und,"","",,Irish,Spencer McIntyre,2020-08-30T01:53:11Z
54227,Feá,und,"","",,Irish,Spencer McIntyre,2020-08-30T01:53:45Z
127345,Peasair fhiáin,und,"","",,Irish,Spencer McIntyre,2020-08-30T01:54:13Z
129454,Carnán caisil,und,"","",,Irish,Spencer McIntyre,2020-08-30T01:54:33Z
51610,Anuallach,und,"","",,Irish,Spencer McIntyre,2020-08-30T01:55:00Z
51875,Seamair dhearg,und,"","",,Irish,Spencer McIntyre,2020-08-30T01:55:42Z
53856,Cuileann,und,"","",,Irish,Spencer McIntyre,2020-08-30T01:56:06Z
204321,Grán arcáin,und,"","",,Irish,Spencer McIntyre,2020-08-30T01:56:42Z
54531,Biolar gréagáin,und,"","",,Irish,Spencer McIntyre,2020-08-30T01:57:08Z
52764,Duán ceannchosach,und,"","",,Irish,Spencer McIntyre,2020-08-30T01:57:28Z
181465,Feileastram dearg,und,"","",,Irish,Spencer McIntyre,2020-08-30T01:57:56Z
61318,Cluas chaoin,und,"","",,Irish,Spencer McIntyre,2020-08-30T01:58:34Z
63134,Airgead luachra,und,"","",,Irish,Spencer McIntyre,2020-08-30T01:58:53Z
77480,Meas torc allta,und,"","",,Irish,Spencer McIntyre,2020-08-30T01:59:13Z
118545,Coireán mara,und,"","",,Irish,Spencer McIntyre,2020-08-30T01:59:50Z
57630,Nuacht bhallach,und,"","",,Irish,Spencer McIntyre,2020-08-30T02:00:10Z
131203,Odhrach bhallach,und,"","",,Irish,Spencer McIntyre,2020-08-30T02:00:30Z
56063,Caorthann,und,"","",,Irish,Spencer McIntyre,2020-08-30T02:01:03Z
48229,Fearbán reatha,und,"","",,Irish,Spencer McIntyre,2020-08-30T02:07:56Z
119791,Seiceamóir,und,"","",,Irish,Spencer McIntyre,2020-08-30T02:08:16Z
163682,Feabhrán,und,"","",,Irish,Spencer McIntyre,2020-08-30T02:08:41Z
967514,Caisearbhán,und,"","",,Irish,Spencer McIntyre,2020-08-30T02:09:17Z
56132,Coinnle corra,und,"","",,Irish,Spencer McIntyre,2020-08-30T02:10:02Z
84517,Saileachán mór,und,"","",,Irish,Spencer McIntyre,2020-08-30T02:10:23Z
158380,Gallfheabhrán,und,"","",,Irish,Spencer McIntyre,2020-08-30T02:10:43Z
82159,Na circíní,und,"","",,Irish,Spencer McIntyre,2020-08-30T02:11:15Z
125440,Fuinseog,und,"","",,Irish,Spencer McIntyre,2020-08-30T02:11:43Z
61321,Créachtach,und,"","",,Irish,Spencer McIntyre,2020-08-30T02:12:10Z
55745,Seamair bhán,und,"","",,Irish,Spencer McIntyre,2020-08-30T02:12:38Z
84328,Boladh cnis,und,"","",,Irish,Spencer McIntyre,2020-09-01T16:03:11Z
791928,Falcaire fiáin,und,"","",,Irish,Spencer McIntyre,2020-09-01T16:04:18Z
52471,Peasair na luch,und,"","",,Irish,Spencer McIntyre,2020-09-01T16:05:09Z
55885,Táthfhéithleann,und,"","",,Irish,Spencer McIntyre,2020-09-01T16:06:26Z
160623,Feochadán corraigh,und,"","",,Irish,Spencer McIntyre,2020-09-01T16:07:23Z
57457,Duilleog na saor,und,"","",,Irish,Spencer McIntyre,2020-09-01T16:08:35Z
124544,Peirsil bhó,und,"","",,Irish,Spencer McIntyre,2020-09-01T16:11:41Z
47892,Lus na pléisce,und,"","",,Irish,Spencer McIntyre,2020-09-01T16:12:57Z
76610,Mealbhacán,und,"","",,Irish,Spencer McIntyre,2020-09-01T16:14:02Z
75916,Tor an fhéileacáin,und,"","",,Irish,Spencer McIntyre,2020-09-01T16:14:26Z
132622,Néalfartach,und,"","",,Irish,Spencer McIntyre,2020-09-01T16:15:16Z
47779,Feileastram,und,"","",,Irish,Spencer McIntyre,2020-09-01T16:16:06Z
55022,Duán na gcaorach,und,"","",,Irish,Spencer McIntyre,2020-09-01T16:16:30Z
55759,Coireán coilleach,und,"","",,Irish,Spencer McIntyre,2020-09-01T16:19:10Z
60132,Feochadán reatha,und,"","",,Irish,Spencer McIntyre,2020-09-01T16:21:21Z
167993,Briúlán,und,"","",,Irish,Spencer McIntyre,2020-09-01T16:25:25Z
69624,Seamsóg,und,"","",,Irish,Spencer McIntyre,2020-09-01T16:29:03Z
158615,Briosclán,und,"","",,Irish,Spencer McIntyre,2020-09-01T16:35:21Z
56057,Noínín mór,und,"","",,Irish,Spencer McIntyre,2020-09-01T16:37:36Z
84298,Crann cnó capaill,und,"","",,Irish,Spencer McIntyre,2020-09-01T16:39:33Z
42149,Dobhareach,und,"","",https://eol.org/pages/311532,Irish,,2020-10-04T01:44:35Z
146887,Scuid ghearreiteach thuaisceartach,und,"","",,Irish,Bobby McCabe,2020-11-23T17:50:12Z
69320,Seangán forainn,und,"","",,Irish,Johan Devos,2021-01-23T17:04:38Z
182945,Copoga,und,"","",,Irish,Johan Devos,2021-03-23T09:50:25Z
132545,scothach,und,"","",,Irish,Johan Devos,2021-03-23T10:07:54Z
68770,fheamainn bui,und,"","",,Irish,Johan Devos,2021-03-23T10:13:02Z
68770,Feamainn Bhuí,und,"","",,Irish,F Dylan Titmuss,2021-07-05T00:39:53Z
48648,An bradán,und,"","",,Irish,Zane Roskoph,2021-07-16T15:20:17Z
48648,Bradan,und,"","",,Irish,Zane Roskoph,2021-07-16T15:20:57Z
111974,Ruabhreac,und,"","",,Irish,Zane Roskoph,2021-07-19T18:41:11Z
99786,Eascann leictreach,und,"","",,Irish,Zane Roskoph,2021-07-29T02:56:33Z
41970,Iaguar,und,"","",,Irish,Zane Roskoph,2021-07-30T12:00:51Z
41972,Liopard marmarach,und,"","",,Irish,Zane Roskoph,2021-07-30T12:52:39Z
50873,Siorc bán mór,und,"","",,Irish,Zane Roskoph,2021-07-30T13:53:10Z
84996,Tarbhsiorc,und,"","",,Irish,Zane Roskoph,2021-07-30T14:46:14Z
42007,Cúgar,und,"","",,Irish,Zane Roskoph,2021-08-01T00:53:17Z
30472,Rí-chobra,und,"","",,Irish,Zane Roskoph,2021-08-02T18:16:34Z
52188,Míolsiorc,und,"","",,Irish,Zane Roskoph,2021-08-03T13:55:43Z
182991,Duileasc,und,"","",,Irish,Zane Roskoph,2021-08-05T17:56:39Z
130176,Carraigín,und,"","",,Irish,Zane Roskoph,2021-08-05T18:02:54Z
10421,Crosghob Albanach,und,"","",,Irish,Zane Roskoph,2021-08-06T15:16:04Z
199918,Ochtapas gormfháinneach,und,"","",,Irish,Zane Roskoph,2021-08-09T11:29:33Z
123356,Ciotrón,und,"","",,Irish,Zane Roskoph,2021-08-10T12:39:10Z
709635,Feileastram gairdín,und,"","",,Irish,Zane Roskoph,2021-08-10T16:27:10Z
35347,Ioguána mara oileáin Galápagos,und,"","",,Irish,Zane Roskoph,2021-08-10T19:28:52Z
4555,Faoileán eabhair,und,"","",,Irish,Zane Roskoph,2021-08-11T12:06:34Z
3802,Gainéad,und,"","",,Irish,Zane Roskoph,2021-08-11T15:42:22Z
41644,Béar bán,und,"","",,Irish,Zane Roskoph,2021-08-11T16:11:30Z
41724,rón liopaird,und,"","",,Irish,Zane Roskoph,2021-08-11T19:24:25Z
200834,tuatára,und,"","",,Irish,Zane Roskoph,2021-08-12T14:08:29Z
41955,síota,und,"","",,Irish,Zane Roskoph,2021-08-13T12:00:23Z
112581,cat fionnuisce Eorpach,und,"","",,Irish,Zane Roskoph,2021-08-14T18:09:49Z
102975,Bradán fearna Eorpach,und,"","",,Irish,Zane Roskoph,2021-08-14T18:49:54Z
41553,míol mór gorm,und,"","",,Irish,Zane Roskoph,2021-08-15T14:51:37Z
41570,Míol mór an oighir,und,"","",,Irish,Zane Roskoph,2021-08-15T17:16:44Z
41461,Míol mór bán,und,"","",,Irish,Zane Roskoph,2021-08-15T18:10:28Z
153003,Eithreog shléibhe,und,"","",,Irish,Zane Roskoph,2021-08-18T16:19:46Z
41964,leon,und,"","",,Irish,Zane Roskoph,2021-08-24T12:44:08Z
74831,Liopard sneachta,und,"","",,Irish,Zane Roskoph,2021-08-25T11:40:24Z
42407,Bíosún Eorpach,und,"","",,Irish,Zane Roskoph,2021-08-25T12:58:44Z
130796,tíogar Amúrach,und,"","",,Irish,Zane Roskoph,2021-08-26T13:56:48Z
41967,tíogar,und,"","",,Irish,Zane Roskoph,2021-08-26T15:14:03Z
130799,tíogar Sumatrach,und,"","",,Irish,Zane Roskoph,2021-08-26T16:56:12Z
53491,nathair shligreach dhiamantach oirthearach,und,"","",,Irish,Zane Roskoph,2021-08-27T15:23:56Z
57814,grágaire dubh,und,"","",,Irish,Zane Roskoph,2021-09-01T16:59:40Z
116523,Gairiál,und,"","",,Irish,Zane Roskoph,2021-09-13T15:57:17Z
152974,Sleamhnóg,und,"","",,Irish,Zane Roskoph,2021-09-19T12:44:45Z
60603,An léasán leice,und,"","",,Irish,Zane Roskoph,2021-09-19T14:58:41Z
97990,An scadán,und,"","",,Irish,Zane Roskoph,2021-09-19T16:06:50Z
82128,An liamhán gréine,und,"","",,Irish,Zane Roskoph,2021-09-19T18:56:26Z
47639,Scairpiasc spíonghearr,und,"","",,Irish,Zane Roskoph,2021-10-02T14:12:36Z
47639,An pus tairbh,und,"","",,Irish,Zane Roskoph,2021-10-02T14:12:53Z
7087,Cadhan,und,"","",,Irish,Spencer McIntyre,2021-10-11T15:48:03Z
7102,Gé broinnrua,und,"","",,Irish,Spencer McIntyre,2021-10-11T15:48:28Z
7089,Gé cheanadach,und,"","",,Irish,Spencer McIntyre,2021-10-11T15:48:50Z
7101,Gé ghiúrainn,und,"","",,Irish,Spencer McIntyre,2021-10-11T15:49:21Z
7101,Gé cadhan,und,"","",,Irish,Spencer McIntyre,2021-10-11T15:49:38Z
59220,Brioscarnach-ghé,und,"","",,Irish,Spencer McIntyre,2021-10-11T15:49:59Z
558426,Gé shneachta,und,"","",,Irish,Spencer McIntyre,2021-10-11T15:51:04Z
7018,Crann-ghé,und,"","",,Irish,Spencer McIntyre,2021-10-11T15:51:24Z
7018,Gé mhór fhionn,und,"","",,Irish,Spencer McIntyre,2021-10-11T15:51:41Z
7018,Gé ghlas,und,"","",,Irish,Spencer McIntyre,2021-10-11T15:52:00Z
7009,Síolghé taigaí,und,"","",,Irish,Spencer McIntyre,2021-10-11T15:52:27Z
7007,Gé ghobghearr,und,"","",,Irish,Spencer McIntyre,2021-10-11T15:52:40Z
144423,Síolghé tundraí,und,"","",,Irish,Spencer McIntyre,2021-10-11T15:53:04Z
7019,Gé bhánéadanach mhór,und,"","",,Irish,Spencer McIntyre,2021-10-11T15:53:19Z
7013,Mionghé bhánéadanach,und,"","",,Irish,Spencer McIntyre,2021-10-11T15:53:35Z
7013,Gé bheag fhionn,und,"","",,Irish,Spencer McIntyre,2021-10-11T15:53:52Z
6921,Eala bhalbh,und,"","",,Irish,Spencer McIntyre,2021-10-11T15:54:45Z
6917,Eala thundra,und,"","",,Irish,Spencer McIntyre,2021-10-11T15:55:00Z
6916,Eala ghlórach,und,"","",,Irish,Spencer McIntyre,2021-10-11T15:55:13Z
7067,Seil-lacha,und,"","",,Irish,Spencer McIntyre,2021-10-11T15:56:33Z
7068,Seil-lacha rua,und,"","",,Irish,Spencer McIntyre,2021-10-11T15:56:49Z
7068,Garg ruadh,und,"","",,Irish,Spencer McIntyre,2021-10-11T15:57:02Z
7106,Lacha mhandarin,und,"","",,Irish,Spencer McIntyre,2021-10-11T15:57:19Z
558428,Praslacha bhaicalach,und,"","",,Irish,Spencer McIntyre,2021-10-11T15:57:38Z
558429,Praslacha shamraidh,und,"","",,Irish,Spencer McIntyre,2021-10-11T16:39:50Z
558433,Praslacha ghormeiteach,und,"","",,Irish,Spencer McIntyre,2021-10-11T16:40:19Z
558438,Slapaire tuaisceartach,und,"","",,Irish,Spencer McIntyre,2021-10-11T16:41:37Z
558439,Gadual,und,"","",,Irish,Spencer McIntyre,2021-10-11T16:41:55Z
558441,Rualacha,und,"","",,Irish,Spencer McIntyre,2021-10-11T16:42:17Z
485176,Rualacha mhericeánach,und,"","",,Irish,Spencer McIntyre,2021-10-11T16:42:38Z
6930,Mallard,und,"","",,Irish,Spencer McIntyre,2021-10-11T16:43:55Z
6924,Lacha chosrua,und,"","",,Irish,Spencer McIntyre,2021-10-11T16:44:24Z
6933,Biorearrach tuaisceartach,und,"","",,Irish,Spencer McIntyre,2021-10-11T16:44:41Z
6937,Praslacha ghlaseiteach,und,"","",,Irish,Spencer McIntyre,2021-10-11T16:44:56Z
7122,Póiseard cíordhearg,und,"","",,Irish,Spencer McIntyre,2021-10-11T16:46:24Z
7056,Ceanndearg,und,"","",,Irish,Spencer McIntyre,2021-10-11T16:46:37Z
7045,Póiseard cíordhearg,und,"","",,Irish,Spencer McIntyre,2021-10-11T16:46:58Z
7045,Lacha mhásach,und,"","",,Irish,Spencer McIntyre,2021-10-11T16:47:31Z
7055,Póiseard ferruginous,und,"","",,Irish,Spencer McIntyre,2021-10-11T16:47:58Z
7044,Lacha mhuinceach,und,"","",,Irish,Spencer McIntyre,2021-10-11T16:48:12Z
7046,Lacha bhadánach,und,"","",,Irish,Spencer McIntyre,2021-10-11T16:48:26Z
7047,Lacha iascán mór,und,"","",,Irish,Spencer McIntyre,2021-10-11T16:48:43Z
7054,Mionlacha iascán,und,"","",,Irish,Spencer McIntyre,2021-10-11T16:48:58Z
7030,Éadar taibhseach,und,"","",,Irish,Spencer McIntyre,2021-10-11T16:50:11Z
7030,Rígh éadar,und,"","",,Irish,Spencer McIntyre,2021-10-11T16:50:44Z
7024,Éadar,und,"","",,Irish,Spencer McIntyre,2021-10-11T16:51:03Z
7036,Scótar toinne,und,"","",,Irish,Spencer McIntyre,2021-10-11T16:51:34Z
850858,Sceadach,und,"","",,Irish,Spencer McIntyre,2021-10-11T16:51:47Z
144222,Scótarach bháneiteach,und,"","",,Irish,Spencer McIntyre,2021-10-11T16:52:17Z
144221,Scótar,und,"","",,Irish,Spencer McIntyre,2021-10-11T16:52:34Z
144221,Lacha scótarach,und,"","",,Irish,Spencer McIntyre,2021-10-11T16:52:46Z
144220,Scótar dubh,und,"","",,Irish,Spencer McIntyre,2021-10-11T16:53:03Z
7170,Lacha earrfhada,und,"","",,Irish,Spencer McIntyre,2021-10-11T16:54:43Z
6993,Órshúileach ceannsceadach,und,"","",,Irish,Spencer McIntyre,2021-10-11T16:55:02Z
6990,Órshúileach,und,"","",,Irish,Spencer McIntyre,2021-10-11T16:55:17Z
6994,Órshúileach bhearú,und,"","",,Irish,Spencer McIntyre,2021-10-11T16:55:31Z
7192,Síolta gheal,und,"","",,Irish,Spencer McIntyre,2021-10-11T16:55:45Z
7109,Síolta chochaill,und,"","",,Irish,Spencer McIntyre,2021-10-11T16:56:00Z
7004,Síolta,und,"","",,Irish,Spencer McIntyre,2021-10-11T16:56:17Z
7004,Tumaire,und,"","",,Irish,Spencer McIntyre,2021-10-11T16:56:31Z
6996,Síolta rua,und,"","",,Irish,Spencer McIntyre,2021-10-11T16:56:44Z
850859,Lachra rua,und,"","",,Irish,Spencer McIntyre,2021-10-11T16:56:59Z
1026,Capall coille,und,"","",,Irish,Spencer McIntyre,2021-10-11T16:59:31Z
931,Tarmachan,und,"","",,Irish,Spencer McIntyre,2021-10-11T16:59:44Z
831,Cearc coille,und,"","",,Irish,Spencer McIntyre,2021-10-11T17:00:02Z
804,Gearg,und,"","",,Irish,Spencer McIntyre,2021-10-11T17:00:19Z
804,Gearraghuirt,und,"","",,Irish,Spencer McIntyre,2021-10-11T17:00:30Z
981,Feasán mhuinceach,und,"","",,Irish,Spencer McIntyre,2021-10-11T17:00:53Z
19410,Tuirne lín,und,"","",,Irish,Spencer McIntyre,2021-10-11T17:01:41Z
19577,Tuirne lín Meiriceánach,und,"","",,Irish,Spencer McIntyre,2021-10-11T17:01:56Z
6852,Gabhlán earrspíonach,und,"","",,Irish,Spencer McIntyre,2021-10-11T17:03:19Z
6571,Gabhlán simléir,und,"","",,Irish,Spencer McIntyre,2021-10-11T17:03:35Z
6638,Gabhlán gaoithe,und,"","",,Irish,Spencer McIntyre,2021-10-11T17:04:00Z
6643,Gabhlán bánlíoch,und,"","",,Irish,Spencer McIntyre,2021-10-11T17:04:12Z
6612,Gabhlán beag,und,"","",,Irish,Spencer McIntyre,2021-10-11T17:04:25Z
77,Bustard mór,und,"","",,Irish,Spencer McIntyre,2021-10-11T17:09:22Z
132,Bustard beag,und,"","",,Irish,Spencer McIntyre,2021-10-11T17:09:42Z
1787,Mórchuach bhreac,und,"","",,Irish,Spencer McIntyre,2021-10-11T17:10:47Z
1965,Cuach ghob-bhuí,und,"","",,Irish,Spencer McIntyre,2021-10-11T17:11:05Z
1960,Cuach bhobdhubh,und,"","",,Irish,Spencer McIntyre,2021-10-11T17:11:19Z
1907,Cuach,und,"","",,Irish,Spencer McIntyre,2021-10-11T17:11:33Z
117119,Gaineamhchearc,und,"","",,Irish,Spencer McIntyre,2021-10-11T17:11:45Z
3017,Colm aille,und,"","",,Irish,Spencer McIntyre,2021-10-11T17:18:05Z
3033,Colm gorm,und,"","",,Irish,Spencer McIntyre,2021-10-11T17:18:22Z
3048,Colm coille,und,"","",,Irish,Spencer McIntyre,2021-10-11T17:18:37Z
2938,Fearán,und,"","",,Irish,Spencer McIntyre,2021-10-11T17:18:50Z
2969,Fearán baicdhubh,und,"","",,Irish,Spencer McIntyre,2021-10-11T17:19:03Z
3454,Fearán gubhach,und,"","",,Irish,Spencer McIntyre,2021-10-11T17:19:18Z
513926,Rálóg uisce,und,"","",,Irish,Spencer McIntyre,2021-10-11T17:19:39Z
513926,Tradhna uisce,und,"","",,Irish,Spencer McIntyre,2021-10-11T17:19:51Z
443,Traonach,und,"","",,Irish,Spencer McIntyre,2021-10-11T17:20:06Z
162,Gearr sora,und,"","",,Irish,Spencer McIntyre,2021-10-11T17:20:21Z
178,Gearr breac,und,"","",,Irish,Spencer McIntyre,2021-10-11T17:20:36Z
201282,Cearc uisce,und,"","",,Irish,Spencer McIntyre,2021-10-11T17:20:52Z
201282,Truisc,und,"","",,Irish,Spencer McIntyre,2021-10-11T17:21:05Z
201282,Coileach fraoich,und,"","",,Irish,Spencer McIntyre,2021-10-11T17:21:21Z
482,Cearc cheannann,und,"","",,Irish,Spencer McIntyre,2021-10-11T17:21:53Z
473,Cearc mheiriceánach,und,"","",,Irish,Spencer McIntyre,2021-10-11T17:22:07Z
519,Cearcóg,und,"","",,Irish,Spencer McIntyre,2021-10-11T17:22:22Z
508920,Gearr biorra,und,"","",,Irish,Spencer McIntyre,2021-10-11T17:22:36Z
508919,Gearr beag,und,"","",,Irish,Spencer McIntyre,2021-10-11T17:22:49Z
508048,Corr ceanadach,und,"","",,Irish,Spencer McIntyre,2021-10-11T17:24:56Z
41,Corr,und,"","",,Irish,Spencer McIntyre,2021-10-11T17:25:10Z
41,Grús,und,"","",,Irish,Spencer McIntyre,2021-10-11T17:25:28Z
4237,Spágaire tonn,und,"","",,Irish,Spencer McIntyre,2021-10-11T17:25:42Z
4237,Tomaire beag,und,"","",,Irish,Spencer McIntyre,2021-10-11T17:25:54Z
4246,Foithíoch gob-alabhreac,und,"","",,Irish,Spencer McIntyre,2021-10-11T17:26:09Z
4224,Foitheach píbrua,und,"","",,Irish,Spencer McIntyre,2021-10-11T17:26:23Z
4208,Foitheach mór,und,"","",,Irish,Spencer McIntyre,2021-10-11T17:26:41Z
4208,Lúnadán mór an chorraicín,und,"","",,Irish,Spencer McIntyre,2021-10-11T17:26:56Z
4209,Beann-foitheach,und,"","",,Irish,Spencer McIntyre,2021-10-11T17:27:12Z
4205,Foithíoch cluasach,und,"","",,Irish,Spencer McIntyre,2021-10-11T17:28:35Z
4923,Glúinramhrach caoirliun,und,"","",,Irish,Spencer McIntyre,2021-10-11T17:30:29Z
4843,Roilleach,und,"","",,Irish,Spencer McIntyre,2021-10-11T17:30:44Z
4843,Riabhán,und,"","",,Irish,Spencer McIntyre,2021-10-11T17:31:04Z
4843,Scaladóir,und,"","",,Irish,Spencer McIntyre,2021-10-11T17:31:16Z
4835,Scodlach dubheiteach,und,"","",,Irish,Spencer McIntyre,2021-10-11T17:31:45Z
4883,Abhóiséad breac,und,"","",,Irish,Spencer McIntyre,2021-10-11T17:32:09Z
4857,Saotharcán Tuaisceartach,und,"","",,Irish,Spencer McIntyre,2021-10-11T17:34:26Z
4858,Saotharcóg,und,"","",,Irish,Spencer McIntyre,2021-10-11T17:34:41Z
4858,Pilibín,und,"","",,Irish,Spencer McIntyre,2021-10-11T17:34:56Z
4889,Feadóg bhuí,und,"","",,Irish,Spencer McIntyre,2021-10-11T17:35:12Z
4889,Fideog,und,"","",,Irish,Spencer McIntyre,2021-10-11T17:35:27Z
4893,Feadó bhuí mhericeánach,und,"","",,Irish,Spencer McIntyre,2021-10-11T17:35:54Z
4896,Feadóg bhuí Áiseach,und,"","",,Irish,Spencer McIntyre,2021-10-11T17:36:07Z
4892,Feadóg bolgdubh,und,"","",,Irish,Spencer McIntyre,2021-10-11T17:36:23Z
4801,Feadóg chladaigh,und,"","",,Irish,Spencer McIntyre,2021-10-11T17:36:38Z
4801,Feadóg an fháinne,und,"","",,Irish,Spencer McIntyre,2021-10-11T17:36:58Z
4801,Ladhrán,und,"","",,Irish,Spencer McIntyre,2021-10-11T17:37:09Z
4817,Gobadáinín mionbhosach,und,"","",,Irish,Spencer McIntyre,2021-10-11T17:37:26Z
4811,Feadóg an fháinne beag,und,"","",,Irish,Spencer McIntyre,2021-10-11T17:37:38Z
4793,Feadóg ghlórach,und,"","",,Irish,Spencer McIntyre,2021-10-11T17:37:51Z
3962,Gobadán sléibhe,und,"","",,Irish,Spencer McIntyre,2021-10-11T17:40:37Z
3901,Crotach eanaigh,und,"","",,Irish,Spencer McIntyre,2021-10-11T17:40:50Z
3895,Crotach Artach,und,"","",,Irish,Spencer McIntyre,2021-10-11T17:41:05Z
3896,Crotach,und,"","",,Irish,Spencer McIntyre,2021-10-11T17:41:23Z
3896,Cruiteach,und,"","",,Irish,Spencer McIntyre,2021-10-11T17:41:34Z
3951,Guibneach stríocearrach,und,"","",,Irish,Spencer McIntyre,2021-10-11T17:41:51Z
3947,Guilbneach earrdubh,und,"","",,Irish,Spencer McIntyre,2021-10-11T17:42:05Z
3950,Guilbneach brionn dearg,und,"","",,Irish,Spencer McIntyre,2021-10-11T17:42:18Z
3938,Piadálai trá ruadh,und,"","",,Irish,Spencer McIntyre,2021-10-11T17:42:32Z
3852,Cnota mór,und,"","",,Irish,Spencer McIntyre,2021-10-11T17:45:00Z
3845,Cnota rua,und,"","",,Irish,Spencer McIntyre,2021-10-11T17:45:16Z
339593,Rufachán,und,"","",,Irish,Spencer McIntyre,2021-10-11T17:45:31Z
339594,Gobadán gobleathan,und,"","",,Irish,Spencer McIntyre,2021-10-11T17:45:43Z
3844,Gobadán earr-rinneach,und,"","",,Irish,Spencer McIntyre,2021-10-11T17:45:56Z
3850,Gobadán scodlach,und,"","",,Irish,Spencer McIntyre,2021-10-11T17:46:09Z
3863,Gobadán crotaigh,und,"","",,Irish,Spencer McIntyre,2021-10-11T17:46:20Z
3837,Gobadáinín tomaltaig,und,"","",,Irish,Spencer McIntyre,2021-10-11T17:46:32Z
3848,Gobadáinín ladharfhada,und,"","",,Irish,Spencer McIntyre,2021-10-11T17:46:46Z
3854,Gobadán droimrua,und,"","",,Irish,Spencer McIntyre,2021-10-11T17:47:05Z
3849,Luathrán,und,"","",,Irish,Spencer McIntyre,2021-10-11T17:47:16Z
3857,Breacó,und,"","",,Irish,Spencer McIntyre,2021-10-11T17:47:41Z
3856,Gobadan cosbhuí,und,"","",,Irish,Spencer McIntyre,2021-10-11T17:47:56Z
3851,Gobadán bárd,und,"","",,Irish,Spencer McIntyre,2021-10-11T17:48:20Z
3838,Gobadáinín beag,und,"","",,Irish,Spencer McIntyre,2021-10-11T17:48:32Z
3864,Gobadáinín bídeach,und,"","",,Irish,Spencer McIntyre,2021-10-11T17:48:47Z
3866,Gobadán bánphrompach,und,"","",,Irish,Spencer McIntyre,2021-10-11T17:49:12Z
3866,Gobadán tónbháin,und,"","",,Irish,Spencer McIntyre,2021-10-11T17:49:24Z
339596,Gobadán broinn-donnbhuí,und,"","",,Irish,Spencer McIntyre,2021-10-11T17:49:45Z
3865,Gobadán uchtach,und,"","",,Irish,Spencer McIntyre,2021-10-11T17:49:59Z
3862,Gobadán mionbhosach,und,"","",,Irish,Spencer McIntyre,2021-10-11T17:50:17Z
3855,Gobadán iartharach,und,"","",,Irish,Spencer McIntyre,2021-10-11T17:50:34Z
3873,Guilbnín gobfhada,und,"","",,Irish,Spencer McIntyre,2021-10-11T17:57:58Z
3869,Guilbnín gobghearr,und,"","",,Irish,Spencer McIntyre,2021-10-11T17:58:10Z
3931,Creabhar,und,"","",,Irish,Spencer McIntyre,2021-10-11T17:58:37Z
3911,Naoscach bhídeach,und,"","",,Irish,Spencer McIntyre,2021-10-11T17:58:51Z
3919,Naoscach mór,und,"","",,Irish,Spencer McIntyre,2021-10-11T17:59:06Z
318836,Naoscach,und,"","",,Irish,Spencer McIntyre,2021-10-11T17:59:21Z
144496,Naoscach macliam,und,"","",,Irish,Spencer McIntyre,2021-10-11T17:59:34Z
3969,Bodairlín lusrachán,und,"","",,Irish,Spencer McIntyre,2021-10-11T17:59:50Z
144497,Falaróp macliam,und,"","",,Irish,Spencer McIntyre,2021-10-11T18:00:02Z
3959,Falaróp gobchaol,und,"","",,Irish,Spencer McIntyre,2021-10-11T18:00:18Z
73203,Falaróp rua,und,"","",,Irish,Spencer McIntyre,2021-10-11T18:00:30Z
3978,Gobadán coiteann,und,"","",,Irish,Spencer McIntyre,2021-10-11T18:00:56Z
72458,Gobadán breac,und,"","",,Irish,Spencer McIntyre,2021-10-11T18:01:07Z
3885,Gobadán glas,und,"","",,Irish,Spencer McIntyre,2021-10-11T18:02:01Z
3875,Gobadán aonarach,und,"","",,Irish,Spencer McIntyre,2021-10-11T18:02:16Z
3893,Mionladhrán buí,und,"","",,Irish,Spencer McIntyre,2021-10-11T18:02:31Z
3879,Cosdeargán,und,"","",,Irish,Spencer McIntyre,2021-10-11T18:02:46Z
3881,Gobadán corraigh,und,"","",,Irish,Spencer McIntyre,2021-10-11T18:03:01Z
3888,Gobadán coille,und,"","",,Irish,Spencer McIntyre,2021-10-11T18:03:14Z
3882,Cosdeargán breac,und,"","",,Irish,Spencer McIntyre,2021-10-11T18:03:28Z
3878,Ladhrán glas,und,"","",,Irish,Spencer McIntyre,2021-10-11T18:03:40Z
3892,Ladhrán buí,und,"","",,Irish,Spencer McIntyre,2021-10-11T18:03:53Z
4595,Rásaí bánbhuí,und,"","",,Irish,Spencer McIntyre,2021-10-11T18:06:00Z
4604,Pratancól muinceach,und,"","",,Irish,Spencer McIntyre,2021-10-11T18:06:11Z
4605,Pratancól dubheiteach,und,"","",,Irish,Spencer McIntyre,2021-10-11T18:06:21Z
4494,Saidhbhéar,und,"","",,Irish,Spencer McIntyre,2021-10-11T18:06:38Z
4555,Faoileán eabhartha,und,"","",,Irish,Spencer McIntyre,2021-10-11T18:06:51Z
4571,Sléibhín Sabine,und,"","",,Irish,Spencer McIntyre,2021-10-11T18:07:01Z
144502,Sléibhín Bonaparte,und,"","",,Irish,Spencer McIntyre,2021-10-11T18:07:12Z
144510,Sléibhín,und,"","",,Irish,Spencer McIntyre,2021-10-11T18:07:29Z
144512,Sléibhín beag,und,"","",,Irish,Spencer McIntyre,2021-10-11T18:08:03Z
4557,Faoileán Ross,und,"","",,Irish,Spencer McIntyre,2021-10-11T18:08:22Z
144514,Sléibhín an gháire,und,"","",,Irish,Spencer McIntyre,2021-10-11T18:10:32Z
144515,Sléibhín Franklin,und,"","",,Irish,Spencer McIntyre,2021-10-11T18:10:43Z
144517,Sléibhín meánmhuirí,und,"","",,Irish,Spencer McIntyre,2021-10-11T18:10:55Z
4356,Faoileán bán,und,"","",,Irish,Spencer McIntyre,2021-10-11T18:11:10Z
4364,Faoileán bandghobach,und,"","",,Irish,Spencer McIntyre,2021-10-11T18:11:40Z
4368,Droimneach mór,und,"","",,Irish,Spencer McIntyre,2021-10-11T18:11:57Z
4399,Faoileán glas,und,"","",,Irish,Spencer McIntyre,2021-10-11T18:12:17Z
4349,Faoileán glas,und,"","",,Irish,Spencer McIntyre,2021-10-11T18:12:28Z
4361,Faoileán Íoslannach,und,"","",,Irish,Spencer McIntyre,2021-10-11T18:12:47Z
204533,Faoileán scadán,und,"","",,Irish,Spencer McIntyre,2021-10-11T18:13:00Z
4389,Faoileán gáiriteach,und,"","",,Irish,Spencer McIntyre,2021-10-11T18:13:18Z
59202,Faoileán scadán cosbhuí,und,"","",,Irish,Spencer McIntyre,2021-10-11T18:13:29Z
4381,Droimneach beag,und,"","",,Irish,Spencer McIntyre,2021-10-11T18:13:49Z
144536,Geabhróg ghobdhubh,und,"","",,Irish,Spencer McIntyre,2021-10-11T18:22:48Z
144537,Geabhróg Chaispeach,und,"","",,Irish,Spencer McIntyre,2021-10-11T18:22:59Z
144539,Geabhróg ríoga,und,"","",,Irish,Spencer McIntyre,2021-10-11T18:23:12Z
144543,Miongheabhróg chíorach,und,"","",,Irish,Spencer McIntyre,2021-10-11T18:23:28Z
144541,Geabhróg scothdhubh,und,"","",,Irish,Spencer McIntyre,2021-10-11T18:23:51Z
144542,Geabhróg ghalánta,und,"","",,Irish,Spencer McIntyre,2021-10-11T18:24:06Z
144529,Geabhróg bheag,und,"","",,Irish,Spencer McIntyre,2021-10-11T18:24:28Z
144525,Geabhróg shúicheach,und,"","",,Irish,Spencer McIntyre,2021-10-11T18:24:41Z
4436,Geabhróg rosach,und,"","",,Irish,Spencer McIntyre,2021-10-11T18:24:54Z
4450,Geabhróg,und,"","",,Irish,Spencer McIntyre,2021-10-11T18:25:22Z
4449,Geabhróg Artach,und,"","",,Irish,Spencer McIntyre,2021-10-11T18:25:41Z
4457,Geabhróg Forster,und,"","",,Irish,Spencer McIntyre,2021-10-11T18:26:02Z
62148,Geabhróg bhroinndubh,und,"","",,Irish,Spencer McIntyre,2021-10-11T18:26:20Z
4514,Geabhróg bháneiteach,und,"","",,Irish,Spencer McIntyre,2021-10-11T18:26:36Z
4512,Geabhróg dhubh,und,"","",,Irish,Spencer McIntyre,2021-10-11T18:27:04Z
144297,Meirleach mór,und,"","",,Irish,Spencer McIntyre,2021-10-11T18:29:37Z
4491,Meirleach pomairíneach,und,"","",,Irish,Spencer McIntyre,2021-10-11T18:29:48Z
4489,Meirleach Artach,und,"","",,Irish,Spencer McIntyre,2021-10-11T18:30:00Z
4481,Meirleach earrfhada,und,"","",,Irish,Spencer McIntyre,2021-10-11T18:30:10Z
4524,Foracha bheag,und,"","",,Irish,Spencer McIntyre,2021-10-11T18:30:25Z
4516,Foracha brünnich,und,"","",,Irish,Spencer McIntyre,2021-10-11T18:30:37Z
4519,Foracha,und,"","",,Irish,Spencer McIntyre,2021-10-11T18:30:49Z
4501,Crosán,und,"","",,Irish,Spencer McIntyre,2021-10-11T18:31:04Z
4540,Foracha mhór,und,"","",,Irish,Spencer McIntyre,2021-10-11T18:31:17Z
4418,Foracha dhubh,und,"","",,Irish,Spencer McIntyre,2021-10-11T18:31:36Z
4504,Puifín,und,"","",,Irish,Spencer McIntyre,2021-10-11T18:31:47Z
4627,Lóma rua,und,"","",,Irish,Spencer McIntyre,2021-10-11T18:33:43Z
4623,Lóma Artach,und,"","",,Irish,Spencer McIntyre,2021-10-11T18:33:53Z
4626,Lóma mór,und,"","",,Irish,Spencer McIntyre,2021-10-11T18:34:04Z
4622,Lóma gobgheal,und,"","",,Irish,Spencer McIntyre,2021-10-11T18:34:17Z
4146,Guairdeall Wilson,und,"","",,Irish,Spencer McIntyre,2021-10-11T18:34:35Z
144433,Albatras dú-mhalach,und,"","",,Irish,Spencer McIntyre,2021-10-11T18:34:52Z
4170,Guairdeall,und,"","",,Irish,Spencer McIntyre,2021-10-11T18:36:18Z
4180,Fulmaire,und,"","",,Irish,Spencer McIntyre,2021-10-11T18:36:44Z
4058,Peadairín clúmhach Maidéarach,und,"","",,Irish,Spencer McIntyre,2021-10-11T18:37:08Z
4055,Peadairín clúmhach Fea,und,"","",,Irish,Spencer McIntyre,2021-10-11T18:37:24Z
509656,Cánóg Cory,und,"","",,Irish,Spencer McIntyre,2021-10-11T18:39:32Z
502899,Cánóg dhorcha,und,"","",,Irish,Spencer McIntyre,2021-10-11T18:39:45Z
475120,Cánóg mhór,und,"","",,Irish,Spencer McIntyre,2021-10-11T18:39:57Z
4093,Cánóg dhubh,und,"","",,Irish,Spencer McIntyre,2021-10-11T18:40:07Z
73315,Cánóg Bhailéarach,und,"","",,Irish,Spencer McIntyre,2021-10-11T18:40:17Z
144441,Cánóg Barolo,und,"","",,Irish,Spencer McIntyre,2021-10-11T18:40:28Z
4134,Peadairín Bulwer,und,"","",,Irish,Spencer McIntyre,2021-10-11T18:40:41Z
4736,Storc dubh,und,"","",,Irish,Spencer McIntyre,2021-10-11T18:40:54Z
4733,Storc bán,und,"","",,Irish,Spencer McIntyre,2021-10-11T18:41:13Z
3802,Gainead,und,"","",,Irish,Spencer McIntyre,2021-10-11T18:53:58Z
4270,Broigheall,und,"","",,Irish,Spencer McIntyre,2021-10-11T18:54:13Z
3756,Íbis niamhrach,und,"","",,Irish,Spencer McIntyre,2021-10-11T18:54:52Z
3731,Corr leitheadach Eoráiseach,und,"","",,Irish,Spencer McIntyre,2021-10-11T18:55:24Z
5033,Bonnán,und,"","",,Irish,Spencer McIntyre,2021-10-11T18:55:37Z
5034,Bonnán Meiriceánach,und,"","",,Irish,Spencer McIntyre,2021-10-11T18:55:49Z
204527,Bonnán beag,und,"","",,Irish,Spencer McIntyre,2021-10-11T18:58:35Z
4981,Corr oíche,und,"","",,Irish,Spencer McIntyre,2021-10-11T18:58:54Z
5020,Corr ghormghlas,und,"","",,Irish,Spencer McIntyre,2021-10-11T18:59:07Z
4994,Corr scréachach,und,"","",,Irish,Spencer McIntyre,2021-10-11T18:59:18Z
5017,Éigrit eallaigh,und,"","",,Irish,Spencer McIntyre,2021-10-11T18:59:34Z
4954,Corr réisc,und,"","",,Irish,Spencer McIntyre,2021-10-11T18:59:47Z
4951,Corr chorcra,und,"","",,Irish,Spencer McIntyre,2021-10-11T18:59:59Z
144455,Éigrit mhór,und,"","",,Irish,Spencer McIntyre,2021-10-11T19:00:12Z
4937,Éigrit ghorm,und,"","",,Irish,Spencer McIntyre,2021-10-11T19:00:25Z
4943,Éigrit bheag,und,"","",,Irish,Spencer McIntyre,2021-10-11T19:00:37Z
116999,Coirneach,und,"","",,Irish,Spencer McIntyre,2021-10-11T19:00:49Z
5325,Clamhán míl,und,"","",,Irish,Spencer McIntyre,2021-10-11T19:01:01Z
5366,Bultúr gríofa,und,"","",,Irish,Spencer McIntyre,2021-10-11T19:01:12Z
201035,Iolar breac mór,und,"","",,Irish,Spencer McIntyre,2021-10-11T19:01:26Z
5074,Iolar firéan,und,"","",,Irish,Spencer McIntyre,2021-10-11T19:01:39Z
5106,Spioróg,und,"","",,Irish,Spencer McIntyre,2021-10-11T19:02:01Z
5108,Spioróg mhór,und,"","",,Irish,Spencer McIntyre,2021-10-11T19:02:12Z
5173,Cromán móna,und,"","",,Irish,Spencer McIntyre,2021-10-11T19:05:35Z
559064,Cromán na gcearc,und,"","",,Irish,Spencer McIntyre,2021-10-11T19:05:48Z
5178,Cromán bánlíoch,und,"","",,Irish,Spencer McIntyre,2021-10-11T19:05:58Z
5167,Cromán liath,und,"","",,Irish,Spencer McIntyre,2021-10-11T19:06:08Z
5267,Cúr rua,und,"","",,Irish,Spencer McIntyre,2021-10-11T19:06:27Z
5268,Cúr dubh,und,"","",,Irish,Spencer McIntyre,2021-10-11T19:06:38Z
5309,Iolar mara,und,"","",,Irish,Spencer McIntyre,2021-10-11T19:06:53Z
5305,Iolar mhaol,und,"","",,Irish,Spencer McIntyre,2021-10-11T19:07:04Z
5200,Clamhán lópach,und,"","",,Irish,Spencer McIntyre,2021-10-11T19:07:22Z
204472,Clamhán,und,"","",,Irish,Spencer McIntyre,2021-10-11T19:07:35Z
20445,Scréachóg reilige,und,"","",,Irish,Spencer McIntyre,2021-10-11T19:07:50Z
20244,Ulchabhán scopach Eoráiseach,und,"","",,Irish,Spencer McIntyre,2021-10-11T19:08:05Z
144594,Ulchabhán sneachtúil,und,"","",,Irish,Spencer McIntyre,2021-10-11T19:08:22Z
19998,Ulchabhán beag,und,"","",,Irish,Spencer McIntyre,2021-10-11T19:08:34Z
20307,Ceann cait,und,"","",,Irish,Spencer McIntyre,2021-10-11T19:11:03Z
20315,Ulchabhán réisc,und,"","",,Irish,Spencer McIntyre,2021-10-11T19:11:14Z
20969,Húpú,und,"","",,Irish,Spencer McIntyre,2021-10-11T19:11:24Z
2266,Rollóir Eorpach,und,"","",,Irish,Spencer McIntyre,2021-10-11T19:11:35Z
2599,Cruidín,und,"","",,Irish,Spencer McIntyre,2021-10-11T19:11:46Z
2548,Cruidín creasa,und,"","",,Irish,Spencer McIntyre,2021-10-11T19:11:56Z
2191,Beachadóir Eorpach,und,"","",,Irish,Spencer McIntyre,2021-10-11T19:12:08Z
18448,Cam-mhuin,und,"","",,Irish,Spencer McIntyre,2021-10-11T19:14:04Z
18463,Súdhiúlaí tarrbhuí,und,"","",,Irish,Spencer McIntyre,2021-10-11T19:14:17Z
17871,Mórchnagaire breac,und,"","",,Irish,Spencer McIntyre,2021-10-11T19:14:30Z
144243,Cnagaire glas,und,"","",,Irish,Spencer McIntyre,2021-10-11T19:14:42Z
59845,Mionphocaire gaoithe,und,"","",,Irish,Spencer McIntyre,2021-10-11T19:14:56Z
472766,Pocaire gaoithe,und,"","",,Irish,Spencer McIntyre,2021-10-11T19:15:07Z
4641,Fabhcún cosdearg,und,"","",,Irish,Spencer McIntyre,2021-10-11T19:15:16Z
4672,Meirliún,und,"","",,Irish,Spencer McIntyre,2021-10-11T19:15:28Z
4643,Fabhcún coille,und,"","",,Irish,Spencer McIntyre,2021-10-11T19:15:42Z
4657,Fabhcún mór,und,"","",,Irish,Spencer McIntyre,2021-10-11T19:15:54Z
4647,Fabhcún gorm,und,"","",,Irish,Spencer McIntyre,2021-10-11T19:16:05Z
12021,Scréachán donn,und,"","",,Irish,Spencer McIntyre,2021-10-11T19:17:31Z
12038,Scréachán droimrua,und,"","",,Irish,Spencer McIntyre,2021-10-11T19:17:41Z
12042,Scréachán isibéalach,und,"","",,Irish,Spencer McIntyre,2021-10-11T19:17:53Z
12054,Mionscréachán liath,und,"","",,Irish,Spencer McIntyre,2021-10-11T19:18:05Z
559070,Mórscréachán liath,und,"","",,Irish,Spencer McIntyre,2021-10-11T19:18:19Z
12039,Scréachán coille,und,"","",,Irish,Spencer McIntyre,2021-10-11T19:18:31Z
17364,Glaséan Philadelphia,und,"","",,Irish,Spencer McIntyre,2021-10-11T19:18:47Z
891704,Glaséan súildearg,und,"","",,Irish,Spencer McIntyre,2021-10-11T19:18:59Z
204556,Óiréal órga,und,"","",,Irish,Spencer McIntyre,2021-10-11T19:20:45Z
8088,Scréachóg,und,"","",,Irish,Spencer McIntyre,2021-10-11T19:21:05Z
8088,Scéachóg choille,und,"","",,Irish,Spencer McIntyre,2021-10-11T19:21:17Z
891696,Snag breac,und,"","",,Irish,Spencer McIntyre,2021-10-11T19:21:32Z
8349,Cág cosdearg,und,"","",,Irish,Spencer McIntyre,2021-10-11T19:21:43Z
8000,Cág,und,"","",,Irish,Spencer McIntyre,2021-10-11T19:21:56Z
8029,Rúcach,und,"","",,Irish,Spencer McIntyre,2021-10-11T19:22:14Z
204496,Caróg dhubh,und,"","",,Irish,Spencer McIntyre,2021-10-11T19:22:25Z
144757,Caróg liath,und,"","",,Irish,Spencer McIntyre,2021-10-11T19:22:37Z
8010,Fiach dubh,und,"","",,Irish,Spencer McIntyre,2021-10-11T19:22:50Z
7429,Síodeiteach,und,"","",,Irish,Spencer McIntyre,2021-10-11T19:23:02Z
144823,Meantán dubh,und,"","",,Irish,Spencer McIntyre,2021-10-11T19:36:53Z
144809,Meantán lathaí,und,"","",,Irish,Spencer McIntyre,2021-10-11T19:37:05Z
144849,Meantán gorm,und,"","",,Irish,Spencer McIntyre,2021-10-11T19:37:23Z
203153,Meantán mór,und,"","",,Irish,Spencer McIntyre,2021-10-11T19:37:43Z
117000,Meantán croiméalach,und,"","",,Irish,Spencer McIntyre,2021-10-11T19:38:07Z
7363,Fuiseog choille,und,"","",,Irish,Spencer McIntyre,2021-10-11T19:38:23Z
7347,Fuiseog,und,"","",,Irish,Spencer McIntyre,2021-10-11T19:38:40Z
7294,Fuiseog adharcach,und,"","",,Irish,Spencer McIntyre,2021-10-11T19:38:57Z
578093,Fuiseog ladharghearr,und,"","",,Irish,Spencer McIntyre,2021-10-11T19:39:09Z
11941,Gabhlán gainimh,und,"","",,Irish,Spencer McIntyre,2021-10-11T19:39:21Z
11901,Fáinleog,und,"","",,Irish,Spencer McIntyre,2021-10-11T19:40:44Z
64705,Gabhlán binne,und,"","",,Irish,Spencer McIntyre,2021-10-11T19:40:57Z
144792,Fáinleog ruaphrompach,und,"","",,Irish,Spencer McIntyre,2021-10-11T19:41:17Z
11858,Fáinleog aille Mheiriceánach,und,"","",,Irish,Spencer McIntyre,2021-10-11T19:41:31Z
116858,Ceolaire Cetti,und,"","",,Irish,Spencer McIntyre,2021-10-11T19:41:43Z
7278,Meantán earrfhada,und,"","",,Irish,Spencer McIntyre,2021-10-11T19:41:56Z
117048,Ceolaire coille,und,"","",,Irish,Spencer McIntyre,2021-10-11T19:44:09Z
117007,Ceolaire Bonelli,und,"","",,Irish,Spencer McIntyre,2021-10-11T19:44:20Z
117026,Ceolaire Hume,und,"","",,Irish,Spencer McIntyre,2021-10-11T19:44:31Z
117028,Ceolaire buímhalach,und,"","",,Irish,Spencer McIntyre,2021-10-11T19:44:42Z
117041,Ceolaire Pallas,und,"","",,Irish,Spencer McIntyre,2021-10-11T19:44:52Z
117047,Ceolaire Radde,und,"","",,Irish,Spencer McIntyre,2021-10-11T19:45:06Z
117022,Ceolaire breacdhorcha,und,"","",,Irish,Spencer McIntyre,2021-10-11T19:45:18Z
117055,Ceolaire sailí,und,"","",,Irish,Spencer McIntyre,2021-10-11T19:45:30Z
117016,Tiuf-teaf,und,"","",,Irish,Spencer McIntyre,2021-10-11T19:45:41Z
117027,Tiuf-teaf Ibéarach,und,"","",,Irish,Spencer McIntyre,2021-10-11T19:45:56Z
117054,Ceolaire scothghlas,und,"","",,Irish,Spencer McIntyre,2021-10-11T19:46:12Z
117008,Ceolaire Artach,und,"","",,Irish,Spencer McIntyre,2021-10-11T19:46:26Z
204456,Ceolaire giolcaí mór,und,"","",,Irish,Spencer McIntyre,2021-10-11T19:58:09Z
117181,Ceolaire uisce,und,"","",,Irish,Spencer McIntyre,2021-10-11T19:58:18Z
116804,Ceolaire cíbe,und,"","",,Irish,Spencer McIntyre,2021-10-11T19:58:28Z
116791,Ceolaire gort ríse,und,"","",,Irish,Spencer McIntyre,2021-10-11T19:59:01Z
116797,Ceolaire Blyth,und,"","",,Irish,Spencer McIntyre,2021-10-11T19:59:51Z
204455,Ceolaire giolcaí,und,"","",,Irish,Spencer McIntyre,2021-10-11T20:00:03Z
116802,Ceolaire corraigh,und,"","",,Irish,Spencer McIntyre,2021-10-11T20:00:17Z
201178,Ceolaire cuaráin,und,"","",,Irish,Spencer McIntyre,2021-10-11T20:00:31Z
201179,Ceolaire Syke,und,"","",,Irish,Spencer McIntyre,2021-10-11T20:00:41Z
201180,Ceolaire bánlíoch,und,"","",,Irish,Spencer McIntyre,2021-10-11T20:00:51Z
116923,Ceolaire binn,und,"","",,Irish,Spencer McIntyre,2021-10-11T20:01:03Z
116918,Ceolaire ictireach,und,"","",,Irish,Spencer McIntyre,2021-10-11T20:01:13Z
116940,Ceolaire Savi,und,"","",,Irish,Spencer McIntyre,2021-10-11T20:01:39Z
116941,Ceolaire casarnaí,und,"","",,Irish,Spencer McIntyre,2021-10-11T20:01:52Z
7697,Ceolaire feanearrach,und,"","",,Irish,Spencer McIntyre,2021-10-11T20:18:11Z
15282,Caipín dubh,und,"","",,Irish,Spencer McIntyre,2021-10-11T20:18:23Z
15302,Ceolaire garraí,und,"","",,Irish,Spencer McIntyre,2021-10-11T20:18:35Z
117097,Lasairchíor,und,"","",,Irish,Spencer McIntyre,2021-10-11T20:20:07Z
793469,Cíorbhuí,und,"","",,Irish,Spencer McIntyre,2021-10-11T20:20:22Z
145363,Dreolín,und,"","",,Irish,Spencer McIntyre,2021-10-11T20:22:32Z
7450,Snag coiteann,und,"","",,Irish,Spencer McIntyre,2021-10-11T20:22:42Z
14995,Catéan liath,und,"","",,Irish,Spencer McIntyre,2021-10-11T20:22:55Z
145108,Druid rósach,und,"","",,Irish,Spencer McIntyre,2021-10-11T20:23:08Z
14850,Druid,und,"","",,Irish,Spencer McIntyre,2021-10-11T20:23:21Z
201194,Smólach Sibéarach,und,"","",,Irish,Spencer McIntyre,2021-10-11T20:26:31Z
497042,Smólach White,und,"","",,Irish,Spencer McIntyre,2021-10-11T20:26:44Z
12883,Smólach glasleicneach,und,"","",,Irish,Spencer McIntyre,2021-10-11T20:26:57Z
12878,Smólach Swainson,und,"","",,Irish,Spencer McIntyre,2021-10-11T20:27:08Z
12890,Smólach ceallaigh,und,"","",,Irish,Spencer McIntyre,2021-10-11T20:27:23Z
12740,Lon creige,und,"","",,Irish,Spencer McIntyre,2021-10-11T20:27:35Z
12716,Lon dubh,und,"","",,Irish,Spencer McIntyre,2021-10-11T20:27:48Z
12707,Sacán,und,"","",,Irish,Spencer McIntyre,2021-10-11T20:28:02Z
12749,Deargán sneachta,und,"","",,Irish,Spencer McIntyre,2021-10-11T20:28:14Z
12748,Smólach ceoil,und,"","",,Irish,Spencer McIntyre,2021-10-11T20:28:26Z
12735,Smólach mór,und,"","",,Irish,Spencer McIntyre,2021-10-11T20:28:55Z
12727,Spideog,und,"","",,Irish,Spencer McIntyre,2021-10-11T20:29:07Z
145026,Torspideog ruadhonn,und,"","",,Irish,Spencer McIntyre,2021-10-11T20:29:20Z
12971,Cuilire liath,und,"","",,Irish,Spencer McIntyre,2021-10-11T20:29:31Z
13094,Spideog,und,"","",,Irish,Spencer McIntyre,2021-10-11T20:29:43Z
13071,Gormphíb,und,"","",,Irish,Spencer McIntyre,2021-10-11T20:29:55Z
13075,Filiméala smólaigh,und,"","",,Irish,Spencer McIntyre,2021-10-11T20:30:07Z
13079,Filiméala,und,"","",,Irish,Spencer McIntyre,2021-10-11T20:30:19Z
210941,An t-earrghorm rua-chliathánach,und,"","",,Irish,Spencer McIntyre,2021-10-11T20:30:35Z
13113,Cuilire broinnrua,und,"","",,Irish,Spencer McIntyre,2021-10-11T20:33:07Z
204512,Cuilire alabhreac,und,"","",,Irish,Spencer McIntyre,2021-10-11T20:33:17Z
13000,Earrdheargán dubh,und,"","",,Irish,Spencer McIntyre,2021-10-11T20:33:28Z
12992,Earrdheargán,und,"","",,Irish,Spencer McIntyre,2021-10-11T20:33:40Z
13140,Smólach aille,und,"","",,Irish,Spencer McIntyre,2021-10-11T20:33:53Z
12908,Caislín aitinn,und,"","",,Irish,Spencer McIntyre,2021-10-11T20:34:05Z
201192,Caislín cloch,und,"","",,Irish,Spencer McIntyre,2021-10-11T20:34:18Z
12822,Clochrán,und,"","",,Irish,Spencer McIntyre,2021-10-11T20:34:37Z
12837,Clochrán gainimh,und,"","",,Irish,Spencer McIntyre,2021-10-11T20:34:50Z
12842,Clochrán fásaigh,und,"","",,Irish,Spencer McIntyre,2021-10-11T20:35:02Z
12825,Clochrán cluasdubh,und,"","",,Irish,Spencer McIntyre,2021-10-11T20:35:13Z
12830,Clochrán alabhreac,und,"","",,Irish,Spencer McIntyre,2021-10-11T20:35:25Z
12838,Clochrán dubh,und,"","",,Irish,Spencer McIntyre,2021-10-11T20:35:37Z
12832,Clochrán dubh,und,"","",,Irish,Spencer McIntyre,2021-10-11T20:35:51Z
7647,Gabha dubh,und,"","",,Irish,Spencer McIntyre,2021-10-11T20:36:47Z
13858,Gealbhan binne,und,"","",,Irish,Spencer McIntyre,2021-10-11T20:36:59Z
13851,Gealbhan crainn,und,"","",,Irish,Spencer McIntyre,2021-10-11T20:37:14Z
13988,Donnóg,und,"","",,Irish,Spencer McIntyre,2021-10-11T20:37:29Z
204545,Glasóg bhuí,und,"","",,Irish,Spencer McIntyre,2021-10-11T20:39:51Z
13687,Glasóg chiotrónach,und,"","",,Irish,Spencer McIntyre,2021-10-11T20:40:02Z
13688,Glasóg liath,und,"","",,Irish,Spencer McIntyre,2021-10-11T20:40:14Z
13695,Glasóg shráide,und,"","",,Irish,Spencer McIntyre,2021-10-11T20:40:25Z
13695,Glasóg bhán,und,"","",,Irish,Spencer McIntyre,2021-10-11T20:40:38Z
13726,Riabhóg Richard,und,"","",,Irish,Spencer McIntyre,2021-10-11T20:40:49Z
13712,Riabhóg dhonn,und,"","",,Irish,Spencer McIntyre,2021-10-11T20:40:59Z
13729,Riabhóg mhóna,und,"","",,Irish,Spencer McIntyre,2021-10-11T20:41:10Z
13711,Riabhóg choille,und,"","",,Irish,Spencer McIntyre,2021-10-11T20:41:22Z
13724,Riabhóg dhroimghlas,und,"","",,Irish,Spencer McIntyre,2021-10-11T20:41:33Z
13727,Riabhóg Pechora,und,"","",,Irish,Spencer McIntyre,2021-10-11T20:41:43Z
13721,Riabhóg phíbrua,und,"","",,Irish,Spencer McIntyre,2021-10-11T20:41:54Z
13732,Riabhóg Mheiriceánach,und,"","",,Irish,Spencer McIntyre,2021-10-11T20:42:08Z
13713,Riabhóg uisce,und,"","",,Irish,Spencer McIntyre,2021-10-11T20:42:20Z
13734,Riabhóg chladaigh,und,"","",,Irish,Spencer McIntyre,2021-10-11T20:42:32Z
10069,Breacán,und,"","",,Irish,Spencer McIntyre,2021-10-11T20:43:00Z
9801,Glasán gobmhór,und,"","",,Irish,Spencer McIntyre,2021-10-11T20:43:11Z
9462,Corcrán coille,und,"","",,Irish,Spencer McIntyre,2021-10-11T20:43:22Z
9639,Rósghlasán coiteann,und,"","",,Irish,Spencer McIntyre,2021-10-11T20:43:33Z
116840,Gealóg Laplannach,und,"","",,Irish,Spencer McIntyre,2021-10-11T20:45:49Z
117059,Gealóg shneachta,und,"","",,Irish,Spencer McIntyre,2021-10-11T20:46:02Z
145360,Glasán darach,und,"","",,Irish,Spencer McIntyre,2021-10-11T20:46:19Z
558633,Gleoiseach sléibhe,und,"","",,Irish,Spencer McIntyre,2021-10-11T20:46:35Z
558634,Gleoiseach,und,"","",,Irish,Spencer McIntyre,2021-10-11T20:46:49Z
145300,Deargéadan,und,"","",,Irish,Spencer McIntyre,2021-10-11T20:47:03Z
145301,Deargéadan beag,und,"","",,Irish,Spencer McIntyre,2021-10-11T20:47:18Z
145302,Deargéadan Artach,und,"","",,Irish,Spencer McIntyre,2021-10-11T20:47:38Z
10411,Crosghob rua,und,"","",,Irish,Spencer McIntyre,2021-10-11T20:47:54Z
10423,Crosghob báneiteach,und,"","",,Irish,Spencer McIntyre,2021-10-11T20:48:06Z
9398,Lasair choille,und,"","",,Irish,Spencer McIntyre,2021-10-11T20:48:20Z
9236,Seirín,und,"","",,Irish,Spencer McIntyre,2021-10-11T20:48:31Z
145303,Siscín,und,"","",,Irish,Spencer McIntyre,2021-10-11T20:48:42Z
9203,Gealóg cheanndubh,und,"","",,Irish,Spencer McIntyre,2021-10-11T20:50:32Z
145291,Gealóg bhuachair,und,"","",,Irish,Spencer McIntyre,2021-10-11T20:50:42Z
9195,Buíóg,und,"","",,Irish,Spencer McIntyre,2021-10-11T20:50:53Z
9210,Gealóg phéine,und,"","",,Irish,Spencer McIntyre,2021-10-11T20:51:07Z
9196,Gealóg gharraí,und,"","",,Irish,Spencer McIntyre,2021-10-11T20:51:18Z
9192,Cirlghealóg,und,"","",,Irish,Spencer McIntyre,2021-10-11T20:51:29Z
9197,Gealóg bheag,und,"","",,Irish,Spencer McIntyre,2021-10-11T20:51:39Z
9188,Gealóg thuathúil,und,"","",,Irish,Spencer McIntyre,2021-10-11T20:51:50Z
9212,Gealóg bhroinnbhuí,und,"","",,Irish,Spencer McIntyre,2021-10-11T20:52:00Z
9201,Gealóg ghiolcaí,und,"","",,Irish,Spencer McIntyre,2021-10-11T20:52:11Z
9156,Gealbhan sionnaigh,und,"","",,Irish,Spencer McIntyre,2021-10-11T20:52:28Z
10094,Luachairín shúildubh,und,"","",,Irish,Spencer McIntyre,2021-10-11T20:52:39Z
9176,Gealbhan bánchorónach,und,"","",,Irish,Spencer McIntyre,2021-10-11T20:52:51Z
9184,Gealbhan píbgheal,und,"","",,Irish,Spencer McIntyre,2021-10-11T20:53:05Z
10487,Bobóilinc,und,"","",,Irish,Spencer McIntyre,2021-10-11T20:55:23Z
9346,Óiréal tuaisceartach,und,"","",,Irish,Spencer McIntyre,2021-10-11T20:55:41Z
73149,Smólach uisce tuaisceartach,und,"","",,Irish,Spencer McIntyre,2021-10-11T20:55:54Z
73553,Ceolaire gormeiteach,und,"","",,Irish,Spencer McIntyre,2021-10-11T20:56:04Z
10286,Ceolaire dubh is bán,und,"","",,Irish,Spencer McIntyre,2021-10-11T20:56:17Z
9721,Buíphíb choiteann,und,"","",,Irish,Spencer McIntyre,2021-10-11T20:56:30Z
10247,Earrdheargán Meiriceánach,und,"","",,Irish,Spencer McIntyre,2021-10-11T20:56:40Z
145240,Ceolaire dubhéadanach,und,"","",,Irish,Spencer McIntyre,2021-10-11T20:56:50Z
145245,Ceolaire buíphrompach,und,"","",,Irish,Spencer McIntyre,2021-10-11T20:57:04Z
132704,Ceolaire buíphrompach,und,"","",,Irish,Spencer McIntyre,2021-10-11T20:57:17Z
145275,Ceolaire Ceanadach,und,"","",,Irish,Spencer McIntyre,2021-10-11T20:57:28Z
9921,Tanagair scarlóideach,und,"","",,Irish,Spencer McIntyre,2021-10-11T20:58:13Z
10271,Gobach mór broinnrósach,und,"","",,Irish,Spencer McIntyre,2021-10-11T20:58:24Z
10227,Gealóg phlúiríneach,und,"","",,Irish,Spencer McIntyre,2021-10-11T20:58:34Z
469472,úll,und,"","",,Irish,10423,2022-03-27T04:39:15Z
1289501,Ceolaire casarnaí Pallas,und,"","",https://www.inaturalist.org/taxon_names/2714356/edit,Irish,,2022-04-12T18:10:04Z
1286843,Dreoilín cíbe,und,"","",,Irish,max kirsch,2022-04-12T19:22:31Z
1289622,Guairdeall gabhlach,und,"","",https://www.inaturalist.org/taxon_names/2714133/edit,Irish,Cole Gaerber,2022-04-18T20:12:42Z
1289467,Ceolaire fraoigh,und,"","",https://www.inaturalist.org/taxon_names/2714436/edit,Irish,rjq,2022-04-18T20:56:14Z
1289488,Ceolaire barrach,und,"","",https://www.inaturalist.org/taxon_names/2714430/edit,Irish,,2022-04-18T20:56:49Z
1289484,Gilphíb bheag,und,"","",https://www.inaturalist.org/taxon_names/2714432/edit,Irish,carnifex,2022-04-18T20:58:22Z
1289470,Gilbhíb mór,und,"","",https://www.inaturalist.org/taxon_names/2714435/edit,Irish,rjq,2022-04-18T21:00:38Z
1289472,Ceolaire Sairdíneach,und,"","",https://www.inaturalist.org/taxon_names/2714433/edit,Irish,,2022-04-18T21:08:08Z
1289604,Seaga,und,"","",https://www.inaturalist.org/taxon_names/2714162/edit,Irish,max kirsch,2022-05-15T02:58:35Z
1,Ainmhí,und,"","",,Irish,John E. Christensen,2022-10-03T11:44:54Z
48867,Pailm,und,"","",,Irish,John E. Christensen,2022-11-02T10:47:39Z
48678,Slat óir,und,"","",,Irish,John E. Christensen,2022-12-22T13:38:02Z
30692,Nathair shligreach,und,"","",,Irish,John E. Christensen,2023-01-05T11:51:40Z
47543,dris álainn,und,"","",,Irish,Johan Devos,2023-01-28T12:19:47Z
71297,Bróg-ghob,und,"","",,Irish,John E. Christensen,2023-01-31T12:39:15Z
93707,Giúirén,und,"","",,Irish,Ramóna Molnár,2023-02-05T21:03:31Z
20526,Ostrais,und,"","",,Irish,Johan Devos,2023-02-28T22:27:25Z
1454382,Broigheall cluasach,und,"","",https://www.inaturalist.org/taxon_names/2714163/edit,Irish,,2023-03-01T05:48:22Z
47602,Caisearbhán,und,"","",,Irish,Spencer McIntyre,2023-05-09T15:13:12Z
564969,Lus na tine,und,"","",,Irish,Spencer McIntyre,2023-05-09T15:14:24Z
1019125,Plúr na gréine,und,"","",,Irish,Spencer McIntyre,2023-05-09T15:15:17Z
55505,Creamh garraí,und,"","",,Irish,Spencer McIntyre,2023-05-09T15:15:42Z
60364,Róslabhras,und,"","",,Irish,Spencer McIntyre,2023-05-09T15:16:08Z
53059,Garbhlus,und,"","",,Irish,Spencer McIntyre,2023-05-09T15:16:36Z
55811,Draighean,und,"","",,Irish,Spencer McIntyre,2023-05-09T15:17:31Z
336113,Póiríní seangán,und,"","",,Irish,Spencer McIntyre,2023-05-09T15:20:32Z
950603,Lus na gaoithe,und,"","",,Irish,Spencer McIntyre,2023-05-09T15:21:06Z
68007,Lusrán grándubh,und,"","",,Irish,Spencer McIntyre,2023-05-09T15:21:27Z
132621,Magairlín meidhreach,und,"","",,Irish,Spencer McIntyre,2023-05-09T15:21:47Z
83085,Magairlín na stuaice,und,"","",,Irish,Spencer McIntyre,2023-05-09T15:22:09Z
61481,Sailchuach chon,und,"","",,Irish,Spencer McIntyre,2023-05-09T15:22:28Z
54491,Coll,und,"","",,Irish,Spencer McIntyre,2023-05-09T15:22:51Z
56064,Fearbán féir,und,"","",,Irish,Spencer McIntyre,2023-05-09T15:23:14Z
63371,Copóg shráide,und,"","",,Irish,Spencer McIntyre,2023-05-09T15:23:36Z
118858,Sciollam na móna,und,"","",,Irish,Spencer McIntyre,2023-05-09T15:24:18Z
82685,Méara Muire,und,"","",,Irish,Spencer McIntyre,2023-05-09T15:24:44Z
169752,Tím chreige,und,"","",,Irish,Spencer McIntyre,2023-05-09T15:25:39Z
61432,Labhras silíní,und,"","",,Irish,Spencer McIntyre,2023-05-09T15:26:28Z
55851,Caochneantóg dhearg,und,"","",,Irish,Spencer McIntyre,2023-05-09T15:28:36Z
62312,Méaracán gorm,und,"","",,Irish,Spencer McIntyre,2023-05-09T15:28:58Z
77310,Gunnaire,und,"","",,Irish,Spencer McIntyre,2023-05-09T15:29:18Z
129850,Créachtlus,und,"","",,Irish,Spencer McIntyre,2023-05-09T15:29:54Z
1024536,Tursarraing mhór,und,"","",,Irish,Spencer McIntyre,2023-05-09T15:30:23Z
127412,Féithleann álainn,und,"","",,Irish,Spencer McIntyre,2023-05-09T15:30:44Z
47553,Iúr,und,"","",,Irish,Spencer McIntyre,2023-05-09T15:33:01Z
55666,Lus cré garraí,und,"","",,Irish,Spencer McIntyre,2023-05-09T15:33:34Z
118873,Lus Bealtaine mara,und,"","",,Irish,Spencer McIntyre,2023-05-09T15:34:06Z
55838,Biolar trá,und,"","",,Irish,Spencer McIntyre,2023-05-09T15:34:41Z
275961,Ibheag chrua,und,"","",,Irish,Spencer McIntyre,2023-05-09T15:35:56Z
82591,Raithneach rua,und,"","",,Irish,Spencer McIntyre,2023-05-09T15:36:15Z
129098,Lus an ghiolla,und,"","",,Irish,Spencer McIntyre,2023-05-09T15:36:40Z
53104,Cluas chait,und,"","",,Irish,Spencer McIntyre,2023-05-09T15:38:33Z
56099,Glasair choille,und,"","",,Irish,Spencer McIntyre,2023-05-09T15:38:52Z
55884,Feirdhris,und,"","",,Irish,Spencer McIntyre,2023-05-09T15:39:27Z
55976,Cnáib uisce,und,"","",,Irish,Spencer McIntyre,2023-05-09T15:39:56Z
54498,Laíon na trá,und,"","",,Irish,Spencer McIntyre,2023-05-09T15:40:14Z
56133,Dair ghallda,und,"","",,Irish,Spencer McIntyre,2023-05-09T15:40:40Z
57439,Iúr sléibhe,und,"","",,Irish,Spencer McIntyre,2023-05-09T15:41:06Z
162707,Cuileann trá,und,"","",,Irish,Spencer McIntyre,2023-05-09T15:41:26Z
167210,Lus an bhainne,und,"","",,Irish,Spencer McIntyre,2023-05-09T15:41:45Z
53294,Bleachtán mín,und,"","",,Irish,Spencer McIntyre,2023-05-09T15:42:05Z
52658,Drúichtín móna,und,"","",,Irish,Spencer McIntyre,2023-05-09T15:42:31Z
170020,Luibh bhléine,und,"","",,Irish,Spencer McIntyre,2023-05-09T15:43:03Z
53211,Grúnlas,und,"","",,Irish,Spencer McIntyre,2023-05-09T15:43:53Z
56162,Lus na Meall Muire,und,"","",,Irish,Spencer McIntyre,2023-05-09T15:45:43Z
75968,Ialus giobach,und,"","",,Irish,Spencer McIntyre,2023-05-09T15:46:07Z
162431,Fraoch naoscaí,und,"","",,Irish,Spencer McIntyre,2023-05-09T15:46:29Z
60982,Cearrbhacán mara,und,"","",,Irish,Spencer McIntyre,2023-05-09T15:46:45Z
83541,Leaithín,und,"","",,Irish,Spencer McIntyre,2023-05-09T15:47:04Z
58722,Péine Albanach,und,"","",,Irish,Spencer McIntyre,2023-05-09T15:47:25Z
53307,Cluas liath,und,"","",,Irish,Spencer McIntyre,2023-05-09T16:37:09Z
55969,Caor chon,und,"","",,Irish,Spencer McIntyre,2023-05-09T16:37:41Z
56153,Geataire,und,"","",,Irish,Spencer McIntyre,2023-05-09T16:38:13Z
69626,Glóiris,und,"","",,Irish,Spencer McIntyre,2023-05-09T16:38:45Z
118893,Glanrosc,und,"","",,Irish,Spencer McIntyre,2023-05-09T16:39:09Z
127079,Scim chaol,und,"","",,Irish,Spencer McIntyre,2023-05-09T16:39:43Z
55819,Bainne bó bleachtáin,und,"","",,Irish,Spencer McIntyre,2023-05-09T16:40:08Z
57030,Cuirdín,und,"","",,Irish,Spencer McIntyre,2023-05-09T16:40:41Z
77950,Hocas ard,und,"","",,Irish,Spencer McIntyre,2023-05-09T16:41:28Z
56224,Lus buí Bealtaine,und,"","",,Irish,Spencer McIntyre,2023-05-09T16:43:46Z
127029,Fraochán,und,"","",,Irish,Spencer McIntyre,2023-05-09T16:44:11Z
131610,Lus taghla,und,"","",,Irish,Spencer McIntyre,2023-05-09T16:44:33Z
740984,Plúr na cuaiche,und,"","",,Irish,Spencer McIntyre,2023-05-09T16:45:27Z
55891,Macall coille,und,"","",,Irish,Spencer McIntyre,2023-05-09T16:45:49Z
55981,Duilleog Bhríde,und,"","",,Irish,Spencer McIntyre,2023-05-09T16:46:12Z
82602,Craobhraic,und,"","",,Irish,Spencer McIntyre,2023-05-09T16:47:02Z
54404,Cailleach dhearg,und,"","",,Irish,Spencer McIntyre,2023-05-09T16:48:12Z
55821,Samhadh bó,und,"","",,Irish,Spencer McIntyre,2023-05-09T16:48:34Z
50298,Sú talún fhiáin,und,"","",,Irish,Spencer McIntyre,2023-05-09T16:49:14Z
51843,Fuinseagach,und,"","",,Irish,Spencer McIntyre,2023-05-09T16:49:34Z
52793,Féar an chinn bháin,und,"","",,Irish,Spencer McIntyre,2023-05-09T16:50:02Z
53326,Fincín mór,und,"","",,Irish,Spencer McIntyre,2023-05-09T16:50:30Z
56160,Caorthann corraigh,und,"","",,Irish,Spencer McIntyre,2023-05-09T16:51:08Z
52724,Cuirdín,und,"","",,Irish,Spencer McIntyre,2023-05-09T16:53:51Z
56236,Dréimire Mhuire,und,"","",,Irish,Spencer McIntyre,2023-05-09T16:54:16Z
56061,Bóchoinneal,und,"","",,Irish,Spencer McIntyre,2023-05-09T16:55:21Z
166466,Boglas Spáinneach,und,"","",,Irish,Spencer McIntyre,2023-05-09T16:56:33Z
53271,Tornapa fiáin,und,"","",,Irish,Spencer McIntyre,2023-05-09T16:56:56Z
53298,Fuilig,und,"","",,Irish,Spencer McIntyre,2023-05-09T16:57:20Z
79025,Grafán bán na gcloch,und,"","",,Irish,Spencer McIntyre,2023-05-09T16:57:44Z
132603,Ceadharlach Bealtaine,und,"","",,Irish,Spencer McIntyre,2023-05-09T16:58:50Z
48523,Póirín sneachta,und,"","",,Irish,Spencer McIntyre,2023-05-09T16:59:10Z
68543,Slánlus mara,und,"","",,Irish,Spencer McIntyre,2023-05-09T16:59:41Z
127215,Ceannbhán,und,"","",,Irish,Spencer McIntyre,2023-05-09T17:00:04Z
64237,Giolcach,und,"","",,Irish,Spencer McIntyre,2023-05-09T17:21:50Z
124485,Donnlus,und,"","",,Irish,Spencer McIntyre,2023-05-09T17:24:48Z
55411,Meacan mara,und,"","",,Irish,Spencer McIntyre,2023-05-09T17:25:16Z
58961,Cuach Phádraig,und,"","",,Irish,Spencer McIntyre,2023-05-09T17:25:45Z
129446,Gaineamhlus mara,und,"","",,Irish,Spencer McIntyre,2023-05-09T17:26:06Z
121763,Castán,und,"","",,Irish,Spencer McIntyre,2023-05-09T17:27:16Z
125787,Peasairín buí,und,"","",,Irish,Spencer McIntyre,2023-05-09T17:27:45Z
146853,Bainne léana,und,"","",,Irish,Spencer McIntyre,2023-05-09T17:28:16Z
154224,Lus Cholm Cille,und,"","",,Irish,Spencer McIntyre,2023-05-09T17:28:43Z
53197,Copóg chatach,und,"","",,Irish,Spencer McIntyre,2023-05-09T17:29:34Z
55848,Lus an chromchinn,und,"","",,Irish,Spencer McIntyre,2023-05-09T17:30:03Z
56002,Leadán úcaire,und,"","",,Irish,Spencer McIntyre,2023-05-09T17:34:00Z
56166,Glúineach dhearg,und,"","",,Irish,Spencer McIntyre,2023-05-09T17:34:37Z
57481,Ialus fáil,und,"","",,Irish,Spencer McIntyre,2023-05-09T17:35:01Z
163549,Eidhneán,und,"","",,Irish,Spencer McIntyre,2023-05-09T17:35:30Z
51726,Lus míonla goirt,und,"","",,Irish,Spencer McIntyre,2023-05-09T17:35:55Z
54763,Mailp Lochlannach,und,"","",,Irish,Spencer McIntyre,2023-05-09T17:36:23Z
200942,Dair ghaelach,und,"","",,Irish,Spencer McIntyre,2023-05-09T17:36:57Z
371831,Aiteann gaelach,und,"","",,Irish,Spencer McIntyre,2023-05-09T17:37:25Z
57036,Gearr nimhe,und,"","",,Irish,Spencer McIntyre,2023-05-09T17:37:54Z
77255,Crobh geal,und,"","",,Irish,Spencer McIntyre,2023-05-09T17:38:21Z
77778,Buaflíon corcra,und,"","",,Irish,Spencer McIntyre,2023-05-09T17:38:44Z
53050,Saileachán sráide,und,"","",,Irish,Spencer McIntyre,2023-05-09T17:39:04Z
53324,Peasair chapaill,und,"","",,Irish,Spencer McIntyre,2023-05-09T17:39:32Z
121266,Bodán meascáin,und,"","",,Irish,Spencer McIntyre,2023-05-09T17:40:25Z
129075,Camán searraigh balla,und,"","",,Irish,Spencer McIntyre,2023-05-09T18:05:13Z
164834,Crobh éin corraigh,und,"","",,Irish,Spencer McIntyre,2023-05-09T18:05:42Z
55830,Athair lusa,und,"","",,Irish,Spencer McIntyre,2023-05-09T18:06:00Z
61470,Gliográn,und,"","",,Irish,Spencer McIntyre,2023-05-09T18:06:23Z
167373,Cúig mhéar Mhuire,und,"","",,Irish,Spencer McIntyre,2023-05-09T18:07:42Z
48982,Magairlín mór,und,"","",,Irish,Spencer McIntyre,2023-05-09T18:08:04Z
53313,Seamróg,und,"","",,Irish,Spencer McIntyre,2023-05-09T18:08:25Z
83816,Magairlín na mbeach,und,"","",,Irish,Spencer McIntyre,2023-05-09T18:10:46Z
52720,Garbhfhéar,und,"","",,Irish,Spencer McIntyre,2023-05-09T18:11:11Z
53435,Cuirín,und,"","",,Irish,Spencer McIntyre,2023-05-09T18:11:47Z
57056,Dúmheidic,und,"","",,Irish,Spencer McIntyre,2023-05-09T18:12:07Z
82616,Dáthabha bán,und,"","",,Irish,Spencer McIntyre,2023-05-09T18:13:07Z
933404,Gormán,und,"","",,Irish,Spencer McIntyre,2023-05-09T18:13:26Z
53269,Bleachtán colgach,und,"","",,Irish,Spencer McIntyre,2023-05-09T18:13:43Z
57281,Feabhraíd,und,"","",,Irish,Spencer McIntyre,2023-05-09T18:32:08Z
118850,Slat óir,und,"","",,Irish,Spencer McIntyre,2023-05-09T18:32:30Z
162364,Saileachán leathan,und,"","",,Irish,Spencer McIntyre,2023-05-09T18:32:54Z
55620,Fuath gorm,und,"","",,Irish,Spencer McIntyre,2023-05-09T18:33:13Z
49365,Cíb chrom,und,"","",,Irish,Spencer McIntyre,2023-05-09T18:34:19Z
147293,Sailchuach luath,und,"","",,Irish,Spencer McIntyre,2023-05-09T18:35:45Z
160697,Gabhrán,und,"","",,Irish,Spencer McIntyre,2023-05-09T18:36:05Z
168479,Mórán balla,und,"","",,Irish,Spencer McIntyre,2023-05-09T18:37:22Z
323010,Cabáiste an mhada rua,und,"","",,Irish,Spencer McIntyre,2023-05-09T18:38:45Z
132600,Teile,und,"","",,Irish,Spencer McIntyre,2023-05-09T18:43:33Z
56121,Lus an sparáin,und,"","",,Irish,Spencer McIntyre,2023-05-09T18:45:20Z
79156,Bleachtán léana,und,"","",,Irish,Spencer McIntyre,2023-05-09T18:46:29Z
129115,Cab an ghasáin,und,"","",,Irish,Spencer McIntyre,2023-05-09T18:46:49Z
51807,Colaimbín,und,"","",,Irish,Spencer McIntyre,2023-05-10T15:00:13Z
52992,Lus na hiothlainne,und,"","",,Irish,Spencer McIntyre,2023-05-10T15:00:36Z
61424,Cúlarán,und,"","",,Irish,Spencer McIntyre,2023-05-10T15:01:00Z
61948,Tursarraing bheag,und,"","",,Irish,Spencer McIntyre,2023-05-10T15:01:19Z
60884,Méirín sí,und,"","",,Irish,Spencer McIntyre,2023-05-10T15:02:08Z
62018,Beathnua baineann,und,"","",,Irish,Spencer McIntyre,2023-05-10T15:02:26Z
78016,Bearnán lachan,und,"","",,Irish,Spencer McIntyre,2023-05-10T15:02:43Z
168412,Bodán coille,und,"","",,Irish,Spencer McIntyre,2023-05-10T15:04:39Z
738785,Lus cré,und,"","",,Irish,Spencer McIntyre,2023-05-10T15:05:35Z
53266,Lus an óir,und,"","",,Irish,Spencer McIntyre,2023-05-10T15:05:56Z
55829,Searbh-bhiolar giobach,und,"","",,Irish,Spencer McIntyre,2023-05-10T15:06:16Z
58725,Aiteal,und,"","",,Irish,Spencer McIntyre,2023-05-10T15:06:46Z
59029,Coinnle Muire,und,"","",,Irish,Spencer McIntyre,2023-05-10T15:08:05Z
77481,Lus buí Mhanannáin,und,"","",,Irish,Spencer McIntyre,2023-05-10T15:09:16Z
163184,Rú corraigh,und,"","",,Irish,Spencer McIntyre,2023-05-10T15:10:04Z
49130,Ceotharnach uisce,und,"","",,Irish,Spencer McIntyre,2023-05-10T15:11:20Z
52287,Borráiste gorm,und,"","",,Irish,Spencer McIntyre,2023-05-10T15:11:41Z
53075,Crobh giobach,und,"","",,Irish,Spencer McIntyre,2023-05-10T15:12:02Z
55847,Feoras,und,"","",,Irish,Spencer McIntyre,2023-05-10T15:13:58Z
78352,Fionnscoth,und,"","",,Irish,Spencer McIntyre,2023-05-10T15:17:44Z
118834,Feochadán mín,und,"","",,Irish,Spencer McIntyre,2023-05-10T15:18:40Z
165772,Hocas tae,und,"","",,Irish,Spencer McIntyre,2023-05-10T15:18:58Z
341154,Dédhuilleog,und,"","",,Irish,Spencer McIntyre,2023-05-10T15:19:17Z
55749,Lus an treacha,und,"","",,Irish,Spencer McIntyre,2023-05-10T15:19:46Z
57468,Magairlín na gcuileanna,und,"","",,Irish,Spencer McIntyre,2023-05-10T15:20:16Z
57805,Seamsóg ghlúineach,und,"","",,Irish,Spencer McIntyre,2023-05-10T15:20:37Z
48538,Giolcach shléibhe,und,"","",,Irish,Spencer McIntyre,2023-05-10T15:21:04Z
50717,Ealabairín,und,"","",,Irish,Spencer McIntyre,2023-05-10T15:21:25Z
56077,Lus na Maighdine Muire,und,"","",,Irish,Spencer McIntyre,2023-05-10T15:21:47Z
325579,Leith uisce,und,"","",,Irish,Spencer McIntyre,2023-05-10T15:22:11Z
402509,Searbh na muc,und,"","",,Irish,Spencer McIntyre,2023-05-10T15:22:33Z
51808,Breallán dlúth,und,"","",,Irish,Spencer McIntyre,2023-05-10T15:24:32Z
55750,Macall uisce,und,"","",,Irish,Spencer McIntyre,2023-05-10T15:25:23Z
57850,Cabhán abhann,und,"","",,Irish,Spencer McIntyre,2023-05-10T15:25:56Z
82203,Raideog,und,"","",,Irish,Spencer McIntyre,2023-05-10T15:31:39Z
48685,Coigeal na mban sí,und,"","",,Irish,Spencer McIntyre,2023-05-10T15:32:07Z
52973,Cluas luchóige ghreamaitheach,und,"","",,Irish,Spencer McIntyre,2023-05-10T15:32:38Z
55977,Hocas muscach,und,"","",,Irish,Spencer McIntyre,2023-05-10T15:32:59Z
82303,Raithneach ríúil,und,"","",,Irish,Spencer McIntyre,2023-05-10T15:33:19Z
321283,Saileach reatha,und,"","",,Irish,Spencer McIntyre,2023-05-10T15:34:01Z
53785,Camán searraigh díge,und,"","",,Irish,Spencer McIntyre,2023-05-10T15:35:15Z
54436,Sú craobh,und,"","",,Irish,Spencer McIntyre,2023-05-10T15:35:39Z
55739,Goirmín searraigh,und,"","",,Irish,Spencer McIntyre,2023-05-10T15:36:21Z
78820,Tuile thalún,und,"","",,Irish,Spencer McIntyre,2023-05-10T15:38:23Z
47697,Feascarlus,und,"","",,Irish,Spencer McIntyre,2023-05-10T15:38:58Z
48969,Srubh lao,und,"","",,Irish,Spencer McIntyre,2023-05-10T15:39:27Z
51893,Catluibh,und,"","",,Irish,Spencer McIntyre,2023-05-10T15:39:46Z
56233,Cuaichín corraigh,und,"","",,Irish,Spencer McIntyre,2023-05-10T15:40:25Z
61396,Máirtín fiáin,und,"","",,Irish,Spencer McIntyre,2023-05-10T15:42:21Z
61977,Múchóg mhór,und,"","",,Irish,Spencer McIntyre,2023-05-10T15:42:44Z
163812,Draighean mara,und,"","",,Irish,Spencer McIntyre,2023-05-10T15:43:53Z
52669,Raithneach Mhuire,und,"","",,Irish,Spencer McIntyre,2023-05-10T15:44:29Z
53771,Cainchín balla,und,"","",,Irish,Spencer McIntyre,2023-05-10T15:45:08Z
1501877,Raithneach ghainneach,und,"","",https://www.inaturalist.org/taxon_names/3334752/edit,Irish,,2023-10-10T18:36:21Z
72516,Gabhlán alpach,und,"","",https://www.inaturalist.org/taxon_names/2713882/edit,Irish,Donald Davesne,2023-10-29T11:53:38Z
4788,Amadán móinteach,und,"","",https://www.inaturalist.org/taxon_names/2713970/edit,Irish,Victor HOYEAU,2023-10-29T13:13:46Z
1505629,Feadóg mhara mhór,und,"","",https://www.inaturalist.org/taxon_names/2713969/edit,Irish,Sam Gordon,2023-10-30T00:55:03Z
1505620,Feadóigín chosdubh,und,"","",https://www.inaturalist.org/taxon_names/2713966/edit,Irish,Sean Cozart,2023-10-30T12:34:57Z
1269296,Gealbhan sneachta Afganastánach,und,"","",https://www.inaturalist.org/taxon_names/2631331/edit,Irish,Donald Davesne,2023-10-31T00:00:48Z
942779,Marram,und,"","",https://www.inaturalist.org/taxon_names/3335453/edit,Irish,,2023-11-19T23:38:14Z
41733,Rón glas,und,"","",,Irish,Alec McClay,2024-04-02T00:59:05Z
54468,Ruán beag,und,"","",,Irish,Alec McClay,2024-04-02T01:08:46Z
51495,Barr buí,und,"","",,Irish,Alec McClay,2024-04-02T01:12:43Z
62426,Fáinneog,und,"","",,Irish,Alec McClay,2024-04-02T01:14:06Z
1456607,Fritileán dúghlas,und,"","",,Irish,Alec McClay,2024-04-02T01:15:46Z
123628,Fritileán geal,und,"","",,Irish,Alec McClay,2024-04-02T01:17:36Z
132997,Fritileán péarlach,und,"","",,Irish,Alec McClay,2024-04-02T01:19:27Z
60896,Stiallach uaine,und,"","",,Irish,Alec McClay,2024-04-02T01:21:42Z
55640,Gormán cuilinn,und,"","",,Irish,Alec McClay,2024-04-02T01:22:55Z
52589,Fraochán beag,und,"","",,Irish,Alec McClay,2024-04-02T01:24:13Z
59185,Fraochán mór,und,"","",,Irish,Alec McClay,2024-04-02T01:25:29Z
55653,Donnóg fhéir,und,"","",,Irish,Alec McClay,2024-04-02T01:26:41Z
52592,Breacfhéileacán coille,und,"","",,Irish,Alec McClay,2024-04-02T22:01:06Z
207977,Péacóg,und,"","",,Irish,Alec McClay,2024-04-02T22:02:32Z
55641,Gormán coiteann,und,"","",,Irish,Alec McClay,2024-04-02T22:06:06Z
55401,Bánóg mhór,und,"","",,Irish,Alec McClay,2024-04-02T22:07:05Z
55626,Bánóg bheag,und,"","",,Irish,Alec McClay,2024-04-02T22:16:04Z
48548,Áilleán,und,"","",,Irish,Alec McClay,2024-04-02T22:21:47Z
55655,Capróg bheag,und,"","",,Irish,Alec McClay,2024-04-02T22:23:01Z
56225,Camóg,und,"","",,Irish,Alec McClay,2024-04-02T22:23:59Z
147298,Donnóg an bhalla,und,"","",,Irish,Alec McClay,2024-04-02T22:29:52Z
102800,Donnóg aille,und,"","",,Irish,Alec McClay,2024-04-02T22:30:47Z
52771,Buíóg ruibheach,und,"","",,Irish,Alec McClay,2024-04-02T22:31:42Z
709444,Bánóg choille dhuaithne,und,"","",,Irish,Alec McClay,2024-04-02T22:33:44Z
133434,Donnán,und,"","",,Irish,Alec McClay,2024-04-02T22:34:43Z
129126,Gormán beag,und,"","",,Irish,Alec McClay,2024-04-02T22:35:37Z
62429,Geatóir,und,"","",,Irish,Alec McClay,2024-04-02T22:36:33Z
362091,Stiallach donn,und,"","",,Irish,Alec McClay,2024-04-02T22:37:40Z
123816,Bánóg choille,und,"","",,Irish,Alec McClay,2024-04-02T22:38:35Z
143294,Buíóg chróch,und,"","",,Irish,Alec McClay,2024-04-02T22:39:48Z
480251,Stiallach corcra,und,"","",,Irish,Alec McClay,2024-04-02T22:43:21Z
54087,Bánóg uaine,und,"","",,Irish,Alec McClay,2024-04-02T22:48:40Z
49133,Aimiréal dearg,und,"","",,Irish,Alec McClay,2024-04-02T22:50:01Z
