id,vernacularName,language,locality,countryCode,source,lexicon,contributor,created
51353,Sablefish,und,"","","FA Bisby, YR Roskov, MA Ruggiero, TM Orrell, LE Paglinawan, PW Brewer, N Bailly, J van Hertum, eds (2007). Species 2000 & ITIS Catalogue of Life: 2007 Annual Checklist Taxonomic Classification. CD-ROM; Species 2000: Reading, U.K.",tsimshian,,2009-05-14T08:05:04Z
47516,Meliit,und,"","",http://www.catalogueoflife.org/annual-checklist/details/species/id/10078654/common/19180,Tsimshian,,2021-07-19T12:31:03Z
47638,K'ayeet,und,"","",http://www.catalogueoflife.org/annual-checklist/2012/details/species/id/9741333,Tsimshian,,2021-10-02T14:04:13Z
47634,K'ayeet,und,"","",http://www.catalogueoflife.org/annual-checklist/2012/details/species/id/9741333,Tsimshian,,2021-10-02T14:04:13Z
47636,K'ayeet,und,"","",http://www.catalogueoflife.org/annual-checklist/2012/details/species/id/9741333,Tsimshian,,2021-10-02T14:04:14Z
47637,K'ayeet,und,"","",http://www.catalogueoflife.org/annual-checklist/2012/details/species/id/9741333,Tsimshian,,2021-10-02T14:04:14Z
