id,vernacularName,language,locality,countryCode,source,lexicon,contributor,created
47157,Kukupu,und,"","",,Banjar,John E. Christensen,2017-12-09T15:34:00Z
3,Burung,und,"","",,Banjar,John E. Christensen,2017-12-22T21:48:57Z
48865,nyiur,und,"","",,Banjar,John E. Christensen,2017-12-26T07:47:20Z
47144,Hadupan,und,"","",,Banjar,John E. Christensen,2018-02-16T15:49:07Z
85553,Tadung,und,"","",,Banjar,John E. Christensen,2018-06-24T13:38:40Z
49556,Halilipan,und,"","",,Banjar,John E. Christensen,2018-12-12T11:02:40Z
81925,Hadangan,und,"","",,Banjar,John E. Christensen,2019-08-15T13:49:51Z
505478,Hayam,und,"","",,Banjar,John E. Christensen,2019-10-05T14:38:56Z
19350,Kukulai,und,"","",,Banjar,John E. Christensen,2020-08-30T20:03:14Z
147714,Harimaw Dahan Kalimantan,und,"","",,Banjar,Zane Roskoph,2021-07-30T13:16:41Z
425583,Kuranji,und,"","",,Banjar,Zane Roskoph,2021-08-02T12:10:09Z
47445,Susupan Gunung,und,Indonesia,ID,,Banjar,Naufal Urfi Dhiya'ulhaq,2023-01-02T13:32:40Z
