id,vernacularName,language,locality,countryCode,source,lexicon,contributor,created
274227,Bastó,und,"","",,Otomí,Ken-ichi Ueda,2013-05-16T08:00:43Z
62941,becua,und,"","",,Otomí,Ken-ichi Ueda,2013-05-16T08:00:45Z
122860,bénju,und,"","",,Otomí,Ken-ichi Ueda,2013-05-16T08:01:04Z
122850,boju,und,"","",,Otomí,Zachary Dankowicz,2013-05-16T08:02:27Z
277826,bonza,und,"","",,Otomí,Ken-ichi Ueda,2013-05-16T08:02:31Z
159126,boshi,und,"","",,Otomí,Ken-ichi Ueda,2013-05-16T08:02:34Z
284493,boto,und,"","",,Otomí,Ken-ichi Ueda,2013-05-16T08:02:35Z
48514,bumi,und,"","",,Otomí,Nick Block,2013-05-16T08:02:44Z
210062,cahtibe,und,"","",,Otomí,Ken-ichi Ueda,2013-05-16T08:03:07Z
61839,cáinixi,und,"","",,Otomí,Ken-ichi Ueda,2013-05-16T08:03:09Z
75395,cani,und,"","",,Otomí,Ken-ichi Ueda,2013-05-16T08:03:39Z
75396,cani,und,"","",,Otomí,Ken-ichi Ueda,2013-05-16T08:03:39Z
78174,canidejé,und,"","",,Otomí,Carlos Alonso,2013-05-16T08:03:39Z
277789,casio,und,"","",,Otomí,Ken-ichi Ueda,2013-05-16T08:04:22Z
164333,caxi potei,und,"","",,Otomí,Ken-ichi Ueda,2013-05-16T08:04:27Z
286175,chicri,und,"","",,Otomí,Ken-ichi Ueda,2013-05-16T08:05:25Z
201455,chotza,und,"","",,Otomí,Ken-ichi Ueda,2013-05-16T08:05:48Z
286649,cuaxtamepu,und,"","",,Otomí,Ken-ichi Ueda,2013-05-16T08:07:33Z
57309,da-ku,und,"","",,Otomí,Bobby McCabe,2013-05-16T08:08:03Z
48592,denchi,und,"","",,Otomí,Ken-ichi Ueda,2013-05-16T08:08:07Z
48448,deta,und,"","",,Otomí,Ken-ichi Ueda,2013-05-16T08:08:08Z
140596,deuntzá,und,"","",,Otomí,Ken-ichi Ueda,2013-05-16T08:08:08Z
59035,doerxa,und,"","",,Otomí,Bodo Nuñez Oberg,2013-05-16T08:08:09Z
277898,donape,und,"","",,Otomí,Ken-ichi Ueda,2013-05-16T08:08:09Z
128270,dusho,und,"","",,Otomí,Ken-ichi Ueda,2013-05-16T08:08:15Z
289775,empueshte,und,"","",,Otomí,Ken-ichi Ueda,2013-05-16T08:08:20Z
277338,gembero,und,"","",,Otomí,Ken-ichi Ueda,2013-05-16T08:09:59Z
54516,gonchi,und,"","",,Otomí,Jonathan Sowers,2013-05-16T08:10:07Z
274375,ishcojó,und,"","",,Otomí,Jorge Rojas S.,2013-05-16T08:15:35Z
78755,ishi,und,"","",,Otomí,Ken-ichi Ueda,2013-05-16T08:15:35Z
159174,iushe,und,"","",,Otomí,Ken-ichi Ueda,2013-05-16T08:15:42Z
53197,ixcaua,und,"","",,Otomí,Yoshimasa Uchiyama,2013-05-16T08:15:44Z
276567,ixkayonto,und,"","",,Otomí,Ken-ichi Ueda,2013-05-16T08:15:45Z
288759,jesús deni,und,"","",,Otomí,Ken-ichi Ueda,2013-05-16T08:16:05Z
153386,jetcho deni,und,"","",,Otomí,Ken-ichi Ueda,2013-05-16T08:16:05Z
78580,jiolla,und,"","",,Otomí,Bodo Nuñez Oberg,2013-05-16T08:16:12Z
63935,jodemza,und,"","",,Otomí,Kitty Maurey,2013-05-16T08:16:14Z
122869,jogamu,und,"","",,Otomí,Oscar González,2013-05-16T08:16:14Z
79312,jondri,und,"","",,Otomí,Jorge Rojas S.,2013-05-16T08:16:16Z
122796,jónguñi,und,"","",,Otomí,Zinogre,2013-05-16T08:16:17Z
61381,jotei,und,"","",,Otomí,Ken-ichi Ueda,2013-05-16T08:16:19Z
53858,jroca,und,"","",,Otomí,Ken-ichi Ueda,2013-05-16T08:16:20Z
63205,jumjai,und,"","",,Otomí,Ken-ichi Ueda,2013-05-16T08:16:22Z
62917,kantsudi,und,"","",,Otomí,Ken-ichi Ueda,2013-05-16T08:16:32Z
199511,ko'ne potei,und,"","",,Otomí,Steve Jones,2013-05-16T08:16:40Z
284933,metai,und,"","",,Otomí,Ken-ichi Ueda,2013-05-16T08:19:09Z
278199,mishiconi,und,"","",,Otomí,Ken-ichi Ueda,2013-05-16T08:19:19Z
76541,mu,und,"","",,Otomí,Carlos Galindo-Leal,2013-05-16T08:19:33Z
140907,mudsa,und,"","",,Otomí,Ken-ichi Ueda,2013-05-16T08:19:33Z
143208,mudsa mina,und,"","",,Otomí,Cheng Te Hsu,2013-05-16T08:19:34Z
164415,mufi,und,"","",,Otomí,sea-kangaroo,2013-05-16T08:19:34Z
163327,muiti,und,"","",,Otomí,wsyxbcl,2013-05-16T08:19:34Z
126305,muiti,und,"","",,Otomí,Cheng Te Hsu,2013-05-16T08:19:34Z
56739,Ndosna,und,"","",,Otomí,Bodo Nuñez Oberg,2013-05-16T08:19:59Z
159260,ñadoni,und,"","",,Otomí,Ken-ichi Ueda,2013-05-16T08:20:37Z
163984,ñetirobighi,und,"","",,Otomí,Ken-ichi Ueda,2013-05-16T08:20:37Z
54522,ñianjú,und,"","",,Otomí,Bodo Nuñez Oberg,2013-05-16T08:20:37Z
79519,obshi,und,"","",,Otomí,Ken-ichi Ueda,2013-05-16T08:20:38Z
274076,pashcuane,und,"","",,Otomí,Ken-ichi Ueda,2013-05-16T08:22:15Z
288641,peshtó,und,"","",,Otomí,Jorge Rojas S.,2013-05-16T08:22:50Z
160643,pexu potei,und,"","",,Otomí,Ken-ichi Ueda,2013-05-16T08:22:51Z
282911,raguño,und,"","",,Otomí,Ken-ichi Ueda,2013-05-16T08:23:47Z
183865,rantó,und,"","",,Otomí,Ken-ichi Ueda,2013-05-16T08:23:48Z
286485,ronjuantzana,und,"","",,Otomí,Ken-ichi Ueda,2013-05-16T08:23:54Z
64017,shití,und,"","",,Otomí,Yoshimasa Uchiyama,2013-05-16T08:24:34Z
156028,sho-kgeni,und,"","",,Otomí,Ken-ichi Ueda,2013-05-16T08:24:34Z
170221,taj,und,"","",,Otomí,Bobby McCabe,2013-05-16T08:24:59Z
153922,tangasti,und,"","",,Otomí,Ken-ichi Ueda,2013-05-16T08:25:12Z
64105,tangu tamoxi,und,"","",,Otomí,Ken-ichi Ueda,2013-05-16T08:25:12Z
75602,tesuchi potei,und,"","",,Otomí,Ken-ichi Ueda,2013-05-16T08:25:31Z
209901,tojisda,und,"","",,Otomí,Ken-ichi Ueda,2013-05-16T08:25:54Z
154008,too,und,"","",,Otomí,Ken-ichi Ueda,2013-05-16T08:26:02Z
157888,toxio potei,und,"","",,Otomí,Ken-ichi Ueda,2013-05-16T08:26:06Z
57354,Tsactumi,und,"","",,Otomí,Donald Davesne,2013-05-16T08:26:21Z
165113,tuchi,und,"","",,Otomí,Ken-ichi Ueda,2013-05-16T08:26:28Z
212109,tuchi,und,"","",,Otomí,Bodo Nuñez Oberg,2013-05-16T08:26:29Z
79089,tuchi,und,"","",,Otomí,Ken-ichi Ueda,2013-05-16T08:26:29Z
244808,tutzi,und,"","",,Otomí,Ken-ichi Ueda,2013-05-16T08:26:41Z
52673,tuxdhai,und,"","",,Otomí,Yoshimasa Uchiyama,2013-05-16T08:26:41Z
205984,tzitcó,und,"","",,Otomí,Ken-ichi Ueda,2013-05-16T08:26:53Z
58991,tzutcaní,und,"","",,Otomí,Victor HOYEAU,2013-05-16T08:27:00Z
139171,ursa,und,"","",,Otomí,Ken-ichi Ueda,2013-05-16T08:27:10Z
78247,xakandeni,und,"","",,Otomí,harum.koh,2013-05-16T08:27:30Z
58188,xakandrehe,und,"","",,Otomí,Ken-ichi Ueda,2013-05-16T08:27:30Z
62859,xapeni,und,"","",,Otomí,Ken-ichi Ueda,2013-05-16T08:27:32Z
53168,xi potei,und,"","",,Otomí,Donald Davesne,2013-05-16T08:27:36Z
57983,yendri,und,"","",,Otomí,Harlan Svoboda,2013-05-16T08:28:17Z
283028,yutmú,und,"","",,Otomí,Ken-ichi Ueda,2013-05-16T08:28:24Z
165138,zapocúa,und,"","",,Otomí,Ken-ichi Ueda,2013-05-16T08:28:39Z
277143,zasocua,und,"","",,Otomí,Ken-ichi Ueda,2013-05-16T08:28:47Z
76746,jogañai,und,"","",,Otomí,Ken-ichi Ueda,2014-01-07T06:19:00Z
343829,bomuza,und,"","",,Otomí,Bodo Nuñez Oberg,2014-03-02T14:14:10Z
170883,dooza,und,"","",,Otomí,Carlos Galindo-Leal,2014-10-13T18:18:13Z
331122,ixcafompo,und,"","",,Otomí,cassi saari,2014-10-20T22:23:28Z
123694,npeni,und,"","",,Otomí,Leoncio Paz,2015-03-10T16:09:01Z
64340,Chudenchú,und,"","",,Otomí,Leoncio Paz,2015-03-12T17:50:28Z
204588,Quiximón,und,"","",,Otomí,Abraham J. Medina-Ortiz,2015-06-29T20:28:52Z
47381,'bomex'e,und,"","",,Otomí,Diego Barrales,2015-12-17T17:11:32Z
47381,de̱nimexe,und,"","",,Otomí,Diego Barrales,2015-12-17T17:16:38Z
47823,Tangra,und,"","",,Otomí,Diego Barrales,2015-12-17T17:17:09Z
263958,T'axmex'e,und,"","",,Otomí,Diego Barrales,2015-12-17T17:21:07Z
47118,Mex'e,und,"","",,Otomí,Diego Barrales,2015-12-17T17:21:57Z
48894,Penzu̱,und,"","",,Otomí,Diego Barrales,2015-12-17T17:28:24Z
51674,ku̱tgu,und,"","",,Otomí,Diego Barrales,2015-12-17T17:32:34Z
79472,minza,und,"","",,Otomí,Konstantinos Kalaentzis,2017-04-20T06:43:51Z
315018,ixisuntoc,und,"","",,Otomí,Bodo Nuñez Oberg,2017-07-10T00:34:30Z
502518,tungaxeni,und,"","",,Otomí,Bodo Nuñez Oberg,2017-07-12T00:00:50Z
47902,Xathä,und,"","",,Otomí,Jorge Rojas S.,2017-09-27T23:11:23Z
84300,nttxirza,und,"","",,Otomí,wsyxbcl,2018-04-04T15:02:05Z
160646,catayu,und,"","",,Otomí,Carlos Galindo-Leal,2018-06-15T15:08:05Z
331122,Nancha,und,"","",,Otomí,Bobby McCabe,2018-08-14T03:28:42Z
494743,shamini,und,"","",,Otomí,Ken-ichi Ueda,2018-08-28T20:01:29Z
207186,Ra pee,und,"","",,Otomí,Gloria Godínez,2018-10-03T14:58:55Z
16447,Tutubixí,und,"","",,Otomí,Daniel Alexander Carrillo Mtz,2019-01-06T00:44:25Z
7470,Xithiá,und,"","",,Otomí,Daniel Alexander Carrillo Mtz,2019-01-06T22:42:49Z
12024,Moña theña,und,"","",,Otomí,Daniel Alexander Carrillo Mtz,2019-01-06T22:55:43Z
338894,ianx'i,und,"","",,Otomí,Ken-ichi Ueda,2019-02-18T04:16:24Z
58879,docú,und,"","",,Otomí,Ken-ichi Ueda,2019-02-18T04:22:32Z
314990,xhiquiña,und,"","",,Otomí,Kitty Maurey,2019-06-26T18:57:56Z
514012,catzú,und,"","",https://www.inaturalist.org/taxon_names/443540/edit,Otomí,,2019-09-02T05:42:11Z
49567,Tokxoni,und,"","",,Otomí,Francisco Acosta,2020-05-01T19:07:52Z
305992,Gusano del Sauce,und,"","",,Otomí,Francisco Acosta,2020-05-01T19:47:25Z
130616,Gusano del Palo,und,"","",,Otomí,Francisco Acosta,2020-05-01T19:52:29Z
306690,Pipitilla,und,"","",,Otomí,Francisco Acosta,2020-05-01T19:59:26Z
245841,Tsiza,und,"","",,Otomí,Francisco Acosta,2020-05-02T16:31:38Z
1151504,konipotei,und,"","",https://www.inaturalist.org/taxon_names/446678/edit,Otomí,,2020-11-19T03:14:41Z
160646,ra 'yumbex'ye,und,"","",,Otomí,Valerie Anderson,2020-12-01T21:45:35Z
1193915,Cuatolin,und,"","",https://www.inaturalist.org/taxon_names/2060994/edit,Otomí,,2021-02-09T17:37:40Z
887232,Boxkjuai,und,"","",,Otomí,Bodo Nuñez Oberg,2021-08-31T15:55:35Z
126882,jutta,und,"","",,Otomí,Oscar González,2022-10-07T19:15:58Z
209889,tax musa,und,"","",,Otomí,Oscar González,2022-10-07T19:17:09Z
76205,Minthey,und,"","",,Otomí,Oscar González,2022-10-07T19:18:03Z
290752,Shapta,und,"","",,Otomí,Oscar González,2022-10-07T19:19:17Z
284940,mmethey,und,"","",,Otomí,Oscar González,2022-10-07T19:20:36Z
139273,hoga baxi,und,"","",,Otomí,Oscar González,2022-10-07T19:21:13Z
287383,shafai,und,"","",,Otomí,Oscar González,2022-10-07T19:22:33Z
154003,tudwul,und,"","",,Otomí,Oscar González,2022-10-07T19:23:15Z
53052,nximfi,und,"","",,Otomí,Oscar González,2022-10-07T19:24:32Z
167487,tzutla,und,"","",,Otomí,Oscar González,2022-10-07T19:25:28Z
135929,xaza,und,"","",,Otomí,Oscar González,2022-10-07T19:27:11Z
146622,futto,und,"","",,Otomí,Oscar González,2022-10-07T19:28:33Z
77676,tzinda,und,"","",,Otomí,Oscar González,2022-10-07T19:29:09Z
181525,xaccri,und,"","",,Otomí,Oscar González,2022-10-07T19:30:50Z
194146,too,und,"","",,Otomí,Oscar González,2022-10-07T19:31:39Z
78246,Ñae,und,"","",,Otomí,Oscar González,2022-10-07T19:32:42Z
121998,ronzu,und,"","",,Otomí,Oscar González,2022-10-07T19:34:26Z
135676,tudi,und,"","",,Otomí,Oscar González,2022-10-07T19:35:10Z
147996,segda,und,"","",,Otomí,Oscar González,2022-10-07T19:37:08Z
284021,ndami,und,"","",,Otomí,Oscar González,2022-10-07T19:38:03Z
289050,nmicua,und,"","",,Otomí,Oscar González,2022-10-07T19:39:06Z
48363,catadé,und,"","",,Otomí,Oscar González,2022-10-07T19:39:52Z
279101,fantho,und,"","",,Otomí,Oscar González,2022-10-07T19:40:56Z
206762,coní,und,"","",,Otomí,Oscar González,2022-10-07T19:41:50Z
54329,doni nzinzu,und,"","",,Otomí,Oscar González,2022-10-07T19:42:44Z
53315,nzana,und,"","",,Otomí,Oscar González,2022-10-07T19:43:28Z
125675,h'dam doxo,und,"","",,Otomí,Oscar González,2022-10-07T19:44:15Z
130789,tacua oni,und,"","",,Otomí,Oscar González,2022-10-07T19:44:59Z
1452582,ñetofani,und,"","",https://www.inaturalist.org/taxon_names/447703/edit,Otomí,,2023-02-22T19:20:11Z
866390,sahmu,und,"","",https://www.inaturalist.org/taxon_names/448630/edit,Otomí,Chris Thawley,2023-03-17T00:57:37Z
49325,Xhiquiñá,und,"Querétaro, MX","",,Otomí,Cole Hiser,2023-04-24T18:27:34Z
325038,ndaxta,und,"","",https://www.inaturalist.org/taxon_names/3120263/edit,Otomí,,2023-06-30T03:11:26Z
58732,Mexie,und,"","",,Otomí,Oscar González,2023-07-11T21:16:32Z
1493145,tahi,und,"","",https://www.inaturalist.org/taxon_names/3120274/edit,Otomí,,2023-09-01T22:08:16Z
1528912,Habas de Agua,und,"","",https://www.inaturalist.org/taxon_names/2063357/edit,Otomí,,2024-01-30T22:34:37Z
1522784,shoñoi,und,"","",https://www.inaturalist.org/taxon_names/1711359/edit,Otomí,,2024-04-05T07:42:03Z
