id,vernacularName,language,locality,countryCode,source,lexicon,contributor,created
27735,salamandra e zezë,sq,"","",,Albanian,max kirsch,2011-05-05T06:16:38Z
112121,Pisa,sq,"","",http://www.catalogueoflife.org/annual-checklist/2012/details/species/id/10060954/common/83517,Albanian,Ken-ichi Ueda,2014-08-10T08:24:57Z
55563,luleshqerrë,sq,"","",,Albanian,egzon,2017-04-27T12:27:52Z
47602,Luleshurdhe,sq,"","",,Albanian,egzon,2017-04-27T12:29:18Z
56222,Thundërmushkë,sq,"","",,Albanian,egzon,2017-04-27T12:30:43Z
40151,Gjitarët,sq,"","",,Albanian,John E. Christensen,2017-12-02T21:41:04Z
1,Kafsha,sq,"","",,Albanian,John E. Christensen,2017-12-04T11:44:57Z
26036,Zvarranikët,sq,"","",,Albanian,John E. Christensen,2017-12-19T08:09:22Z
47114,Kërmilli,sq,"","",,Albanian,John E. Christensen,2017-12-20T15:36:15Z
49825,Blini,sq,"","",,Albanian,John E. Christensen,2017-12-22T21:34:02Z
48824,Sfungjeri,sq,"","",,Albanian,John E. Christensen,2017-12-31T16:46:10Z
56152,Lerthi,sq,"","",,Albanian,John E. Christensen,2018-04-02T06:29:20Z
569428,Nuselala,sq,"","",,Albanian,John E. Christensen,2018-07-05T06:51:23Z
4317,طير أستوائي أحمر المنقار,sq,"","",,Albanian,زين _النجم,2018-07-06T18:56:47Z
49315,Oktapodi,sq,"","",,Albanian,Bobby McCabe,2018-09-26T16:00:51Z
47459,Cefalopodët,sq,"","",,Albanian,Bobby McCabe,2018-09-27T13:09:50Z
41964,Luani,sq,"","",,Albanian,Bobby McCabe,2018-10-22T03:52:01Z
41970,Jaguari,sq,"","",,Albanian,Bobby McCabe,2018-10-22T04:17:55Z
41963,Leopardi,sq,"","",,Albanian,Bobby McCabe,2018-10-22T04:36:04Z
41967,Tigri,sq,"","",,Albanian,Bobby McCabe,2018-10-22T05:03:18Z
74831,Leopardi i dëborës,sq,"","",,Albanian,Bobby McCabe,2018-10-22T05:18:21Z
41955,Gepardi,sq,"","",,Albanian,Bobby McCabe,2018-10-22T12:51:59Z
42007,Kugari,sq,"","",,Albanian,Bobby McCabe,2018-10-22T13:17:14Z
42007,Puma,sq,"","",,Albanian,Bobby McCabe,2018-10-22T13:17:29Z
42007,Luani i malit,sq,"","",,Albanian,Bobby McCabe,2018-10-22T13:17:51Z
42007,Pantera,sq,"","",,Albanian,Bobby McCabe,2018-10-22T13:18:13Z
41944,Macet,sq,"","",,Albanian,Bobby McCabe,2018-10-22T17:24:07Z
41641,Ariu i murrmë,sq,"","",,Albanian,Bobby McCabe,2018-10-22T22:34:12Z
41641,Ariu i kafenjtë,sq,"","",,Albanian,Bobby McCabe,2018-10-22T22:34:38Z
41659,Ariu panda,sq,"","",,Albanian,Bobby McCabe,2018-10-23T00:17:42Z
41644,Ariu polar,sq,"","",,Albanian,Bobby McCabe,2018-10-23T20:36:17Z
41638,Ariu i zi amerikan,sq,"","",,Albanian,Bobby McCabe,2018-10-23T21:49:34Z
41647,Ariu i zi aziatik,sq,"","",,Albanian,Bobby McCabe,2018-10-24T13:39:57Z
43697,Elefant aziatik,sq,"","",,Albanian,Bobby McCabe,2018-10-26T21:11:33Z
43692,Elefantët,sq,"","",,Albanian,Bobby McCabe,2018-11-01T18:57:19Z
43694,Elefant afrikan i savanes,sq,"","",,Albanian,Bobby McCabe,2018-11-22T17:22:32Z
357910,Elefant afrikan i pyjor,sq,"","",,Albanian,Bobby McCabe,2018-11-22T17:31:58Z
43348,Rinoceronti i bardhë,sq,"","",,Albanian,Bobby McCabe,2018-11-26T13:40:33Z
635878,Karkaleci i egër,sq,"","",,Albanian,Bobby McCabe,2018-12-01T18:40:17Z
635878,Dhelpra e detit,sq,"","",,Albanian,Bobby McCabe,2018-12-01T18:40:33Z
56299,Ushojza pa kërcell,sq,"","",,Albanian,John E. Christensen,2018-12-30T15:42:29Z
45933,Ketri,sq,"","",,Albanian,John E. Christensen,2019-01-14T09:21:21Z
359110,Gërthia shpinëkokërrizore,sq,"","",,Albanian,Bobby McCabe,2019-01-31T00:21:19Z
40151,Gjitari,sq,"","",,Albanian,John E. Christensen,2019-02-07T16:13:30Z
5068,Shqiponjat e vërteta,sq,"","",,Albanian,John E. Christensen,2019-02-12T20:39:52Z
47119,Araknid,sq,"","",,Albanian,John E. Christensen,2019-02-13T20:06:10Z
551307,Peshkaqenët,sq,"","",,Albanian,Bobby McCabe,2019-04-16T19:59:18Z
43236,Sqepori,sq,"","",,Albanian,Bobby McCabe,2019-04-18T15:19:22Z
74113,Lopa,sq,"","",,Albanian,Bobby McCabe,2019-05-07T14:16:48Z
324556,Oktapodi me aromë,sq,"","",,Albanian,Bobby McCabe,2019-06-18T15:12:46Z
699502,Oktapodi krahëgjatë,sq,"","",,Albanian,Bobby McCabe,2019-07-09T19:44:52Z
505478,Pula (shpend),sq,"","",,Albanian,John E. Christensen,2019-12-28T14:30:02Z
48460,Jeta,sq,"","",,Albanian,cassi saari,2020-01-30T18:07:33Z
131236,viruset,sq,"","",,Albanian,James K. Douch,2020-02-23T01:45:34Z
359450,Bresa,sq,"","",,Albanian,John E. Christensen,2020-08-28T19:52:43Z
4270,Karabullaku i detit,sq,"","",,Albanian,John E. Christensen,2020-10-30T09:29:27Z
363939,morri i peshkut,sq,"","",,Albanian,Johan Devos,2020-12-03T11:48:31Z
639057,gaforre guaskëlozhere,sq,"","",,Albanian,Johan Devos,2020-12-03T13:50:31Z
157765,Bamja,sq,"","",,Albanian,Johan Devos,2020-12-20T20:24:56Z
210201,karkaleci i rërës,sq,"","",,Albanian,Johan Devos,2021-01-31T10:11:55Z
43095,Lepur,sq,Albania | Kosovo,AL,,Albanian,Nart Barileva,2021-04-09T16:27:38Z
1243123,Linum spicatum,sq,"","",,Albanian,Errol Véla,2021-05-21T22:24:08Z
474633,Trofte gjuce,sq,"","",http://www.catalogueoflife.org/annual-checklist/details/species/id/10085787/common/350663,Albanian,,2021-07-12T15:45:19Z
112581,Peshku mace europian,sq,"","",http://www.catalogueoflife.org/annual-checklist/details/species/id/10081697/common/84391,Albanian,,2021-07-13T14:55:58Z
112581,Siluri,sq,"","",http://www.catalogueoflife.org/annual-checklist/details/species/id/10081697/common/84377,Albanian,,2021-07-13T14:56:08Z
102975,Bli turishkurte,sq,"","",http://www.catalogueoflife.org/annual-checklist/details/species/id/10053457/common/230148,Albanian,,2021-07-13T15:10:46Z
102975,Blini i Europës,sq,"","",http://www.catalogueoflife.org/annual-checklist/details/species/id/10053457/common/230146,Albanian,,2021-07-13T15:11:10Z
102975,blini i madh,sq,"","",http://www.catalogueoflife.org/annual-checklist/details/species/id/10053457/common/230145,Albanian,,2021-07-13T15:11:19Z
102975,Blini turishkurtër,sq,"","",http://www.catalogueoflife.org/annual-checklist/details/species/id/10053457/common/230144,Albanian,,2021-07-13T15:11:29Z
111948,Trofte e cemit,sq,"","",http://www.catalogueoflife.org/annual-checklist/details/species/id/10078686/common/45896,Albanian,Cole Gaerber,2021-07-13T18:28:55Z
111948,Troftë e cemit,sq,"","",http://www.catalogueoflife.org/annual-checklist/details/species/id/10078686/common/45897,Albanian,Cole Gaerber,2021-07-13T18:28:56Z
50873,Peshkagen njeringrenes,sq,"","",http://www.catalogueoflife.org/annual-checklist/details/species/id/10064513/common/239575,Albanian,,2021-07-13T19:08:13Z
50873,Peshkaqen njeringrënës,sq,"","",http://www.catalogueoflife.org/annual-checklist/details/species/id/10064513/common/239572,Albanian,,2021-07-13T19:08:25Z
50873,Peshkaqen njeringrenes,sq,"","",http://www.catalogueoflife.org/annual-checklist/details/species/id/10064513/common/239573,Albanian,,2021-07-13T19:08:26Z
120226,Pirana e kuqe,sq,"","",http://www.catalogueoflife.org/annual-checklist/details/species/id/10057218/common/149429,Albanian,,2021-07-14T17:05:41Z
48156,Lucioperke,sq,"","",http://www.catalogueoflife.org/annual-checklist/details/species/id/10071449/common/135127,Albanian,,2021-07-14T17:59:40Z
48156,Sharmaku heshtor,sq,"","",http://www.catalogueoflife.org/annual-checklist/details/species/id/10071449/common/135152,Albanian,,2021-07-14T18:00:06Z
48156,Sharmaku i argjendë,sq,"","",http://www.catalogueoflife.org/annual-checklist/details/species/id/10071449/common/135153,Albanian,,2021-07-14T18:00:20Z
48156,Sharmaku i egër,sq,"","",http://www.catalogueoflife.org/annual-checklist/details/species/id/10071449/common/135154,Albanian,,2021-07-14T18:00:34Z
128274,Ballëgjeri i bardhë,sq,"","",http://www.catalogueoflife.org/annual-checklist/details/species/id/10059694/common/257272,Albanian,,2021-07-15T15:20:29Z
128274,Ballgjeri i bardhe,sq,"","",http://www.catalogueoflife.org/annual-checklist/details/species/id/10059694/common/257271,Albanian,,2021-07-15T15:20:37Z
94258,Celiku,sq,"","",http://www.catalogueoflife.org/annual-checklist/details/species/id/10062974/common/151471,Albanian,,2021-07-15T16:40:27Z
47516,Trofta e Kalifornisë,sq,"","",http://www.catalogueoflife.org/annual-checklist/details/species/id/10078654/common/19137,Albanian,,2021-07-19T12:12:52Z
47516,Trofta e ylbertë,sq,"","",http://www.catalogueoflife.org/annual-checklist/details/species/id/10078654/common/19135,Albanian,,2021-07-19T12:13:03Z
47516,Trofta ylberi,sq,"","",http://www.catalogueoflife.org/annual-checklist/details/species/id/10078654/common/19136,Albanian,,2021-07-19T12:13:13Z
47516,Trofte ylberi,sq,"","",http://www.catalogueoflife.org/annual-checklist/details/species/id/10078654/common/19134,Albanian,,2021-07-19T12:13:20Z
317260,Troftë e cemit,sq,"","",,Albanian,Zane Roskoph,2021-07-19T17:32:38Z
98489,Trofta bojëqielli,sq,"","",http://www.catalogueoflife.org/annual-checklist/details/species/id/10078633/common/5904,Albanian,,2021-07-19T19:29:56Z
50984,Gofe,sq,"","",http://www.catalogueoflife.org/annual-checklist/details/species/id/10070184/common/256395,Albanian,lwnrngr,2021-07-20T12:30:15Z
111952,Trofte e eger,sq,"","",http://www.catalogueoflife.org/annual-checklist/details/species/id/10078690/common/45877,Albanian,,2021-07-27T14:41:01Z
111952,Trofta greke,sq,"","",http://www.catalogueoflife.org/annual-checklist/details/species/id/10078690/common/45876,Albanian,,2021-07-27T14:41:07Z
41972,Leopardi me re,sq,"","",,Albanian,Zane Roskoph,2021-07-30T13:02:35Z
74753,Leopardi me re i Sundës,sq,"","",,Albanian,Zane Roskoph,2021-07-30T13:09:12Z
765432,Yuzu,sq,"","",,Albanian,Zane Roskoph,2021-08-10T13:16:26Z
41724,Leopardi i detit,sq,"","",,Albanian,Zane Roskoph,2021-08-11T19:30:19Z
41553,Balena e kaltër,sq,"","",https://eol.org/pages/46559433,Albanian,,2021-08-15T15:34:11Z
41553,Balena blu,sq,"","",,Albanian,Zane Roskoph,2021-08-15T15:34:47Z
41461,Beluga,sq,"","",,Albanian,Zane Roskoph,2021-08-15T20:15:50Z
130796,Tigri siberian,sq,"","",,Albanian,Zane Roskoph,2021-08-26T14:46:53Z
130796,Tigrit siberian,sq,"","",,Albanian,Zane Roskoph,2021-08-26T14:47:03Z
130799,Tigri Sumatran,sq,"","",,Albanian,Zane Roskoph,2021-08-26T17:03:58Z
130799,Tigri Balinez,sq,"","",,Albanian,Zane Roskoph,2021-08-27T11:27:42Z
130799,Tigri Javan,sq,"","",,Albanian,Zane Roskoph,2021-08-27T11:46:53Z
130793,Tigri i Bengalit,sq,"","",,Albanian,Zane Roskoph,2021-08-27T12:40:59Z
130793,Tigri Malajzezë,sq,"","",,Albanian,Zane Roskoph,2021-08-27T13:58:47Z
130793,Tigri Indokinez,sq,"","",,Albanian,Zane Roskoph,2021-08-27T14:21:17Z
130793,Tigri i Kinës Jugore,sq,"","",,Albanian,Zane Roskoph,2021-08-27T14:40:02Z
130796,Tigri Kaspik,sq,"","",,Albanian,Zane Roskoph,2021-08-27T15:47:12Z
106222,Qefulli i verës,sq,"","",http://www.catalogueoflife.org/annual-checklist/2012/details/species/id/9741333,Albanian,,2021-09-01T12:30:19Z
106222,Qefulli i veres,sq,"","",http://www.catalogueoflife.org/annual-checklist/2012/details/species/id/9741333,Albanian,,2021-09-01T12:30:20Z
188248,Trofte gjuce,sq,"","",,Albanian,Zane Roskoph,2021-09-09T11:20:38Z
113005,Mëlyshi i zi,sq,"","",http://www.catalogueoflife.org/annual-checklist/2012/details/species/id/9741333,Albanian,,2021-09-17T13:14:47Z
111948,Trofta adriatike,sq,"","",http://www.catalogueoflife.org/annual-checklist/2012/details/species/id/9741333,Albanian,Cole Gaerber,2021-09-17T13:24:09Z
111948,Trofta buzëbutë,sq,"","",http://www.catalogueoflife.org/annual-checklist/2012/details/species/id/9741333,Albanian,Cole Gaerber,2021-09-17T13:24:19Z
111948,Trofta e Cemit,sq,"","",http://www.catalogueoflife.org/annual-checklist/2012/details/species/id/9741333,Albanian,Cole Gaerber,2021-09-17T13:24:27Z
118688,Peshk guri pallua,sq,"","",http://www.catalogueoflife.org/annual-checklist/2012/details/species/id/9741333,Albanian,,2021-09-17T23:28:48Z
118688,Barburiqi pallua,sq,"","",http://www.catalogueoflife.org/annual-checklist/2012/details/species/id/9741333,Albanian,,2021-09-17T23:29:01Z
118688,Bukurina,sq,"","",http://www.catalogueoflife.org/annual-checklist/2012/details/species/id/9741333,Albanian,,2021-09-17T23:29:08Z
118688,Marxhani,sq,"","",http://www.catalogueoflife.org/annual-checklist/2012/details/species/id/9741333,Albanian,,2021-09-17T23:29:14Z
118688,Peshk guri,sq,"","",,Albanian,Zane Roskoph,2021-09-17T23:29:30Z
118688,Peshku i gurit,sq,"","",http://www.catalogueoflife.org/annual-checklist/2012/details/species/id/9741333,Albanian,,2021-09-17T23:29:41Z
114122,Ton pendgjate,sq,"","",http://www.catalogueoflife.org/annual-checklist/2012/details/species/id/9741333,Albanian,Donald Davesne,2021-09-18T20:05:46Z
49601,Peshku hënë,sq,"","",http://www.catalogueoflife.org/annual-checklist/2012/details/species/id/9741333,Albanian,Victor HOYEAU,2021-09-19T15:13:47Z
49601,Hana,sq,"","",,Albanian,Zane Roskoph,2021-09-19T15:14:06Z
49601,Peshkahana,sq,"","",http://www.catalogueoflife.org/annual-checklist/2012/details/species/id/9741333,Albanian,Victor HOYEAU,2021-09-19T15:14:16Z
82128,Peshkagen shtegtar,sq,"","",http://www.catalogueoflife.org/annual-checklist/2012/details/species/id/9741333,Albanian,,2021-09-19T18:50:22Z
82128,Peshkaqen shtegtar,sq,"","",http://www.catalogueoflife.org/annual-checklist/2012/details/species/id/9741333,Albanian,,2021-09-19T18:50:30Z
82128,Peshkaqeni gjigant,sq,"","",http://www.catalogueoflife.org/annual-checklist/2012/details/species/id/9741333,Albanian,,2021-09-19T18:50:38Z
613573,Skort i bardhe,sq,"","",,Albanian,Zane Roskoph,2021-09-22T15:19:26Z
613573,Skorta e bardhë,sq,"","",,Albanian,Zane Roskoph,2021-09-22T15:19:36Z
120612,Syjeshilja,sq,"","",http://www.catalogueoflife.org/annual-checklist/2012/details/species/id/9741333,Albanian,,2021-10-03T17:57:31Z
120612,Syleshilja,sq,"","",http://www.catalogueoflife.org/annual-checklist/2012/details/species/id/9741333,Albanian,,2021-10-03T17:57:39Z
104838,Millona deti,sq,"","",http://www.catalogueoflife.org/annual-checklist/2012/details/species/id/9741333,Albanian,,2021-10-11T20:07:30Z
58654,Peshku mace kafe,sq,"","",http://www.catalogueoflife.org/annual-checklist/2012/details/species/id/9741333,Albanian,,2021-10-18T00:23:44Z
120657,Dallëndyshe deti,sq,"","",http://www.catalogueoflife.org/annual-checklist/2012/details/species/id/9741333,Albanian,,2021-10-23T14:18:17Z
120657,Dallnysh deti,sq,"","",http://www.catalogueoflife.org/annual-checklist/2012/details/species/id/9741333,Albanian,,2021-10-23T14:18:26Z
120657,Peshk dallëndyshe,sq,"","",http://www.catalogueoflife.org/annual-checklist/2012/details/species/id/9741333,Albanian,,2021-10-23T14:18:34Z
120653,Peshk fluturues,sq,"","",http://www.catalogueoflife.org/annual-checklist/2012/details/species/id/9741333,Albanian,,2021-10-23T14:18:44Z
120657,Peshk fluturues,sq,"","",http://www.catalogueoflife.org/annual-checklist/2012/details/species/id/9741333,Albanian,,2021-10-23T14:18:44Z
542078,gërthia këmbëlopatë blu,sq,"","",,Albanian,Johan Devos,2021-11-23T22:29:01Z
521679,yllgjarpëri gjembavegjël,sq,"","",,Albanian,Johan Devos,2021-11-24T08:28:02Z
363962,freskorja e larmishme,sq,"","",,Albanian,Johan Devos,2021-11-29T16:19:39Z
432545,kalmari fluturues,sq,"","",,Albanian,Johan Devos,2021-11-29T16:26:16Z
472689,Ashidie rozë,sq,"","",,Albanian,Johan Devos,2021-12-06T14:44:42Z
173412,Larëza tripikaloshe,sq,"","",http://www.catalogueoflife.org/annual-checklist/2012/details/species/id/9741333,Albanian,,2021-12-24T00:00:30Z
173412,Lareza tripikaloshe,sq,"","",http://www.catalogueoflife.org/annual-checklist/2012/details/species/id/9741333,Albanian,,2021-12-24T00:00:30Z
173412,Barkuleci i ylbertë,sq,"","",http://www.catalogueoflife.org/annual-checklist/2012/details/species/id/9741333,Albanian,,2021-12-24T00:01:09Z
173412,Larëza këlyshlindëse,sq,"","",http://www.catalogueoflife.org/annual-checklist/2012/details/species/id/9741333,Albanian,,2021-12-24T00:01:22Z
51607,dëborë,sq,"","",,Albanian,nalagtus,2022-05-02T11:02:35Z
58612,Karasi i artë,sq,"","",http://www.catalogueoflife.org/annual-checklist/2012/details/species/id/9741333,Albanian,,2022-05-12T13:20:56Z
58612,Peshku i kuq,sq,"","",http://www.catalogueoflife.org/annual-checklist/2012/details/species/id/9741333,Albanian,,2022-05-12T13:20:56Z
1403550,kërmilli boshtor mesdhetar,sq,"","",https://www.inaturalist.org/taxon_names/2265073/edit,Albanian,,2022-07-25T00:57:11Z
78895,manaferrë,sq,"","",,Albanian,Johan Devos,2023-01-28T11:01:07Z
81870,bafër,sq,"","",,Albanian,Alessandro G.,2023-02-11T15:27:12Z
125849,buçinë,sq,"","",,Albanian,Alessandro G.,2023-02-11T15:28:52Z
372346,bujgër,sq,"","",,Albanian,Alessandro G.,2023-02-11T15:29:39Z
200942,bung,sq,"","",,Albanian,Alessandro G.,2023-02-11T15:30:46Z
47851,dushk,sq,"","",,Albanian,Alessandro G.,2023-02-11T15:31:48Z
78805,ilqe,sq,"","",,Albanian,Alessandro G.,2023-02-11T15:32:54Z
82942,ngasje,sq,"","",,Albanian,Alessandro G.,2023-02-11T15:34:17Z
82942,përnar,sq,"","",,Albanian,Alessandro G.,2023-02-11T15:35:04Z
135408,qarr,sq,"","",,Albanian,Alessandro G.,2023-02-11T15:38:26Z
56133,rrënjë,sq,"","",,Albanian,Alessandro G.,2023-02-11T15:39:37Z
461386,shpardh,sq,"","",,Albanian,Alessandro G.,2023-02-11T15:40:56Z
338763,valanidh,sq,"","",,Albanian,Alessandro G.,2023-02-11T15:42:06Z
3048,Pëllumbi i pyllit,sq,"","",,Albanian,Alessandro G.,2023-02-12T17:24:29Z
3947,Gjelëza e madhe bishtzezë,sq,"","",,Albanian,Alessandro G.,2023-02-12T17:26:14Z
12749,Tusha vetullbardhë,sq,"","",,Albanian,Alessandro G.,2023-02-12T17:27:37Z
13851,Harabeli i fushës,sq,"","",,Albanian,Alessandro G.,2023-02-12T17:28:38Z
145360,Gjelbërushja,sq,"","",,Albanian,Alessandro G.,2023-02-12T17:29:56Z
144243,Qukapiku i gjelbër,sq,"","",,Albanian,Alessandro G.,2023-02-12T17:30:31Z
144849,Trishtili i kaltër,sq,"","",,Albanian,Alessandro G.,2023-02-12T17:31:22Z
117016,Fishkëllyesi i vogël,sq,"","",,Albanian,Alessandro G.,2023-02-12T17:31:57Z
4208,Kredharaku i madh,sq,"","",,Albanian,Alessandro G.,2023-02-12T17:33:10Z
42069,Dhelpra kuqe,sq,"","",,Albanian,Alessandro G.,2023-02-12T17:35:19Z
13688,Bishtatundësi i malit,sq,"","",,Albanian,Alessandro G.,2023-02-12T17:36:07Z
891696,Laraska,sq,"","",,Albanian,Alessandro G.,2023-02-12T17:36:47Z
73222,Flamingo rozë,sq,"","",,Albanian,Alessandro G.,2023-02-12T17:37:39Z
47219,Bleta,sq,"","",,Albanian,Alessandro G.,2023-02-12T17:38:37Z
59399,Këmbë pelikani,sq,"","",,Albanian,Alessandro G.,2023-02-12T17:39:14Z
3857,Gjelëza gushëzezë,sq,"","",,Albanian,Alessandro G.,2023-02-12T17:40:12Z
56136,Aguliçe e rëndomtë,sq,"","",,Albanian,Alessandro G.,2023-02-12T17:42:10Z
55820,Aguliçe,sq,"","",,Albanian,Alessandro G.,2023-02-12T17:43:10Z
13000,Bishtkuqi zeshkan,sq,"","",,Albanian,Alessandro G.,2023-02-12T17:44:29Z
9398,Gardalina,sq,"","",,Albanian,Alessandro G.,2023-02-12T17:45:43Z
979813,Karabullaku i vogël,sq,"","",,Albanian,Alessandro G.,2023-02-12T17:47:15Z
13094,Gushkuqi,sq,"","",,Albanian,Alessandro G.,2023-02-12T17:48:11Z
5074,Shqiponja e malit,sq,"","",,Albanian,Alessandro G.,2023-02-12T17:49:21Z
204472,Shqiponja minjngrënëse,sq,"","",,Albanian,Alessandro G.,2023-02-12T17:49:50Z
8088,Grifsha,sq,"","",,Albanian,Alessandro G.,2023-02-12T17:50:45Z
55842,Shpendra,sq,"","",,Albanian,Alessandro G.,2023-02-12T17:52:20Z
4943,Çafka e vogël e bardhë,sq,"","",,Albanian,Alessandro G.,2023-02-12T17:53:31Z
793469,Mbretthi,sq,"","",,Albanian,Alessandro G.,2023-02-12T17:54:28Z
17871,Qukapiku larosh i madh,sq,"","",,Albanian,Alessandro G.,2023-02-12T17:55:14Z
13988,Dredhuesi gushëpërhimtë,sq,"","",,Albanian,Alessandro G.,2023-02-12T18:01:12Z
559064,Shqipja e fushës,sq,"","",,Albanian,Alessandro G.,2023-02-12T18:03:06Z
145291,Cerla e zakonshme,sq,"","",,Albanian,Alessandro G.,2023-02-12T18:04:03Z
47561,Pishë,sq,"","",,Albanian,Alessandro G.,2023-02-12T18:04:41Z
9195,Cerla verdhashe,sq,"","",,Albanian,Alessandro G.,2023-02-12T18:05:48Z
9201,Cerla e kallamishteve,sq,"","",,Albanian,Alessandro G.,2023-02-12T18:06:44Z
5106,Gjeraqina e shkurtës,sq,"","",,Albanian,Alessandro G.,2023-02-12T18:08:04Z
12735,Tusha e madhe e malit,sq,"","",,Albanian,Alessandro G.,2023-02-12T18:08:59Z
469472,Mollë,sq,"","",,Albanian,Alessandro G.,2023-02-12T18:10:49Z
55837,Kumbulla qershimbajtëse,sq,"","",,Albanian,Alessandro G.,2023-02-12T18:11:38Z
49133,Admirali i kuq,sq,"","",,Albanian,Alessandro G.,2023-02-12T18:13:32Z
55869,Bukëderri,sq,"","",,Albanian,Alessandro G.,2023-02-12T18:15:50Z
127355,Bukëderri gjeth urthi,sq,"","",,Albanian,Alessandro G.,2023-02-12T18:16:12Z
145363,Çerri,sq,"","",,Albanian,Alessandro G.,2023-02-12T18:17:39Z
201192,Çeku kokëzi,sq,"","",,Albanian,Alessandro G.,2023-02-12T18:18:16Z
7106,Rosa mandarinë,sq,"","",,Albanian,Alessandro G.,2023-02-12T18:18:57Z
13858,Harabeli i shtëpisë,sq,"","",,Albanian,Alessandro G.,2023-02-12T18:19:37Z
559070,Larashi i madh i përhimtë,sq,"","",,Albanian,Alessandro G.,2023-02-12T18:21:27Z
9192,Cerla gushëgjelbër,sq,"","",,Albanian,Alessandro G.,2023-02-12T18:22:46Z
7278,Trishtili bishtgjatë,sq,"","",,Albanian,Alessandro G.,2023-02-12T18:24:34Z
53271,Rrepa,sq,"","",,Albanian,Alessandro G.,2023-02-12T18:25:30Z
60001,Karafil,sq,"","",,Albanian,Alessandro G.,2023-02-12T18:26:04Z
9193,Cerla e malit,sq,"","",,Albanian,Alessandro G.,2023-02-12T18:27:47Z
12822,Bishtbardha e gurit,sq,"","",,Albanian,Alessandro G.,2023-02-12T18:28:15Z
10070,Zborakësi,sq,"","",,Albanian,Alessandro G.,2023-02-12T18:31:40Z
10070,Zogu i borës,sq,"","",,Albanian,Alessandro G.,2023-02-12T18:32:28Z
792977,Qukapiku larosh i vogël,sq,"","",,Albanian,Alessandro G.,2023-02-12T18:33:08Z
12707,Tusha e madhe e fushës,sq,"","",,Albanian,Alessandro G.,2023-02-12T18:33:34Z
4981,Çafka e natës,sq,"","",,Albanian,Alessandro G.,2023-02-12T18:34:16Z
41800,Shqarthi,sq,"","",,Albanian,Alessandro G.,2023-02-12T18:35:41Z
7363,Drenja,sq,"","",,Albanian,Alessandro G.,2023-02-12T18:39:44Z
578607,Dervishi,sq,"","",,Albanian,Alessandro G.,2023-02-12T18:43:10Z
4954,Çafka e hirtë,sq,"","",,Albanian,Alessandro G.,2023-02-12T18:47:01Z
17867,Qukapiku larosh sirian,sq,"","",,Albanian,Alessandro G.,2023-02-12T18:48:09Z
8000,Galat,sq,"","",,Albanian,Alessandro G.,2023-02-12T18:49:56Z
792985,Qukapiku laroshi i mesem,sq,"","",,Albanian,Alessandro G.,2023-02-12T18:51:52Z
144792,Dallëndyshja kërbishtkuqe,sq,"","",,Albanian,Alessandro G.,2023-02-12T18:53:58Z
1289470,Bilbilthi i përhimtë,sq,"","",,Albanian,Alessandro G.,2023-02-12T18:54:51Z
53438,trëndafil,sq,"","",,Albanian,Alessandro G.,2023-02-13T12:44:51Z
136319,bredhi i bardhë,sq,"","",,Albanian,Alessandro G.,2023-02-13T20:26:50Z
63935,arra e butë,sq,"","",,Albanian,Alessandro G.,2023-02-13T20:30:29Z
51148,murrizi,sq,"","",,Albanian,Alessandro G.,2023-02-13T20:33:09Z
204113,Dreri i rëndomtë,sq,"","",,Albanian,Alessandro G.,2023-02-13T20:34:36Z
42184,Kaprolli,sq,"","",,Albanian,Alessandro G.,2023-02-13T20:35:05Z
42161,Dreri lopatar,sq,"","",,Albanian,Alessandro G.,2023-02-13T20:35:35Z
42048,Ujku gri,sq,"","",,Albanian,Alessandro G.,2023-02-13T20:37:03Z
855297,Vjedulla evropiane,sq,"","",,Albanian,Alessandro G.,2023-02-13T20:40:16Z
41796,Zardafi,sq,"","",,Albanian,Alessandro G.,2023-02-13T20:41:50Z
41790,Kunadhe,sq,"","",,Albanian,Alessandro G.,2023-02-13T20:42:56Z
569428,Nuselale,sq,"","",,Albanian,Alessandro G.,2023-02-13T20:43:57Z
41808,Bukla e madhe,sq,"","",,Albanian,Alessandro G.,2023-02-13T20:44:34Z
39532,Breshka,sq,"","",,Albanian,Alessandro G.,2023-02-13T20:47:08Z
54227,Ahu,sq,"","",,Albanian,Alessandro G.,2023-02-13T20:48:53Z
43048,Iriqi gjoks bardhë-verior,sq,"","",,Albanian,Alessandro G.,2023-02-13T20:50:11Z
43042,Iriqi evropianoperendimor,sq,"","",,Albanian,Alessandro G.,2023-02-13T20:58:33Z
43041,Iriqi euroaziatike,sq,"","",,Albanian,Alessandro G.,2023-02-13T20:59:13Z
43043,Iriqi gjoks bardhë-jugor,sq,"","",,Albanian,Alessandro G.,2023-02-13T20:59:44Z
43047,Iriqi amur,sq,"","",,Albanian,Alessandro G.,2023-02-13T21:00:19Z
43055,Iriqi katër gishtësh,sq,"","",,Albanian,Alessandro G.,2023-02-13T21:01:31Z
43059,Iriqi afrikanoverior,sq,"","",,Albanian,Alessandro G.,2023-02-13T21:04:34Z
43056,Iriqi afrikanojugor,sq,"","",,Albanian,Alessandro G.,2023-02-13T21:04:58Z
43063,Iriqi somalid,sq,"","",,Albanian,Alessandro G.,2023-02-13T21:05:24Z
43054,Iriqi afrikane,sq,"","",,Albanian,Alessandro G.,2023-02-13T21:05:47Z
27726,Tritoni pikalosh,sq,"","",,Albanian,Alessandro G.,2023-02-13T21:07:43Z
209233,Kali,sq,"","",,Albanian,Alessandro G.,2023-02-13T21:09:53Z
121578,Delja,sq,"","",,Albanian,Alessandro G.,2023-02-13T21:12:26Z
447155,Pulëbardha,sq,"","",,Albanian,Alessandro G.,2023-02-13T21:14:03Z
67526,Albatrosi,sq,"","",,Albanian,Alessandro G.,2023-02-13T21:14:43Z
4262,Karabullakët,sq,"","",,Albanian,Alessandro G.,2023-02-13T21:16:09Z
41566,Balena gungaçe,sq,"","",,Albanian,Alessandro G.,2023-02-13T23:17:39Z
41708,Foka e zakonshme,sq,"","",,Albanian,Alessandro G.,2023-02-13T23:25:42Z
41714,Foka me njolla,sq,"","",,Albanian,Alessandro G.,2023-02-13T23:26:17Z
41766,Trikeku,sq,"","",,Albanian,Alessandro G.,2023-02-13T23:27:25Z
41736,Foka me veshë,sq,"","",,Albanian,Alessandro G.,2023-02-13T23:28:18Z
41687,Fokat pa veshë,sq,"","",,Albanian,Alessandro G.,2023-02-13T23:29:29Z
41687,Fokidae,sq,"","",,Albanian,Alessandro G.,2023-02-13T23:30:08Z
41521,Balena vrasëse,sq,"","",,Albanian,Alessandro G.,2023-02-13T23:31:34Z
41521,Orka,sq,"","",,Albanian,Alessandro G.,2023-02-13T23:31:48Z
74890,Kashaloti,sq,"","",,Albanian,Alessandro G.,2023-02-13T23:32:34Z
152871,Cetacetë,sq,"","",,Albanian,Alessandro G.,2023-02-13T23:33:32Z
424321,Balenat me mustaqe,sq,"","",,Albanian,Alessandro G.,2023-02-13T23:34:16Z
424322,Balenat me dhëmbë,sq,"","",,Albanian,Alessandro G.,2023-02-13T23:35:29Z
41479,Delfinët oqeanikë,sq,"","",,Albanian,Alessandro G.,2023-02-13T23:36:49Z
41459,Narvali,sq,"","",,Albanian,Alessandro G.,2023-02-13T23:39:41Z
41437,Marsuinët,sq,"","",,Albanian,Alessandro G.,2023-02-13T23:40:33Z
41437,Derrat e detit,sq,"","",,Albanian,Alessandro G.,2023-02-13T23:41:02Z
41401,Balenat me sqep,sq,"","",,Albanian,Alessandro G.,2023-02-13T23:41:43Z
74103,Balena e Groenlandës,sq,"","",,Albanian,Alessandro G.,2023-02-13T23:42:21Z
41478,Balena e hirtë,sq,"","",,Albanian,Alessandro G.,2023-02-13T23:46:16Z
851014,Çakalli i artë,sq,"","",,Albanian,Alessandro G.,2023-02-13T23:50:45Z
43128,Lepuri i fushës,sq,"","",,Albanian,Alessandro G.,2023-02-13T23:51:57Z
43126,Lepuri i bardhë,sq,"","",,Albanian,Alessandro G.,2023-02-13T23:54:00Z
57560,Lepuri i murrmë,sq,"","",,Albanian,Alessandro G.,2023-02-13T23:54:29Z
41850,Lundërza,sq,"","",,Albanian,Alessandro G.,2023-02-13T23:56:54Z
148030,Gomari,sq,"","",,Albanian,Alessandro G.,2023-02-13T23:58:10Z
42134,Derri i egër,sq,"","",,Albanian,Alessandro G.,2023-02-15T17:27:50Z
324492,Derri,sq,"","",,Albanian,Alessandro G.,2023-02-15T17:30:03Z
81925,Buallica,sq,"","",,Albanian,Alessandro G.,2023-02-15T17:32:06Z
42412,Bualli i myshkut,sq,"","",,Albanian,Alessandro G.,2023-02-15T17:34:22Z
42406,Bizonët,sq,"","",,Albanian,Alessandro G.,2023-02-15T17:35:27Z
42407,Bizoni evropian,sq,"","",,Albanian,Alessandro G.,2023-02-15T17:35:52Z
42408,Bizoni amerikan,sq,"","",,Albanian,Alessandro G.,2023-02-15T17:36:46Z
42405,Bualli afrikan,sq,"","",,Albanian,Alessandro G.,2023-02-15T17:37:34Z
3806,Pinguinët,sq,"","",,Albanian,Alessandro G.,2023-02-15T17:40:28Z
55425,Kungulli,sq,"","",,Albanian,Alessandro G.,2023-02-15T17:42:57Z
47668,Ylli detar,sq,"","",,Albanian,Alessandro G.,2023-02-15T19:41:54Z
4333,Pelikani kaçurrel,sq,"","",,Albanian,Alessandro G.,2023-02-19T17:36:26Z
116999,Shqiponja peshkngrënëse,sq,"","",,Albanian,Alessandro G.,2023-02-19T17:39:41Z
20524,Struci,sq,"","",,Albanian,Johan Devos,2023-02-28T21:52:15Z
20969,Pupëza,sq,"","",,Albanian,Alessandro G.,2023-03-19T14:11:15Z
118622,peshku kovaç,sq,"","",,Albanian,Johan Devos,2024-02-28T20:17:18Z
118632,gjuhëza lekurore,sq,"","",,Albanian,Johan Devos,2024-02-28T20:26:13Z
118637,rombi larosh,sq,"","",,Albanian,Johan Devos,2024-02-28T20:31:09Z
118640,shkotra kukuvajkë,sq,"","",,Albanian,Johan Devos,2024-02-28T20:36:16Z
120667,gjuhëza e Torit,sq,"","",,Albanian,Johan Devos,2024-02-28T20:42:20Z
120667,gjuhëza e egër,sq,"","",,Albanian,Johan Devos,2024-02-28T20:42:50Z
120667,gjuhëza bajraktare,sq,"","",,Albanian,Johan Devos,2024-02-28T20:43:19Z
118706,burdullaku i shkëmbit,sq,"","",,Albanian,Johan Devos,2024-02-28T21:09:04Z
