id,vernacularName,language,locality,countryCode,source,lexicon,contributor,created
99786,Maïchi,und,"","",http://www.catalogueoflife.org/annual-checklist/details/species/id/10064305/common/230515,Djuka,,2021-07-13T15:27:04Z
620754,Pilin,und,"","",http://www.catalogueoflife.org/annual-checklist/details/species/id/10057221/common/155406,Djuka,,2021-07-14T17:23:23Z
620765,Pilin,und,"","",http://www.catalogueoflife.org/annual-checklist/details/species/id/10057283/common/106808,Djuka,,2021-07-14T17:23:23Z
147020,Pilin,und,"","",http://www.catalogueoflife.org/annual-checklist/details/species/id/10057294/common/106752,Djuka,,2021-07-14T17:23:23Z
556853,Lompuu,und,"","",http://www.catalogueoflife.org/annual-checklist/details/species/id/10083102/common/170554,Djuka,,2021-07-14T19:00:22Z
556853,Lompu,und,"","",http://www.catalogueoflife.org/annual-checklist/details/species/id/10083102/common/170553,Djuka,,2021-07-14T19:00:40Z
619836,Lompu,und,"","",http://www.catalogueoflife.org/annual-checklist/details/species/id/10083266/common/261785,Djuka,,2021-07-14T19:00:40Z
525927,Aboné,und,"","",http://www.catalogueoflife.org/annual-checklist/details/species/id/10067016/common/172018,Djuka,,2021-07-15T15:09:43Z
126567,Aboné,und,"","",http://www.catalogueoflife.org/annual-checklist/details/species/id/10067018/common/172003,Djuka,,2021-07-15T15:09:43Z
525927,Tukunali,und,"","",http://www.catalogueoflife.org/annual-checklist/details/species/id/10067016/common/172005,Djuka,,2021-07-15T15:09:54Z
126567,Tukunali,und,"","",http://www.catalogueoflife.org/annual-checklist/details/species/id/10067018/common/171974,Djuka,,2021-07-15T15:09:54Z
51402,Palika,und,"","",,Djuka,Zane Roskoph,2021-07-19T16:23:54Z
341818,Lowi,und,"","",,Djuka,Zane Roskoph,2021-07-20T11:42:30Z
608806,Paypay,und,"","",http://www.catalogueoflife.org/annual-checklist/details/species/id/10083155/common/150536,Djuka,,2021-07-20T13:44:21Z
608811,Paypay,und,"","",http://www.catalogueoflife.org/annual-checklist/details/species/id/10083162/common/150454,Djuka,,2021-07-20T13:44:21Z
608806,Meloko fisi,und,"","",http://www.catalogueoflife.org/annual-checklist/details/species/id/10083155/common/150532,Djuka,,2021-07-20T13:44:30Z
608811,Meloko fisi,und,"","",http://www.catalogueoflife.org/annual-checklist/details/species/id/10083162/common/150449,Djuka,,2021-07-20T13:44:31Z
608806,Maloko fichi,und,"","",http://www.catalogueoflife.org/annual-checklist/details/species/id/10083155/common/150520,Djuka,,2021-07-20T13:44:37Z
608806,Bow,und,"","",,Djuka,Zane Roskoph,2021-07-20T13:44:48Z
608811,Bow,und,"","",,Djuka,Zane Roskoph,2021-07-20T13:55:34Z
221492,Katina kouikoui,und,"","",http://www.catalogueoflife.org/annual-checklist/details/species/id/10082099/common/92997,Djuka,,2021-07-23T23:40:53Z
221492,Bata,und,"","",,Djuka,Zane Roskoph,2021-07-23T23:41:26Z
564361,Katiina kuikui,und,"","",http://www.catalogueoflife.org/annual-checklist/details/species/id/10082108/common/93041,Djuka,,2021-07-23T23:41:48Z
221492,Katiina kuikui,und,"","",http://www.catalogueoflife.org/annual-checklist/details/species/id/10082099/common/92998,Djuka,,2021-07-23T23:41:48Z
133993,Kutali,und,"","",http://www.catalogueoflife.org/annual-checklist/details/species/id/10062256/common/168162,Djuka,,2021-07-27T19:40:18Z
133991,Kutali,und,"","",http://www.catalogueoflife.org/annual-checklist/details/species/id/10062258/common/168130,Djuka,,2021-07-27T19:40:18Z
615507,Booboo,und,"","",http://www.catalogueoflife.org/annual-checklist/details/species/id/10064344/common/222237,Djuka,,2021-08-30T00:46:16Z
615514,Booboo,und,"","",http://www.catalogueoflife.org/annual-checklist/details/species/id/10064352/common/222210,Djuka,,2021-08-30T00:46:16Z
124904,Booboo,und,"","",http://www.catalogueoflife.org/annual-checklist/details/species/id/10064353/common/170216,Djuka,,2021-08-30T00:46:16Z
121250,Booboo,und,"","",http://www.catalogueoflife.org/annual-checklist/details/species/id/10064306/common/66393,Djuka,,2021-08-30T00:46:17Z
615519,Booboo,und,"","",http://www.catalogueoflife.org/annual-checklist/details/species/id/10064356/common/334213,Djuka,,2021-08-30T00:46:17Z
504197,Booboo,und,"","",http://www.catalogueoflife.org/annual-checklist/details/species/id/10064310/common/66367,Djuka,,2021-08-30T00:46:17Z
52553,Booboo,und,"","",http://www.catalogueoflife.org/annual-checklist/details/species/id/10064393/common/170349,Djuka,,2021-08-30T00:46:18Z
615504,Booboo,und,"","",http://www.catalogueoflife.org/annual-checklist/details/species/id/10064342/common/222252,Djuka,,2021-08-30T00:46:18Z
494541,Booboo,und,"","",http://www.catalogueoflife.org/annual-checklist/details/species/id/10064409/common/108236,Djuka,,2021-08-30T00:46:18Z
244861,Katuku siba,und,"","",http://www.catalogueoflife.org/annual-checklist/2012/details/species/id/9741333,Djuka,,2021-11-07T19:55:52Z
549774,Agosibi siba,und,"","",http://www.catalogueoflife.org/annual-checklist/2012/details/species/id/9741333,Djuka,,2021-12-10T14:56:47Z
614170,Agosibi siba,und,"","",http://www.catalogueoflife.org/annual-checklist/2012/details/species/id/9741333,Djuka,,2021-12-10T14:56:47Z
614170,Agochibi chiba,und,"","",http://www.catalogueoflife.org/annual-checklist/2012/details/species/id/9741333,Djuka,,2021-12-10T15:09:01Z
616784,Baaka wawa,und,"","",http://www.catalogueoflife.org/annual-checklist/2012/details/species/id/9741333,Djuka,,2021-12-23T20:30:18Z
616784,Tyobo wawa,und,"","",http://www.catalogueoflife.org/annual-checklist/2012/details/species/id/9741333,Djuka,,2021-12-23T20:30:35Z
610758,Piki chiba,und,"","",http://www.catalogueoflife.org/annual-checklist/2012/details/species/id/9741333,Djuka,,2022-01-06T01:05:10Z
484023,Piki chiba,und,"","",http://www.catalogueoflife.org/annual-checklist/2012/details/species/id/9741333,Djuka,,2022-01-06T01:05:11Z
516344,Piki chiba,und,"","",http://www.catalogueoflife.org/annual-checklist/2012/details/species/id/9741333,Djuka,,2022-01-06T01:05:11Z
610893,Piki chiba,und,"","",http://www.catalogueoflife.org/annual-checklist/2012/details/species/id/9741333,Djuka,,2022-01-06T01:05:12Z
610838,Piki chiba,und,"","",http://www.catalogueoflife.org/annual-checklist/2012/details/species/id/9741333,Djuka,,2022-01-06T01:05:12Z
516329,Piki chiba,und,"","",http://www.catalogueoflife.org/annual-checklist/2012/details/species/id/9741333,Djuka,,2022-01-06T01:05:12Z
484029,Piki chiba,und,"","",http://www.catalogueoflife.org/annual-checklist/2012/details/species/id/9741333,Djuka,,2022-01-06T01:05:12Z
516342,Piki chiba,und,"","",http://www.catalogueoflife.org/annual-checklist/2012/details/species/id/9741333,Djuka,,2022-01-06T01:05:13Z
516341,Piki chiba,und,"","",http://www.catalogueoflife.org/annual-checklist/2012/details/species/id/9741333,Djuka,,2022-01-06T01:05:13Z
610748,Piki chiba,und,"","",http://www.catalogueoflife.org/annual-checklist/2012/details/species/id/9741333,Djuka,,2022-01-06T01:05:14Z
610859,Piki chiba,und,"","",http://www.catalogueoflife.org/annual-checklist/2012/details/species/id/9741333,Djuka,,2022-01-06T01:05:14Z
322857,Mabé,und,"","",,Djuka,Zane Roskoph,2022-01-07T01:43:45Z
1315212,Piki chiba,und,"","",http://www.catalogueoflife.org/annual-checklist/2012/details/species/id/9741333,Djuka,,2023-03-17T17:12:47Z
1360040,Lompuu,und,"","",http://www.catalogueoflife.org/annual-checklist/details/species/id/10083272/common/261759,Djuka,,2023-03-18T20:16:31Z
1360040,Lompu,und,"","",http://www.catalogueoflife.org/annual-checklist/details/species/id/10083272/common/261758,Djuka,,2023-03-18T20:16:31Z
1545004,Pilin,und,"","",http://www.catalogueoflife.org/annual-checklist/details/species/id/10057204/common/155376,Djuka,,2024-04-13T14:03:51Z
