id,vernacularName,language,locality,countryCode,source,lexicon,contributor,created
98994,Khi Kiem Tham Lomyen,und,"","",http://reptile-database.reptarium.cz/search.php?genus=Cyrtodactylus&species=lomyenensis&submit=Search,Lao,,2011-08-19T02:59:29Z
187972,Por,und,"","",http://www.catalogueoflife.org/annual-checklist/details/species/id/10080357/common/32582,Lao,Ken-ichi Ueda,2015-10-07T12:39:58Z
41871,ພຽງພອນເໝັນ,und,"","",,Lao,John E. Christensen,2018-10-28T12:55:36Z
7006,ຫ່ານ,und,"","",,Lao,John E. Christensen,2019-01-04T08:39:40Z
539726,Kap Ke Boehme,und,"","",,Lao,Bobby McCabe,2019-05-23T16:19:55Z
505478,ໄກ່,und,"","",,Lao,John E. Christensen,2019-12-18T08:40:07Z
41970,ເສືອອາເມລິກາ,und,"","",,Lao,Zane Roskoph,2021-07-30T12:08:16Z
469472,ໝາກໂປມ,und,"","",,Lao,10423,2022-03-27T04:46:29Z
1,ສັດ,und,"","",,Lao,Yann Kemper,2022-11-18T04:43:53Z
64443,ทุเรียน,und,"","",,Lao,Steven Kurniawidjaja,2023-03-16T22:23:12Z
443517,ສະໂນຫີນ,und,"","",,Lao,Sutthikhun Phaengphongsai,2023-09-03T16:34:49Z
