id,vernacularName,language,locality,countryCode,source,lexicon,contributor,created
98016,Alwisge diva huna,und,"","",http://reptile-database.reptarium.cz/search.php?genus=Cnemaspis&species=alwisi&submit=Search,Sinhalese,Bobby McCabe,2011-08-19T02:58:35Z
98040,Kumarasinhage diva huna,und,"","",http://reptile-database.reptarium.cz/search.php?genus=Cnemaspis&species=kumarasinghei&submit=Search,Sinhalese,Bobby McCabe,2011-08-19T02:58:41Z
98046,Molligodage diva huna,und,"","",http://reptile-database.reptarium.cz/search.php?genus=Cnemaspis&species=molligodai&submit=Search,Sinhalese,Bobby McCabe,2011-08-19T02:58:42Z
98067,Retigala diva huna,und,"","",http://reptile-database.reptarium.cz/search.php?genus=Cnemaspis&species=retigalensis&submit=Search,Sinhalese,Bobby McCabe,2011-08-19T02:58:47Z
98069,Samanala kandu diva huna,und,"","",http://reptile-database.reptarium.cz/search.php?genus=Cnemaspis&species=samanalensis&submit=Search,Sinhalese,Bobby McCabe,2011-08-19T02:58:47Z
104068,Sripakandu duburu hekanala,und,"","",http://reptile-database.reptarium.cz/search.php?genus=Lankascincus&species=sripadensis&submit=Search,Sinhalese,Ken-ichi Ueda,2011-08-19T03:01:59Z
111718,Eranga Virajge thudulla,und,"","",http://reptile-database.reptarium.cz/search.php?genus=Rhinophis&species=erangaviraji&submit=Search,Sinhalese,Ken-ichi Ueda,2011-08-19T03:05:24Z
178011,Hada,und,"","",http://www.catalogueoflife.org/annual-checklist/details/species/id/10075271/common/87120,Sinhalese,Ken-ichi Ueda,2012-10-24T05:23:11Z
102725,Hunga,und,"","",http://www.catalogueoflife.org/annual-checklist/details/species/id/10083667/common/19486,Sinhalese,Ken-ichi Ueda,2012-11-12T14:36:01Z
69675,As geddi kelawalla,und,"","",http://www.ubio.org/browser/details.php?namebankID=874936,Sinhalese,Andrés Ramírez-Barrera,2013-04-16T05:29:36Z
244561,As bokka,und,"","",http://www.ubio.org/browser/details.php?namebankID=885112,Sinhalese,Ken-ichi Ueda,2013-04-16T05:29:39Z
431307,Korakaha,und,"","",,Sinhalese,c michael hogan,2017-04-01T11:34:43Z
47217,උඩවැඩියා,und,"","",,Sinhalese,John E. Christensen,2018-03-01T11:16:23Z
81925,මී හරකා,und,"","",,Sinhalese,John E. Christensen,2019-08-15T13:58:53Z
367470,වළි කුකුළා,und,"","",,Sinhalese,Asanka Gallege,2020-04-14T02:50:22Z
1138748,පට්ට උල් කෙන්ද,und,"","",,Sinhalese,Kitty Maurey,2020-10-08T12:54:08Z
104069,Munindradasage lakhekanala,und,"","",http://reptile-database.reptarium.cz/search.php?genus=Lankascincus&species=munindradasai&submit=Search,Sinhalese,,2020-11-07T01:00:40Z
629975,මල් පිළිහුඩුවා,und,"","",,Sinhalese,Kitty Maurey,2020-12-26T16:18:12Z
343758,ගොන් කදුරු,und,Sri Lanka,LK,,Sinhalese,Asanka Gallege,2021-01-07T02:03:07Z
474332,දම්-මැදි කිතලා,und,"","",,Sinhalese,Asanka Gallege,2021-01-09T00:14:56Z
199,ළයසුදු කොරවක්කා,und,"","",,Sinhalese,Asanka Gallege,2021-01-09T00:19:58Z
724427,බමුණු පියාකුස්සා,und,Sri Lanka,LK,,Sinhalese,Asanka Gallege,2021-01-09T00:55:25Z
367472,කළුකුස්සා,und,"","",,Sinhalese,Asanka Gallege,2021-01-09T01:12:31Z
979665,දුම්බොන්නා,und,"","",,Sinhalese,Asanka Gallege,2021-01-09T04:35:57Z
19509,ජර්දන් බිම්බස්සා,und,"","",,Sinhalese,Asanka Gallege,2021-01-09T04:48:31Z
4943,පුංචි ඇලි-කොකා,und,"","",,Sinhalese,Asanka Gallege,2021-01-09T05:40:09Z
4951,කරවැල් කොකා,und,"","",,Sinhalese,Asanka Gallege,2021-01-09T15:41:30Z
4993,කණ-කොකා,und,"","",,Sinhalese,Asanka Gallege,2021-01-09T15:42:58Z
14610,බැමසුදු කොණ්ඩයා,und,"","",,Sinhalese,Asanka Gallege,2021-01-10T00:57:34Z
512431,ආසියා බොර මැසිමාරා,und,"","",,Sinhalese,Asanka Gallege,2021-01-10T01:33:31Z
204491,පොල්කිච්චා,und,Sri Lanka,LK,,Sinhalese,Vihansith Kulatunga,2021-01-10T08:36:37Z
15347,බට්ටිච්චා,und,Sri Lanka,LK,,Sinhalese,Vihansith Kulatunga,2021-01-10T08:38:18Z
8414,කැහිබෙල්ලා,und,Sri Lanka,LK,,Sinhalese,Vihansith Kulatunga,2021-01-10T08:44:48Z
19687,මැඩිමුහුණා,und,Sri Lanka,LK,,Sinhalese,Vihansith Kulatunga,2021-01-10T08:46:26Z
145031,ඉන්දු කළුකිච්චා,und,"","",,Sinhalese,Asanka Gallege,2021-01-11T01:37:43Z
204490,වන පොල්කිච්චා,und,"","",,Sinhalese,Asanka Gallege,2021-01-11T01:41:32Z
717333,දිළිරත් මිණිවිත්තා,und,"","",,Sinhalese,Asanka Gallege,2021-01-11T02:15:01Z
15608,කුසකහ ලඳු-දෙමලිච්චා,und,"","",,Sinhalese,Asanka Gallege,2021-01-11T02:22:16Z
144543,හීන් කොණ්ඩ මුහුදුළිහිණියා,und,"","",,Sinhalese,Asanka Gallege,2021-01-12T01:04:15Z
4811,පුංචි මාල ඔලෙවියා,und,"","",,Sinhalese,Asanka Gallege,2021-01-12T01:05:15Z
165529,මුරුංගා,und,Sri Lanka,LK,,Sinhalese,Vihansith Kulatunga,2021-01-28T09:47:40Z
27212,පොල්මල් කරවලා,und,Sri Lanka,LK,,Sinhalese,Asanka Gallege,2021-01-31T02:04:23Z
27212,මල් සරා,und,Sri Lanka,LK,,Sinhalese,Asanka Gallege,2021-01-31T02:05:54Z
95706,තල්කොස්සා,und,"","",,Sinhalese,Asanka Gallege,2021-01-31T03:08:46Z
191501,දියපර,und,Sri Lanka,LK,,Sinhalese,Asanka Gallege,2021-02-02T10:15:09Z
365697,කටුකිතුල්,und,Sri Lanka,LK,,Sinhalese,Asanka Gallege,2021-02-08T05:00:18Z
182480,බිම්තල්,und,Sri Lanka,LK,,Sinhalese,Asanka Gallege,2021-02-08T05:15:54Z
1133,හබන් කුකුලා,und,"","",,Sinhalese,Vihansith Kulatunga,2021-05-20T06:09:21Z
100111,Hali valan kossa,und,"","",http://www.catalogueoflife.org/annual-checklist/details/species/id/10073135/common/42188,Sinhalese,Victor HOYEAU,2021-07-15T12:22:17Z
100111,Sellan kossa,und,"","",http://www.catalogueoflife.org/annual-checklist/details/species/id/10073135/common/42143,Sinhalese,Victor HOYEAU,2021-07-15T12:22:45Z
318698,වාලක්කඩියා,und,"","",,Sinhalese,Zane Roskoph,2021-07-15T16:51:00Z
115010,Walaya,und,"","",http://www.catalogueoflife.org/annual-checklist/details/species/id/10081706/common/102839,Sinhalese,,2021-07-19T16:08:10Z
114226,Leylla,und,"","",http://www.catalogueoflife.org/annual-checklist/details/species/id/10061232/common/93596,Sinhalese,,2021-07-27T13:46:35Z
135283,Sevaya,und,"","",http://www.catalogueoflife.org/annual-checklist/details/species/id/10066658/common/54777,Sinhalese,,2021-07-27T18:23:27Z
49639,Thabuwa,und,"","",http://www.catalogueoflife.org/annual-checklist/details/species/id/10073047/common/60709,Sinhalese,,2021-07-29T00:52:55Z
963468,කප්පරවල්ලිය,und,"","",https://www.inaturalist.org/taxon_names/2298916/edit,Sinhalese,,2021-07-30T06:08:45Z
53669,Kalu pothypora,und,"","",http://www.catalogueoflife.org/annual-checklist/details/species/id/10084948/common/235502,Sinhalese,,2021-07-30T11:42:02Z
53669,Valla,und,"","",http://www.catalogueoflife.org/annual-checklist/details/species/id/10084948/common/235468,Sinhalese,,2021-07-30T11:42:09Z
123269,Nil detha,und,"","",http://www.catalogueoflife.org/annual-checklist/details/species/id/10066657/common/54915,Sinhalese,,2021-07-30T18:44:53Z
83884,Mol kotah,und,"","",http://www.catalogueoflife.org/annual-checklist/details/species/id/10084953/common/180645,Sinhalese,,2021-07-30T19:27:53Z
83884,Ratoo ptoobarah,und,"","",http://www.catalogueoflife.org/annual-checklist/details/species/id/10084953/common/180617,Sinhalese,,2021-07-30T19:28:02Z
52458,Raja orava,und,"","",http://www.catalogueoflife.org/annual-checklist/details/species/id/10066721/common/55429,Sinhalese,,2021-08-03T15:50:58Z
54441,Pulli gal-gulla,und,"","",http://www.catalogueoflife.org/annual-checklist/details/species/id/10053590/common/123220,Sinhalese,,2021-08-29T12:01:45Z
153280,Atanagul parawa,und,"","",http://www.catalogueoflife.org/annual-checklist/details/species/id/10069945/common/133356,Sinhalese,,2021-08-29T12:42:13Z
1278859,ඉරිවේරිය,und,"","",https://www.inaturalist.org/taxon_names/2298915/edit,Sinhalese,,2021-09-05T22:15:38Z
47257,Hera maha,und,"","",http://www.catalogueoflife.org/annual-checklist/2012/details/species/id/9741333,Sinhalese,,2021-09-20T00:46:53Z
47257,Pirimi thora,und,"","",http://www.catalogueoflife.org/annual-checklist/2012/details/species/id/9741333,Sinhalese,,2021-09-20T00:47:01Z
47257,Thal thora,und,"","",http://www.catalogueoflife.org/annual-checklist/2012/details/species/id/9741333,Sinhalese,,2021-09-20T00:47:09Z
1289913,වතඳුරු පඳුරු දෙමලිච්චා,und,"","",https://www.inaturalist.org/taxon_names/2389909/edit,Sinhalese,,2021-10-08T06:27:10Z
97004,Ran thambuva,und,"","",http://www.catalogueoflife.org/annual-checklist/2012/details/species/id/9741333,Sinhalese,,2021-10-09T16:45:38Z
97004,Ran thambuwa,und,"","",http://www.catalogueoflife.org/annual-checklist/2012/details/species/id/9741333,Sinhalese,,2021-10-09T16:45:46Z
120657,Maha piha massa,und,"","",http://www.catalogueoflife.org/annual-checklist/2012/details/species/id/9741333,Sinhalese,,2021-10-23T14:42:53Z
93987,Kavaiya,und,"","",http://www.catalogueoflife.org/annual-checklist/2012/details/species/id/9741333,Sinhalese,,2021-12-04T16:51:49Z
44541,නෙලූ මීයා,und,"","",,Sinhalese,Zane Roskoph,2021-12-06T15:39:26Z
44541,Nelu Meeya,und,"","",,Sinhalese,Zane Roskoph,2021-12-06T15:39:41Z
188583,Theppili,und,"","",http://www.catalogueoflife.org/annual-checklist/2012/details/species/id/9741333,Sinhalese,,2021-12-31T06:07:23Z
731279,සුදු රෙදි හොරා,und,"","",,Sinhalese,Sumedha Milroy,2022-02-21T04:25:18Z
105252,Gan theliya,und,"","",http://www.catalogueoflife.org/annual-checklist/2012/details/species/id/9741333,Sinhalese,,2022-03-09T23:30:31Z
27357,කුණුදිය කළුවා,und,"","",,Sinhalese,Shaveen Madushka,2022-07-22T07:29:28Z
613370,රතු වරල් දෙපුල්ලියා,und,"","",,Sinhalese,Shaveen Madushka,2022-08-10T03:28:44Z
21827,කෙලාර්ට්ගේ කුරු ගෙම්බා,und,"","",,Sinhalese,Shaveen Madushka,2022-08-10T03:31:20Z
1455918,අළු කොබෙයියා,und,"","",https://www.inaturalist.org/taxon_names/2389995/edit,Sinhalese,Thomas Mesaglio,2023-03-08T06:24:45Z
343838,දිවි කදුරු,und,"","",,Sinhalese,Shaveen Madushka,2023-06-17T17:14:26Z
