id,vernacularName,language,locality,countryCode,source,lexicon,contributor,created
109271,Lufundi,und,"","",,Native Name,Aleksandar,2018-12-09T01:39:39Z
180413,Mashkiigobag (Waboskîki'bûg),und,Ojibwe language area,"",,Native Name,Adam Malus,2020-03-31T20:14:29Z
48685,"Nabagashk (Apakwayashk, Bebamasû'n)",und,Ojibwe language area,"",,Native Name,Adam Malus,2020-04-03T03:02:40Z
54807,Baapaagimaak,und,Ojibwe language area,"",,Native Name,Adam Malus,2020-04-04T00:27:39Z
58721,"Mashkiigwaatig (Mashkiig-mitig, Mashkikii-mitig)",und,Ojibwe language area,"",,Native Name,Adam Malus,2020-04-04T00:45:21Z
58724,Okikaandag (Giga'ndag),und,Ojibwe language area,"",,Native Name,Adam Malus,2020-04-04T01:22:24Z
49883,Wiigwaasaatig,und,Ojibwe language area,"",,Native Name,Adam Malus,2020-04-04T01:35:40Z
84296,Zesegaandag,und,Ojibwe language area,"",,Native Name,Adam Malus,2020-04-04T01:43:55Z
54261,Zhingob (Zhingob Bigiwaandag),und,Ojibwe language area,"",,Native Name,Adam Malus,2020-04-04T01:44:54Z
40268,bapakwaanaajiinh-yag,und,Ojibwe language area,"",,Native Name,Adam Malus,2020-04-04T23:40:07Z
41801,Zhingosag,und,Ojibwe language area,"",,Native Name,Adam Malus,2020-04-05T02:00:21Z
79554,Manoomin,und,Ojibwe language area,"",,Native Name,Adam Malus,2020-04-05T02:32:53Z
54775,Moozwemizh (Moozomizh),und,Ojibwe language area,"",,Native Name,Adam Malus,2020-04-07T00:40:28Z
68049,"Apaakozigan (Makwa-miskomin, Miskwaabiimag, Sagagominagashinh)",und,Ojibwe language area,"",,Native Name,Adam Malus,2020-04-07T20:03:53Z
126560,Mashkiiigiminagaawanzh (zagkegbwe),und,Ojibwe language area,"",,Native Name,Adam Malus,2020-04-07T20:58:32Z
119827,"Gichi-okaadaak, okaadaak, nezhikewang",und,Ojibwe language area,"",,Native Name,Adam Malus,2020-04-07T23:53:11Z
126251,"Ozaawaajiibik (Ozaawijiibik, Wesawa'nikwe'ak, Wesawadji'bîkwe'ak)",und,Ojibwe language area,"",,Native Name,Adam Malus,2020-04-08T00:27:54Z
75473,Wiingaashk,und,Ojibwe language area,"",,Native Name,Adam Malus,2020-04-08T01:36:30Z
133393,Waawiyebagoon (Wewaîe'bûgûg ),und,Ojibwe language area,"",,Native Name,Adam Malus,2020-04-15T01:22:30Z
78998,"Gichigamiwashk (Nakun askok, Ana'ganuck, Jîka'miûskûn)",und,Ojibwe language area,"",,Native Name,Adam Malus,2020-04-24T22:53:16Z
62213,"Beba'akwûndek,Mashkiigojiibik",und,Ojibwe language area,"",,Native Name,Adam Malus,2020-04-26T20:19:47Z
75307,Saga'tîgons,und,Ojibwe language area,"",,Native Name,Adam Malus,2020-04-28T20:21:07Z
75475,Wiingashk (Wîcko'bimûcko's),und,Ojibwe language area,"",,Native Name,Adam Malus,2020-04-30T01:52:29Z
76942,Nokwe'sîgûn (Nookwezigan),und,Ojibwe language area,"",,Native Name,Adam Malus,2020-07-31T19:58:35Z
204243,"Sagagominagashinh, (Miskwaabiimag Bigwadjimisquabimag)",und,Ojibwe language area,"",,Native Name,Adam Malus,2020-12-05T23:08:59Z
116539,Terencho,und,"Ucayali, PE | Loreto, PE","",,Native Name,Antonio W. Salas,2022-08-03T13:20:59Z
35342,Pacazo,und,"Tumbes, PE | Piura, PI, PE | Lambayeque, PE | La Libertad, PE","",,Native Name,Antonio W. Salas,2023-01-09T02:27:13Z
39017,Shuco,und,"Surco, LR, PE","",,Native Name,Brandon Ortiz Arenas,2023-04-21T22:43:44Z
10336,Chichingano,und,"Surco, LR, PE","",,Native Name,Brandon Ortiz Arenas,2023-04-21T22:46:27Z
10270,Ruiva,und,"Surco, LR, PE","",,Native Name,Brandon Ortiz Arenas,2023-04-21T22:47:46Z
702145,Chachacomo,und,"Surco, LR, PE","",,Native Name,Brandon Ortiz Arenas,2023-04-21T22:49:29Z
439290,Lloque,und,"Surco, LR, PE","",,Native Name,Brandon Ortiz Arenas,2023-04-21T22:51:41Z
33974,Chile,und,"Surco, LR, PE","",,Native Name,Brandon Ortiz Arenas,2023-04-21T23:07:11Z
847330,Queshque,und,"Surco, LR, PE","",,Native Name,Brandon Ortiz Arenas,2023-05-04T02:13:15Z
541142,Queshque,und,"Surco, LR, PE","",,Native Name,Brandon Ortiz Arenas,2023-05-04T02:14:29Z
320052,Guayanca,und,"Surco, LR, PE","",,Native Name,Brandon Ortiz Arenas,2023-05-04T02:16:31Z
