id,vernacularName,language,locality,countryCode,source,lexicon,contributor,created
336711,Кандывуй,und,"","",,Eastern Mari,John E. Christensen,2019-02-03T13:30:27Z
40151,Шӧр пукшышо,und,"","",,Eastern Mari,John E. Christensen,2019-02-07T16:19:20Z
630955,Мӱкш,und,"","",,Eastern Mari,John E. Christensen,2020-09-28T16:02:10Z
42007,Пума,und,"","",,Eastern Mari,Zane Roskoph,2021-08-01T01:07:08Z
41644,ош маска,und,"","",,Eastern Mari,Zane Roskoph,2021-08-11T16:52:37Z
41955,Гепард,und,"","",,Eastern Mari,Zane Roskoph,2021-08-13T12:12:45Z
41964,Арыслан,und,"","",,Eastern Mari,Zane Roskoph,2021-08-24T15:03:47Z
74831,Ирбис,und,"","",,Eastern Mari,Zane Roskoph,2021-08-25T11:52:35Z
53779,умла,und,"","",,Eastern Mari,Yann Kemper,2022-11-12T15:03:54Z
41852,Рожамак,und,"","",,Eastern Mari,Марина Горбунова-Ëлкина,2022-12-13T11:55:19Z
41850,Кома,und,"","",,Eastern Mari,Марина Горбунова-Ëлкина,2022-12-27T04:44:43Z
43128,Сур мераҥ,und,"","",,Eastern Mari,Марина Горбунова-Ëлкина,2022-12-28T01:21:06Z
13858,пӧрткайык,und,"","",,Eastern Mari,Марина Горбунова-Ëлкина,2022-12-28T02:11:56Z
203153,киса,und,"","",,Eastern Mari,Марина Горбунова-Ëлкина,2022-12-28T02:12:19Z
9462,ӧрш,und,"","",,Eastern Mari,Марина Горбунова-Ëлкина,2022-12-28T02:12:36Z
11901,вараксим,und,"","",,Eastern Mari,Марина Горбунова-Ëлкина,2022-12-28T02:12:52Z
891696,шогертен,und,"","",,Eastern Mari,Марина Горбунова-Ëлкина,2022-12-28T02:13:06Z
41,турня,und,"","",,Eastern Mari,Марина Горбунова-Ëлкина,2022-12-28T02:13:36Z
1907,куку,und,"","",,Eastern Mari,Марина Горбунова-Ëлкина,2022-12-28T02:13:52Z
144757,олагорак,und,"","",,Eastern Mari,Марина Горбунова-Ëлкина,2022-12-28T02:14:05Z
14850,шырчык,und,"","",,Eastern Mari,Марина Горбунова-Ëлкина,2022-12-28T02:14:25Z
3017,кöгöрчен,und,"","",,Eastern Mari,Марина Горбунова-Ëлкина,2022-12-28T02:14:42Z
13075,шÿшпык,und,"","",,Eastern Mari,Марина Горбунова-Ëлкина,2022-12-28T02:14:57Z
524794,кӱрка,und,"","",,Eastern Mari,Марина Горбунова-Ëлкина,2022-12-28T02:15:14Z
7998,корак,und,"","",,Eastern Mari,Марина Горбунова-Ëлкина,2022-12-28T02:16:51Z
5085,вараш,und,"","",,Eastern Mari,Марина Горбунова-Ëлкина,2022-12-28T02:17:07Z
6913,йÿксö,und,"","",,Eastern Mari,Марина Горбунова-Ëлкина,2022-12-28T02:17:24Z
8029,шемгорак,und,"","",,Eastern Mari,Марина Горбунова-Ëлкина,2022-12-28T02:17:40Z
1289697,кӱдыр,und,"","",,Eastern Mari,Марина Горбунова-Ëлкина,2022-12-28T02:17:56Z
8010,курныж,und,"","",,Eastern Mari,Марина Горбунова-Ëлкина,2022-12-28T02:18:14Z
8000,чаҥа,und,"","",,Eastern Mari,Марина Горбунова-Ëлкина,2022-12-28T02:18:46Z
7347,турий,und,"","",,Eastern Mari,Марина Горбунова-Ëлкина,2022-12-28T02:19:01Z
13695,вырляҥге,und,"","",,Eastern Mari,Марина Горбунова-Ëлкина,2022-12-28T02:19:17Z
804,пулдырчо,und,"","",,Eastern Mari,Марина Горбунова-Ëлкина,2022-12-28T02:19:36Z
6930,ирлудо,und,"","",,Eastern Mari,Марина Горбунова-Ëлкина,2022-12-28T02:19:59Z
4857,кӱседык,und,"","",,Eastern Mari,Марина Горбунова-Ëлкина,2022-12-28T02:20:14Z
7018,кайыккомбо,und,"","",,Eastern Mari,Марина Горбунова-Ëлкина,2022-12-28T02:20:26Z
7006,комбо,und,"","",,Eastern Mari,Марина Горбунова-Ëлкина,2022-12-28T02:20:49Z
1026,сузо,und,"","",,Eastern Mari,Марина Горбунова-Ëлкина,2022-12-28T02:21:06Z
10411,важыкумша,und,"","",,Eastern Mari,Марина Горбунова-Ëлкина,2022-12-28T02:21:48Z
558443,музо,und,"","",,Eastern Mari,Марина Горбунова-Ëлкина,2022-12-28T02:22:05Z
6930,кайыклудо,und,"","",,Eastern Mari,Марина Горбунова-Ëлкина,2022-12-28T02:22:24Z
204556,ӱжӱвӱр,und,"","",,Eastern Mari,Марина Горбунова-Ëлкина,2022-12-28T02:22:44Z
20059,овдакайык,und,"","",,Eastern Mari,Марина Горбунова-Ëлкина,2022-12-28T02:28:20Z
7018,иркомбо,und,"","",,Eastern Mari,Марина Горбунова-Ëлкина,2022-12-28T02:28:36Z
443,карш,und,"","",,Eastern Mari,Марина Горбунова-Ëлкина,2022-12-28T02:28:56Z
558634,коршаҥгыгайык,und,"","",,Eastern Mari,Марина Горбунова-Ëлкина,2022-12-28T02:29:15Z
5074,пӱркыт,und,"","",,Eastern Mari,Марина Горбунова-Ëлкина,2022-12-28T02:29:41Z
7429,ильывуй,und,"","",,Eastern Mari,Марина Горбунова-Ëлкина,2022-12-28T02:30:07Z
13094,эҥыжгайык,und,"","",,Eastern Mari,Марина Горбунова-Ëлкина,2022-12-28T02:30:36Z
144510,трäк,und,"","",,Eastern Mari,Марина Горбунова-Ëлкина,2022-12-28T02:31:04Z
10411,важыкнер,und,"","",,Eastern Mari,Марина Горбунова-Ëлкина,2022-12-28T02:31:24Z
10070,пембе,und,"","",,Eastern Mari,Марина Горбунова-Ëлкина,2022-12-28T02:31:38Z
20059,ӱҥгӧ,und,"","",,Eastern Mari,Марина Горбунова-Ëлкина,2022-12-28T02:32:13Z
144510,трӓк,und,"","",,Eastern Mari,Марина Горбунова-Ëлкина,2022-12-28T02:32:54Z
7429,упшанкайык,und,"","",,Eastern Mari,Марина Горбунова-Ëлкина,2022-12-28T02:38:56Z
14824,унчылигиса,und,"","",,Eastern Mari,Марина Горбунова-Ëлкина,2022-12-28T02:39:09Z
204556,сарш ӱшпык,und,"","",,Eastern Mari,Марина Горбунова-Ëлкина,2022-12-28T02:39:41Z
12705,лого,und,"","",,Eastern Mari,Марина Горбунова-Ëлкина,2022-12-28T02:40:02Z
6638,пучыре,und,"","",,Eastern Mari,Марина Горбунова-Ëлкина,2022-12-28T02:41:18Z
8010,курныжгорак,und,"","",,Eastern Mari,Марина Горбунова-Ëлкина,2022-12-28T02:41:36Z
145303,казыля,und,"","",,Eastern Mari,Марина Горбунова-Ëлкина,2022-12-28T02:42:04Z
17835,шемшиште,und,"","",,Eastern Mari,Марина Горбунова-Ëлкина,2022-12-28T02:42:22Z
201282,вӱдчыве,und,"","",,Eastern Mari,Марина Горбунова-Ëлкина,2022-12-28T02:44:14Z
8088,купш ӱльӧ,und,"","",,Eastern Mari,Марина Горбунова-Ëлкина,2022-12-28T02:45:18Z
19848,пӧрткайыквараш,und,"","",,Eastern Mari,Марина Горбунова-Ëлкина,2022-12-28T02:45:33Z
3931,курмызак,und,"","",,Eastern Mari,Марина Горбунова-Ëлкина,2022-12-28T02:45:56Z
318836,юмынтага,und,"","",,Eastern Mari,Марина Горбунова-Ëлкина,2022-12-28T02:46:10Z
9639,печегайык,und,"","",,Eastern Mari,Марина Горбунова-Ëлкина,2022-12-28T02:46:29Z
2599,кугынер,und,"","",,Eastern Mari,Марина Горбунова-Ëлкина,2022-12-28T02:46:44Z
11941,мландевараксим,und,"","",,Eastern Mari,Марина Горбунова-Ëлкина,2022-12-28T02:47:03Z
20372,тумнавараш,und,"","",,Eastern Mari,Марина Горбунова-Ëлкина,2022-12-28T02:47:16Z
7429,упшвуянкайык,und,"","",,Eastern Mari,Марина Горбунова-Ëлкина,2022-12-28T02:47:42Z
17835,керге,und,"","",,Eastern Mari,Марина Горбунова-Ëлкина,2022-12-28T02:47:55Z
144830,упшвуянкиса,und,"","",,Eastern Mari,Марина Горбунова-Ëлкина,2022-12-28T02:48:10Z
20969,шалавуй,und,"","",,Eastern Mari,Марина Горбунова-Ëлкина,2022-12-28T02:48:44Z
10411,кадырнер,und,"","",,Eastern Mari,Марина Горбунова-Ëлкина,2022-12-28T02:48:58Z
144510,колшыре,und,"","",,Eastern Mari,Марина Горбунова-Ëлкина,2022-12-28T02:49:11Z
17599,пучӱҥгышӧкайык,und,"","",,Eastern Mari,Марина Горбунова-Ëлкина,2022-12-28T02:49:48Z
10070,пембекиса,und,"","",,Eastern Mari,Марина Горбунова-Ëлкина,2022-12-28T02:50:02Z
5033,вӱдӱшкыж,und,"","",,Eastern Mari,Марина Горбунова-Ëлкина,2022-12-28T02:50:16Z
7429,поланкайык,und,"","",,Eastern Mari,Марина Горбунова-Ëлкина,2022-12-28T02:51:12Z
558634,кынегайык,und,"","",,Eastern Mari,Марина Горбунова-Ëлкина,2022-12-28T02:51:25Z
145363,нужгайык,und,"","",,Eastern Mari,Марина Горбунова-Ëлкина,2022-12-28T02:57:40Z
831,ирчыве,und,"","",,Eastern Mari,Марина Горбунова-Ëлкина,2022-12-28T02:57:55Z
5108,кугывараш,und,"","",,Eastern Mari,Марина Горбунова-Ëлкина,2022-12-28T02:58:13Z
12716,шемлого,und,"","",,Eastern Mari,Марина Горбунова-Ëлкина,2022-12-28T02:58:41Z
7429,выле-выле,und,"","",,Eastern Mari,Марина Горбунова-Ëлкина,2022-12-28T02:59:01Z
6937,пырткӓлудо,und,"","",,Eastern Mari,Марина Горбунова-Ëлкина,2022-12-28T02:59:23Z
831,пасумузо,und,"","",,Eastern Mari,Марина Горбунова-Ëлкина,2022-12-28T02:59:48Z
13858,сарси,und,"","",,Eastern Mari,Марина Горбунова-Ëлкина,2022-12-28T03:00:52Z
14824,шопкекайык,und,"","",,Eastern Mari,Марина Горбунова-Ëлкина,2022-12-28T03:01:07Z
5074,куткыж,und,"","",,Eastern Mari,Марина Горбунова-Ëлкина,2022-12-28T03:01:27Z
793469,кожгазыля,und,"","",,Eastern Mari,Марина Горбунова-Ëлкина,2022-12-28T03:02:30Z
145363,кӱчыкпоч,und,"","",,Eastern Mari,Марина Горбунова-Ëлкина,2022-12-28T03:09:02Z
559064,сурвараш,und,"","",,Eastern Mari,Марина Горбунова-Ëлкина,2022-12-28T03:09:18Z
19898,суртумна,und,"","",,Eastern Mari,Марина Горбунова-Ëлкина,2022-12-28T03:10:08Z
7429,шелде,und,"","",,Eastern Mari,Марина Горбунова-Ëлкина,2022-12-28T03:10:30Z
7429,тӱканкайык,und,"","",,Eastern Mari,Марина Горбунова-Ëлкина,2022-12-28T03:10:39Z
3017,кеде,und,"","",,Eastern Mari,Марина Горбунова-Ëлкина,2022-12-28T03:11:11Z
4638,тӱлеген,und,"","",,Eastern Mari,Марина Горбунова-Ëлкина,2022-12-28T03:11:31Z
9195,шурнывоч,und,"","",,Eastern Mari,Марина Горбунова-Ëлкина,2022-12-28T03:11:48Z
318836,тагагайык,und,"","",,Eastern Mari,Марина Горбунова-Ëлкина,2022-12-28T03:12:07Z
9801,пурсагайык,und,"","",,Eastern Mari,Марина Горбунова-Ëлкина,2022-12-28T03:12:21Z
472766,кылкивараш,und,"","",,Eastern Mari,Марина Горбунова-Ëлкина,2022-12-28T03:12:36Z
10070,ушменкайык,und,"","",,Eastern Mari,Марина Горбунова-Ëлкина,2022-12-28T03:12:53Z
12992,тулгайык,und,"","",,Eastern Mari,Марина Горбунова-Ëлкина,2022-12-28T03:13:10Z
12705,олмагочшокайык,und,"","",,Eastern Mari,Марина Горбунова-Ëлкина,2022-12-28T03:13:29Z
2599,колгайык,und,"","",,Eastern Mari,Марина Горбунова-Ëлкина,2022-12-28T03:13:45Z
4954,чарлаҥге,und,"","",,Eastern Mari,Марина Горбунова-Ëлкина,2022-12-28T03:13:57Z
5173,колегукшо,und,"","",,Eastern Mari,Марина Горбунова-Ëлкина,2022-12-28T03:14:11Z
558443,чодрамузо,und,"","",,Eastern Mari,Марина Горбунова-Ëлкина,2022-12-28T03:14:23Z
2938,тургеде,und,"","",,Eastern Mari,Марина Горбунова-Ëлкина,2022-12-28T03:14:37Z
13695,чывызик,und,"","",,Eastern Mari,Марина Горбунова-Ëлкина,2022-12-28T03:14:55Z
18448,аҥагайык,und,"","",,Eastern Mari,Марина Горбунова-Ëлкина,2022-12-28T03:15:10Z
117016,апшаткайык,und,"","",,Eastern Mari,Марина Горбунова-Ëлкина,2022-12-28T03:16:27Z
144757,лудыгорак,und,"","",,Eastern Mari,Марина Горбунова-Ëлкина,2022-12-28T03:16:59Z
201282,купчыве,und,"","",,Eastern Mari,Марина Горбунова-Ëлкина,2022-12-28T03:17:12Z
144243,уленшиште,und,"","",,Eastern Mari,Марина Горбунова-Ëлкина,2022-12-28T03:17:39Z
204094,кӱркалудо,und,"","",,Eastern Mari,Марина Горбунова-Ëлкина,2022-12-28T03:17:55Z
14824,унчыливуйкиса,und,"","",,Eastern Mari,Марина Горбунова-Ëлкина,2022-12-28T03:18:10Z
9195,шӱльыгайык,und,"","",,Eastern Mari,Марина Горбунова-Ëлкина,2022-12-28T03:18:31Z
472766,колягайык,und,"","",,Eastern Mari,Марина Горбунова-Ëлкина,2022-12-28T03:18:45Z
11941,эҥервараксим,und,"","",,Eastern Mari,Марина Горбунова-Ëлкина,2022-12-28T03:19:03Z
7429,ӓкӓянкайык,und,"","",,Eastern Mari,Марина Горбунова-Ëлкина,2022-12-28T03:19:46Z
13711,висагайык,und,"","",,Eastern Mari,Марина Горбунова-Ëлкина,2022-12-28T03:20:10Z
10411,урлудо,und,"","",,Eastern Mari,Марина Горбунова-Ëлкина,2022-12-28T03:20:25Z
204472,шалеҥге,und,"","",,Eastern Mari,Марина Горбунова-Ëлкина,2022-12-28T03:43:52Z
12707,пызлыгайык,und,"","",,Eastern Mari,Марина Горбунова-Ëлкина,2022-12-28T03:44:26Z
9398,коршаҥгывуйкайык,und,"","",,Eastern Mari,Марина Горбунова-Ëлкина,2022-12-28T03:44:40Z
5108,чывывараш,und,"","",,Eastern Mari,Марина Горбунова-Ëлкина,2022-12-28T03:45:02Z
4954,мыгыльшÿй,und,"","",,Eastern Mari,Марина Горбунова-Ëлкина,2022-12-28T03:45:22Z
6937,претка,und,"","",,Eastern Mari,Марина Горбунова-Ëлкина,2022-12-28T03:45:35Z
20359,пардаштумна,und,"","",,Eastern Mari,Марина Горбунова-Ëлкина,2022-12-28T03:46:01Z
12735,кугулого,und,"","",,Eastern Mari,Марина Горбунова-Ëлкина,2022-12-28T03:46:19Z
20059,овдатумна,und,"","",,Eastern Mari,Марина Горбунова-Ëлкина,2022-12-28T03:46:36Z
13695,чывызык,und,"","",,Eastern Mari,Марина Горбунова-Ëлкина,2022-12-28T03:46:55Z
524794,немыччыве,und,"","",,Eastern Mari,Марина Горбунова-Ëлкина,2022-12-28T03:47:26Z
12749,изилого,und,"","",,Eastern Mari,Марина Горбунова-Ëлкина,2022-12-28T03:48:11Z
418222,корактуара,und,"","",,Eastern Mari,Марина Горбунова-Ëлкина,2022-12-28T03:50:46Z
133005,коракшоптыр,und,"","",,Eastern Mari,Марина Горбунова-Ëлкина,2022-12-28T03:51:22Z
52471,коракпурса,und,"","",,Eastern Mari,Марина Горбунова-Ëлкина,2022-12-28T03:51:47Z
124544,коракпуч,und,"","",,Eastern Mari,Марина Горбунова-Ëлкина,2022-12-28T03:52:30Z
127860,корак вуй,und,"","",,Eastern Mari,Марина Горбунова-Ëлкина,2022-12-28T03:52:58Z
55819,комбочапа,und,"","",,Eastern Mari,Марина Горбунова-Ëлкина,2022-12-28T03:53:31Z
55819,комбойолшудо,und,"","",,Eastern Mari,Марина Горбунова-Ëлкина,2022-12-28T03:53:44Z
158615,комбыйол,und,"","",,Eastern Mari,Марина Горбунова-Ëлкина,2022-12-28T03:54:11Z
158615,комбойол,und,"","",,Eastern Mari,Марина Горбунова-Ëлкина,2022-12-28T03:54:23Z
158615,комбычапа,und,"","",,Eastern Mari,Марина Горбунова-Ëлкина,2022-12-28T03:54:31Z
56224,комбо татай,und,"","",,Eastern Mari,Марина Горбунова-Ëлкина,2022-12-28T03:55:16Z
56224,комбо тӓтӓй,und,"","",,Eastern Mari,Марина Горбунова-Ëлкина,2022-12-28T03:55:31Z
42048,Пире,und,"","",,Eastern Mari,Марина Горбунова-Ëлкина,2023-03-10T18:38:12Z
