id,vernacularName,language,locality,countryCode,source,lexicon,contributor,created
76341,Lakus,und,Taiwan,TW,,Bunun,Cheng-Tao Lin,2019-11-05T06:59:17Z
6912,abu-abu,und,"","",,Bunun,anneliese merrigan,2020-09-20T00:19:59Z
47144,asu,und,"","",,Bunun,anneliese merrigan,2020-09-20T00:22:22Z
122767,babalu,und,"","",,Bunun,anneliese merrigan,2020-09-20T00:23:29Z
324492,babu,und,"","",,Bunun,anneliese merrigan,2020-09-20T00:24:48Z
120479,dauluhudhud,und,"","",,Bunun,anneliese merrigan,2020-09-20T00:26:44Z
74113,hanvangdanghas,und,"","",,Bunun,anneliese merrigan,2020-09-20T00:28:00Z
524794,huluhuluh,und,"","",,Bunun,anneliese merrigan,2020-09-20T00:29:28Z
143506,kaiku,und,"","",,Bunun,anneliese merrigan,2020-09-20T00:30:42Z
123070,sidi,und,"","",,Bunun,anneliese merrigan,2020-09-20T00:31:44Z
505478,tulkuk,und,"","",,Bunun,anneliese merrigan,2020-09-20T00:32:50Z
47336,ahlua,und,"","",,Bunun,anneliese merrigan,2020-09-20T00:35:21Z
7998,ak-aak,und,"","",,Bunun,anneliese merrigan,2020-09-20T00:37:07Z
44705,aluaz,und,"","",,Bunun,anneliese merrigan,2020-09-20T00:39:14Z
43142,autuk,und,"","",,Bunun,anneliese merrigan,2020-09-20T00:41:32Z
40268,aval,und,"","",,Bunun,anneliese merrigan,2020-09-20T00:42:33Z
61860,babangu,und,"","",,Bunun,anneliese merrigan,2020-09-20T00:45:17Z
42134,babutakilimun,und,"","",,Bunun,anneliese merrigan,2020-09-20T00:46:25Z
54328,bahusaz,und,"","",,Bunun,anneliese merrigan,2020-09-20T00:47:56Z
53667,baksaaz,und,"","",,Bunun,anneliese merrigan,2020-09-20T00:49:11Z
47157,balikuan,und,"","",,Bunun,anneliese merrigan,2020-09-20T00:50:03Z
358855,balinuhaz,und,"","",,Bunun,anneliese merrigan,2020-09-20T00:51:30Z
42210,banaan,und,"","",,Bunun,anneliese merrigan,2020-09-20T00:52:08Z
43692,banbantangia,und,"","",,Bunun,anneliese merrigan,2020-09-20T00:53:29Z
125819,buhultaki,und,"","",,Bunun,anneliese merrigan,2020-09-20T00:54:50Z
371057,cikcik,und,"","",,Bunun,anneliese merrigan,2020-09-20T00:55:52Z
472799,cikulas,und,"","",,Bunun,anneliese merrigan,2020-09-20T00:56:47Z
30492,cintataku,und,"","",,Bunun,anneliese merrigan,2020-09-20T00:58:26Z
39913,dauludaulu,und,"","",,Bunun,anneliese merrigan,2020-09-20T00:59:47Z
13851,dulpin,und,"","",,Bunun,anneliese merrigan,2020-09-20T02:27:46Z
49556,hahapis,und,"","",,Bunun,anneliese merrigan,2020-09-20T02:28:48Z
204524,haipis,und,"","",,Bunun,anneliese merrigan,2020-09-20T02:29:28Z
47651,haludung,und,"","",,Bunun,anneliese merrigan,2020-09-20T02:33:12Z
776827,halum,und,"","",,Bunun,anneliese merrigan,2020-09-20T02:34:27Z
11853,halusing,und,"","",,Bunun,anneliese merrigan,2020-09-20T02:37:14Z
75053,hanvang,und,"","",,Bunun,anneliese merrigan,2020-09-20T02:38:33Z
39913,hasipa,und,"","",,Bunun,anneliese merrigan,2020-09-20T02:40:18Z
81769,hatabang,und,"","",,Bunun,anneliese merrigan,2020-09-20T02:41:08Z
30685,havit,und,"","",,Bunun,anneliese merrigan,2020-09-20T02:42:14Z
3,hazam,und,"","",,Bunun,anneliese merrigan,2020-09-20T02:43:09Z
92957,huvaisaz,und,"","",,Bunun,anneliese merrigan,2020-09-20T02:44:04Z
413842,ishuus,und,"","",,Bunun,anneliese merrigan,2020-09-20T02:45:30Z
413842,iskil,und,"","",,Bunun,anneliese merrigan,2020-09-20T02:46:11Z
19350,ithuu,und,"","",,Bunun,anneliese merrigan,2020-09-20T02:47:04Z
85553,ivut,und,"","",,Bunun,anneliese merrigan,2020-09-20T02:47:43Z
47158,ivutaz,und,"","",,Bunun,anneliese merrigan,2020-09-20T02:48:35Z
318724,ivutdanum,und,"","",,Bunun,anneliese merrigan,2020-09-20T02:53:58Z
492347,ivutning-av,und,"","",,Bunun,anneliese merrigan,2020-09-20T02:57:05Z
30953,ivutsanglav,und,"","",,Bunun,anneliese merrigan,2020-09-20T02:57:49Z
47584,kalada,und,"","",,Bunun,anneliese merrigan,2020-09-20T02:59:41Z
47118,katukatu,und,"","",,Bunun,anneliese merrigan,2020-09-20T03:00:18Z
20979,kavakava,und,"","",,Bunun,anneliese merrigan,2020-09-20T03:01:02Z
41963,kuknav,und,"","",,Bunun,anneliese merrigan,2020-09-20T03:04:04Z
71261,kukuav,und,"","",,Bunun,anneliese merrigan,2020-09-20T03:06:43Z
21614,kukulpa,und,"","",,Bunun,anneliese merrigan,2020-09-20T03:08:49Z
41625,kukung,und,"","",,Bunun,anneliese merrigan,2020-09-20T03:11:08Z
40268,laininataz,und,"","",,Bunun,anneliese merrigan,2020-09-20T03:12:05Z
49556,lalaus,und,"","",,Bunun,anneliese merrigan,2020-09-20T03:13:02Z
509764,langkitaz,und,"","",,Bunun,anneliese merrigan,2020-09-20T03:14:29Z
120156,liliu,und,"","",,Bunun,anneliese merrigan,2020-09-20T03:15:55Z
1158,linas,und,"","",,Bunun,anneliese merrigan,2020-09-20T03:16:39Z
47115,mumuan,und,"","",,Bunun,anneliese merrigan,2020-09-20T03:17:30Z
118552,naung,und,"","",,Bunun,anneliese merrigan,2020-09-20T03:18:20Z
75053,ngabul,und,"","",,Bunun,anneliese merrigan,2020-09-20T03:18:57Z
50190,ngingi,und,"","",,Bunun,anneliese merrigan,2020-09-20T03:19:38Z
47731,pacishuan,und,"","",,Bunun,anneliese merrigan,2020-09-20T03:20:31Z
118903,pakahuung,und,"","",,Bunun,anneliese merrigan,2020-09-20T03:21:20Z
45933,puktu,und,"","",,Bunun,anneliese merrigan,2020-09-20T03:22:37Z
45933,puthudas,und,"","",,Bunun,anneliese merrigan,2020-09-20T03:23:04Z
15156,saikvang,und,"","",,Bunun,anneliese merrigan,2020-09-20T03:24:24Z
42187,sakut,und,"","",,Bunun,anneliese merrigan,2020-09-20T03:26:38Z
47927,salinghanuaz,und,"","",,Bunun,anneliese merrigan,2020-09-20T03:28:28Z
52134,salingkitaz,und,"","",,Bunun,anneliese merrigan,2020-09-20T03:29:40Z
30953,sanglavaz,und,"","",,Bunun,anneliese merrigan,2020-09-20T03:30:33Z
74144,siditakilibus,und,"","",,Bunun,anneliese merrigan,2020-09-20T03:31:16Z
20979,sisiuh,und,"","",,Bunun,anneliese merrigan,2020-09-20T03:32:46Z
371057,sisiun,und,"","",,Bunun,anneliese merrigan,2020-09-20T03:33:39Z
46531,sunsun,und,"","",,Bunun,anneliese merrigan,2020-09-20T03:34:40Z
358855,susu-ia,und,"","",,Bunun,anneliese merrigan,2020-09-20T03:35:21Z
887384,tabukaz,und,"","",,Bunun,anneliese merrigan,2020-09-20T03:37:59Z
49083,tadangkadang,und,"","",,Bunun,anneliese merrigan,2020-09-20T03:39:44Z
42134,takilimun,und,"","",,Bunun,anneliese merrigan,2020-09-20T03:41:24Z
333586,takiluhaz,und,"","",,Bunun,anneliese merrigan,2020-09-20T03:42:01Z
20979,takula,und,"","",,Bunun,anneliese merrigan,2020-09-20T03:42:48Z
43142,takulis,und,"","",,Bunun,anneliese merrigan,2020-09-20T03:43:09Z
47224,talikuan,und,"","",,Bunun,anneliese merrigan,2020-09-20T03:43:51Z
21614,tamahudas,und,"","",,Bunun,anneliese merrigan,2020-09-20T03:44:31Z
776171,tanisi,und,"","",,Bunun,anneliese merrigan,2020-09-20T03:45:10Z
209233,tansasikis,und,"","",,Bunun,anneliese merrigan,2020-09-20T03:45:49Z
47731,tapushuan,und,"","",,Bunun,anneliese merrigan,2020-09-20T03:46:22Z
42232,tasasikiskunul,und,"","",,Bunun,anneliese merrigan,2020-09-20T03:47:25Z
41647,tumaz,und,"","",,Bunun,anneliese merrigan,2020-09-20T03:48:28Z
83204,tumbi,und,"","",,Bunun,anneliese merrigan,2020-09-20T03:49:34Z
43450,utung,und,"","",,Bunun,anneliese merrigan,2020-09-20T03:50:45Z
47221,vanu,und,"","",,Bunun,anneliese merrigan,2020-09-20T07:16:20Z
128306,babituhaz,und,"","",,Bunun,anneliese merrigan,2020-09-20T07:18:16Z
47314,iskaan-ivut,und,"","",,Bunun,anneliese merrigan,2020-09-20T07:19:41Z
187788,iskaanpais,und,"","",,Bunun,anneliese merrigan,2020-09-20T07:20:49Z
121639,kakalang,und,"","",,Bunun,anneliese merrigan,2020-09-20T07:21:20Z
107615,langhaaz,und,"","",,Bunun,anneliese merrigan,2020-09-20T07:22:30Z
49175,sasupilaz,und,"","",,Bunun,anneliese merrigan,2020-09-20T07:23:23Z
170171,abulakili,und,"","",,Bunun,anneliese merrigan,2020-09-20T07:24:35Z
180178,asik,und,"","",,Bunun,anneliese merrigan,2020-09-20T07:25:19Z
180178,asikav,und,"","",,Bunun,anneliese merrigan,2020-09-20T07:25:47Z
170171,avulakili,und,"","",,Bunun,anneliese merrigan,2020-09-20T07:26:12Z
362126,ba-ial,und,"","",,Bunun,anneliese merrigan,2020-09-20T07:27:07Z
83653,bala,und,"","",,Bunun,anneliese merrigan,2020-09-20T07:28:04Z
127861,banil,und,"","",,Bunun,anneliese merrigan,2020-09-20T07:28:38Z
122980,batakan,und,"","",,Bunun,anneliese merrigan,2020-09-20T07:29:22Z
500715,batakandaingaz,und,"","",,Bunun,anneliese merrigan,2020-09-20T07:29:54Z
607265,batakanduli,und,"","",,Bunun,anneliese merrigan,2020-09-20T07:30:44Z
774073,batakanhaul,und,"","",,Bunun,anneliese merrigan,2020-09-20T07:31:27Z
125625,bau-an,und,"","",,Bunun,anneliese merrigan,2020-09-20T07:34:14Z
162991,baul,und,"","",,Bunun,anneliese merrigan,2020-09-20T07:35:07Z
164415,bitahul,und,"","",,Bunun,anneliese merrigan,2020-09-20T07:35:55Z
53720,budngus,und,"","",,Bunun,anneliese merrigan,2020-09-20T07:36:45Z
78540,bukcau,und,"","",,Bunun,anneliese merrigan,2020-09-20T07:38:10Z
76341,dakus,und,Taiwan,TW,,Bunun,anneliese merrigan,2020-09-20T07:38:43Z
135413,dala,und,"","",,Bunun,anneliese merrigan,2020-09-20T07:39:14Z
199339,dandan,und,"","",,Bunun,anneliese merrigan,2020-09-20T07:40:24Z
774073,haul,und,"","",,Bunun,anneliese merrigan,2020-09-20T07:41:10Z
128986,huaz,und,"","",,Bunun,anneliese merrigan,2020-09-20T07:43:42Z
740663,huthutaz,und,"","",,Bunun,anneliese merrigan,2020-09-20T07:44:39Z
64237,hutmuaz,und,"","",,Bunun,anneliese merrigan,2020-09-20T07:45:31Z
622738,kalilizu,und,"","",,Bunun,anneliese merrigan,2020-09-20T07:46:35Z
68313,kancinghui,und,"","",,Bunun,anneliese merrigan,2020-09-20T07:47:27Z
774366,kangkunanan,und,"","",,Bunun,anneliese merrigan,2020-09-20T07:49:56Z
127387,kulutung,und,"","",,Bunun,anneliese merrigan,2020-09-20T07:50:34Z
287316,lacing,und,"","",,Bunun,anneliese merrigan,2020-09-20T07:51:29Z
164056,liah,und,"","",,Bunun,anneliese merrigan,2020-09-20T07:52:18Z
164056,liih,und,"","",,Bunun,anneliese merrigan,2020-09-20T07:52:30Z
159288,liiv,und,"","",,Bunun,anneliese merrigan,2020-09-20T07:54:20Z
156333,lukishanitu,und,"","",,Bunun,anneliese merrigan,2020-09-20T23:17:17Z
125625,padan,und,"","",,Bunun,anneliese merrigan,2020-09-20T23:18:16Z
48928,pahuhu,und,"","",,Bunun,anneliese merrigan,2020-09-20T23:19:49Z
56091,pakaun,und,"","",,Bunun,anneliese merrigan,2020-09-20T23:21:07Z
53808,pika,und,"","",,Bunun,anneliese merrigan,2020-09-20T23:22:34Z
160957,pupunu,und,"","",,Bunun,anneliese merrigan,2020-09-20T23:23:44Z
47562,saang,und,"","",,Bunun,anneliese merrigan,2020-09-20T23:24:55Z
49487,salapuah,und,"","",,Bunun,anneliese merrigan,2020-09-20T23:26:16Z
168884,salavsavaz,und,"","",,Bunun,anneliese merrigan,2020-09-20T23:27:15Z
622738,salingza,und,"","",,Bunun,anneliese merrigan,2020-09-20T23:28:11Z
622738,sangliza,und,"","",,Bunun,anneliese merrigan,2020-09-20T23:28:36Z
47217,sampizing,und,"","",,Bunun,anneliese merrigan,2020-09-20T23:29:23Z
47217,sanpizing,und,"","",,Bunun,anneliese merrigan,2020-09-20T23:29:40Z
154776,sizu,und,"","",,Bunun,anneliese merrigan,2020-09-20T23:30:25Z
156333,sual,und,"","",,Bunun,anneliese merrigan,2020-09-20T23:31:12Z
50203,susuluk,und,"","",,Bunun,anneliese merrigan,2020-09-20T23:32:41Z
47444,suziziu,und,"","",,Bunun,anneliese merrigan,2020-09-20T23:33:19Z
516719,talum,und,"","",,Bunun,anneliese merrigan,2020-09-20T23:35:58Z
344961,talunas,und,"","",,Bunun,anneliese merrigan,2020-09-20T23:36:38Z
170171,tangsiing,und,"","",,Bunun,anneliese merrigan,2020-09-20T23:37:14Z
54895,tuhulaz,und,"","",,Bunun,anneliese merrigan,2020-09-20T23:39:47Z
72151,uata,und,"","",,Bunun,anneliese merrigan,2020-09-20T23:41:41Z
138782,valanu,und,"","",,Bunun,anneliese merrigan,2020-09-20T23:42:46Z
57983,valihana,und,"","",,Bunun,anneliese merrigan,2020-09-20T23:44:09Z
48448,acipul,und,"","",,Bunun,anneliese merrigan,2020-09-20T23:45:31Z
122869,baat,und,"","",,Bunun,anneliese merrigan,2020-09-20T23:46:28Z
47122,bainu,und,"","",,Bunun,anneliese merrigan,2020-09-20T23:47:17Z
122889,bainukalitang,und,"","",,Bunun,anneliese merrigan,2020-09-20T23:48:14Z
122898,bainulaitaz,und,"","",,Bunun,anneliese merrigan,2020-09-20T23:48:45Z
63205,bainuPuut,und,"","",,Bunun,anneliese merrigan,2020-09-20T23:49:24Z
122885,bainustanaul,und,"","",,Bunun,anneliese merrigan,2020-09-20T23:50:36Z
575097,balangbangaz,und,"","",,Bunun,anneliese merrigan,2020-09-20T23:51:34Z
191503,bual,und,"","",,Bunun,anneliese merrigan,2020-09-20T23:54:39Z
140907,bunbun,und,"","",,Bunun,anneliese merrigan,2020-09-21T00:40:40Z
122965,bunglai,und,"","",,Bunun,anneliese merrigan,2020-09-21T00:41:16Z
464594,bunuaz,und,"","",,Bunun,anneliese merrigan,2020-09-21T00:42:01Z
357447,bunuazbusul,und,"","",,Bunun,anneliese merrigan,2020-09-21T00:42:57Z
79519,buzuu,und,"","",,Bunun,anneliese merrigan,2020-09-21T00:45:43Z
168879,cilas,und,"","",,Bunun,anneliese merrigan,2020-09-21T00:46:55Z
122971,duduk,und,"","",,Bunun,anneliese merrigan,2020-09-21T00:48:03Z
139444,halidang,und,"","",,Bunun,anneliese merrigan,2020-09-21T00:52:18Z
67679,halputzuszus,und,"","",,Bunun,anneliese merrigan,2020-09-21T00:55:47Z
78755,halup,und,"","",,Bunun,anneliese merrigan,2020-09-21T02:42:02Z
83468,halupaz,und,"","",,Bunun,anneliese merrigan,2020-09-21T02:43:12Z
78755,halupdaingaz,und,"","",,Bunun,anneliese merrigan,2020-09-21T02:49:05Z
322878,hatnga,und,"","",,Bunun,anneliese merrigan,2020-09-21T02:49:38Z
63401,huung,und,"","",,Bunun,anneliese merrigan,2020-09-21T02:53:32Z
123351,iahciiz,und,"","",,Bunun,anneliese merrigan,2020-09-21T02:55:33Z
342728,ikvuuh,und,"","",,Bunun,anneliese merrigan,2020-09-21T02:59:00Z
331122,izuk,und,"","",,Bunun,anneliese merrigan,2020-09-21T03:00:49Z
54299,izukdaing,und,"","",,Bunun,anneliese merrigan,2020-09-21T03:01:42Z
331122,izuk-ikit,und,"","",,Bunun,anneliese merrigan,2020-09-21T03:03:11Z
71992,kanciahciah,und,"","",,Bunun,anneliese merrigan,2020-09-21T03:05:52Z
48872,kangavas,und,"","",,Bunun,anneliese merrigan,2020-09-21T03:06:56Z
57140,kantumaz,und,"","",,Bunun,anneliese merrigan,2020-09-21T03:09:00Z
50813,kulkulaz,und,"","",,Bunun,anneliese merrigan,2020-09-21T03:10:00Z
54919,kut-ahun,und,"","",,Bunun,anneliese merrigan,2020-09-21T03:10:58Z
122885,lai-an,und,"","",,Bunun,anneliese merrigan,2020-09-21T03:11:24Z
62859,lapat,und,"","",,Bunun,anneliese merrigan,2020-09-21T03:13:30Z
331124,libuung,und,"","",,Bunun,anneliese merrigan,2020-09-21T03:14:15Z
121943,li'li,und,"","",,Bunun,anneliese merrigan,2020-09-21T03:15:26Z
322878,linbu,und,"","",,Bunun,anneliese merrigan,2020-09-21T03:16:28Z
191503,lingkiing,und,"","",,Bunun,anneliese merrigan,2020-09-21T03:17:00Z
708697,liskuz,und,"","",,Bunun,anneliese merrigan,2020-09-21T03:17:49Z
76949,litu,und,"","",,Bunun,anneliese merrigan,2020-09-21T03:18:15Z
122902,luhu,und,"","",,Bunun,anneliese merrigan,2020-09-21T03:19:13Z
48514,mahav,und,"","",,Bunun,anneliese merrigan,2020-09-21T03:19:40Z
69973,makasma,und,"","",,Bunun,anneliese merrigan,2020-09-21T03:20:39Z
51737,matumatu,und,"","",,Bunun,anneliese merrigan,2020-09-21T03:22:47Z
57156,mugi,und,"","",,Bunun,anneliese merrigan,2020-09-21T23:28:28Z
851551,mukun,und,"","",,Bunun,anneliese merrigan,2020-09-21T23:29:20Z
55366,mumulas,und,"","",,Bunun,anneliese merrigan,2020-09-22T00:11:57Z
285850,nadaz,und,"","",,Bunun,anneliese merrigan,2020-09-22T00:12:27Z
119793,nasi,und,"","",,Bunun,anneliese merrigan,2020-09-22T00:13:23Z
63190,nasuvi,und,"","",,Bunun,anneliese merrigan,2020-09-22T00:14:17Z
61381,paaz,und,"","",,Bunun,anneliese merrigan,2020-09-22T00:15:16Z
774822,pa-isaz,und,"","",,Bunun,anneliese merrigan,2020-09-22T00:16:05Z
160874,panada,und,"","",,Bunun,anneliese merrigan,2020-09-22T00:16:46Z
48475,pasihaidus,und,"","",,Bunun,anneliese merrigan,2020-09-22T00:17:43Z
146816,pulavazcipluh,und,"","",,Bunun,anneliese merrigan,2020-09-22T01:05:08Z
122860,pulavazpatas,und,"","",,Bunun,anneliese merrigan,2020-09-22T01:07:08Z
122849,pulavazsakiling,und,"","",,Bunun,anneliese merrigan,2020-09-22T01:08:46Z
122850,pulavaztahdung,und,"","",,Bunun,anneliese merrigan,2020-09-22T01:10:38Z
322878,pusuh,und,"","",,Bunun,anneliese merrigan,2020-09-22T01:11:26Z
62811,salitung,und,"","",,Bunun,anneliese merrigan,2020-09-22T03:44:08Z
75363,salu,und,"","",,Bunun,anneliese merrigan,2020-09-22T03:49:17Z
119793,salvi,und,"","",,Bunun,anneliese merrigan,2020-09-22T03:50:39Z
361864,sanglavduhlas,und,"","",,Bunun,anneliese merrigan,2020-09-22T03:52:10Z
79141,sanglavhudu,und,"","",,Bunun,anneliese merrigan,2020-09-22T03:53:47Z
64241,sanglavpais,und,"","",,Bunun,anneliese merrigan,2020-09-22T03:54:59Z
79141,sanglavtataku,und,"","",,Bunun,anneliese merrigan,2020-09-22T03:55:44Z
52326,sanglavvina,und,"","",,Bunun,anneliese merrigan,2020-09-22T03:56:34Z
83108,saviki,und,"","",,Bunun,anneliese merrigan,2020-09-22T03:57:15Z
128270,sibus,und,"","",,Bunun,anneliese merrigan,2020-09-22T03:57:43Z
69973,sikia,und,"","",,Bunun,anneliese merrigan,2020-09-22T08:06:05Z
70054,sikua,und,"","",,Bunun,anneliese merrigan,2020-09-22T08:06:39Z
67594,sinapsakut,und,"","",,Bunun,anneliese merrigan,2020-09-22T08:07:46Z
70054,suika,und,"","",,Bunun,anneliese merrigan,2020-09-22T08:09:07Z
162972,tabakai,und,"","",,Bunun,anneliese merrigan,2020-09-22T08:10:40Z
122835,tai,und,"","",,Bunun,anneliese merrigan,2020-09-22T08:11:43Z
239653,tamana,und,"","",,Bunun,anneliese merrigan,2020-09-22T08:12:10Z
357425,tana,und,"","",,Bunun,anneliese merrigan,2020-09-22T08:13:52Z
122343,tangavaz,und,"","",,Bunun,anneliese merrigan,2020-09-22T08:14:30Z
283076,tangkui,und,"","",,Bunun,anneliese merrigan,2020-09-22T08:14:57Z
54919,tangkuikut-ahun,und,"","",,Bunun,anneliese merrigan,2020-09-22T08:16:29Z
61369,tangkuipais,und,"","",,Bunun,anneliese merrigan,2020-09-22T08:17:10Z
322878,tapuzui,und,"","",,Bunun,anneliese merrigan,2020-09-22T08:18:06Z
123454,taublasdanghas,und,"","",,Bunun,anneliese merrigan,2020-09-22T08:20:44Z
51446,tukisu,und,"","",,Bunun,anneliese merrigan,2020-09-22T08:21:22Z
51737,tumatu,und,"","",,Bunun,anneliese merrigan,2020-09-22T08:22:20Z
62941,utan,und,"","",,Bunun,anneliese merrigan,2020-09-22T08:22:51Z
119141,utanbauna,und,"","",,Bunun,anneliese merrigan,2020-09-22T08:23:33Z
165138,utanlukis,und,"","",,Bunun,anneliese merrigan,2020-09-22T08:24:24Z
63190,viih,und,"","",,Bunun,anneliese merrigan,2020-09-22T08:25:03Z
469472,pingku,und,"","",https://www.inaturalist.org/taxon_names/2244541/edit,Bunun,,2021-07-30T01:52:16Z
1004655,laingsaz,und,"","",,Bunun,anneliese merrigan,2022-10-22T15:03:23Z
1423577,auk-auk,und,"","",https://www.inaturalist.org/taxon_names/2241562/edit,Bunun,,2022-10-26T22:10:28Z
866390,halput,und,"","",https://www.inaturalist.org/taxon_names/2243435/edit,Bunun,,2023-03-17T00:57:34Z
866390,tangkuihalput,und,"","",https://www.inaturalist.org/taxon_names/2244720/edit,Bunun,,2023-03-17T00:57:34Z
995125,taublas,und,"","",https://www.inaturalist.org/taxon_names/2244724/edit,Bunun,Dmitriy Bochkov,2024-03-27T02:49:14Z
181685,suum,und,"","",,Bunun,Kevin Faccenda,2024-04-17T01:54:25Z
