id,vernacularName,language,locality,countryCode,source,lexicon,contributor,created
244698,Vaca,und,"","",http://www.catalogueoflife.org/annual-checklist/2012/details/species/id/10057965/common/216054,Fijian,,2013-04-18T02:32:35Z
57814,Vaca,und,"","",http://www.catalogueoflife.org/annual-checklist/2012/details/species/id/10072575/common/238057,Fijian,sea-kangaroo,2013-04-18T02:33:20Z
120614,Vaca,und,"","",http://www.catalogueoflife.org/annual-checklist/2012/details/species/id/10072939/common/160436,Fijian,Ken-ichi Ueda,2013-04-18T02:33:21Z
130052,Vaca,und,"","",http://www.catalogueoflife.org/annual-checklist/2012/details/species/id/10073202/common/170432,Fijian,Ken-ichi Ueda,2013-04-18T02:33:22Z
101906,Vaca,und,"","",http://www.catalogueoflife.org/annual-checklist/2012/details/species/id/10078475/common/221920,Fijian,Ken-ichi Ueda,2013-04-18T02:33:23Z
114252,Vaca,und,"","",http://www.catalogueoflife.org/annual-checklist/2012/details/species/id/10085422/common/82651,Fijian,Ken-ichi Ueda,2013-04-18T02:33:24Z
120659,tina,und,"","",http://www.catalogueoflife.org/annual-checklist/details/species/id/10071766/common/126942,Fijian,Donald Davesne,2017-08-30T07:05:57Z
529428,tina,und,"","",http://www.catalogueoflife.org/annual-checklist/details/species/id/10069170/common/168543,Fijian,,2017-08-30T07:05:58Z
94400,tina,und,"","",http://www.catalogueoflife.org/annual-checklist/details/species/id/10068940/common/170211,Fijian,,2017-08-30T07:05:58Z
487373,tina,und,"","",http://www.catalogueoflife.org/annual-checklist/details/species/id/10069232/common/168153,Fijian,,2017-08-30T07:05:58Z
153276,tina,und,"","",http://www.catalogueoflife.org/annual-checklist/details/species/id/10071765/common/126957,Fijian,,2017-08-30T07:05:59Z
516050,tina,und,"","",http://www.catalogueoflife.org/annual-checklist/details/species/id/10069169/common/168558,Fijian,,2017-08-30T07:05:59Z
196845,tina,und,"","",http://www.catalogueoflife.org/annual-checklist/details/species/id/10071760/common/126994,Fijian,,2017-08-30T07:06:41Z
529458,tina,und,"","",http://www.catalogueoflife.org/annual-checklist/details/species/id/10069218/common/168240,Fijian,,2017-08-30T07:06:42Z
153277,tina,und,"","",http://www.catalogueoflife.org/annual-checklist/details/species/id/10071746/common/127122,Fijian,,2017-08-30T07:06:43Z
194784,tina,und,"","",http://www.catalogueoflife.org/annual-checklist/details/species/id/10069159/common/168632,Fijian,,2017-08-30T07:06:43Z
424865,tina,und,"","",http://www.catalogueoflife.org/annual-checklist/details/species/id/10069206/common/168349,Fijian,Victor HOYEAU,2017-08-30T07:06:43Z
194782,tina,und,"","",http://www.catalogueoflife.org/annual-checklist/details/species/id/10069152/common/168686,Fijian,,2017-08-30T07:06:44Z
529429,tina,und,"","",http://www.catalogueoflife.org/annual-checklist/details/species/id/10069174/common/168494,Fijian,,2017-08-30T07:06:45Z
451143,tina,und,"","",http://www.catalogueoflife.org/annual-checklist/details/species/id/10068978/common/169924,Fijian,,2017-08-30T07:06:45Z
451142,tina,und,"","",http://www.catalogueoflife.org/annual-checklist/details/species/id/10069266/common/167981,Fijian,,2017-08-30T07:06:45Z
194783,tina,und,"","",http://www.catalogueoflife.org/annual-checklist/details/species/id/10069148/common/168754,Fijian,,2017-08-30T07:06:46Z
525411,tina,und,"","",http://www.catalogueoflife.org/annual-checklist/details/species/id/10069173/common/168522,Fijian,,2017-08-30T07:06:46Z
194757,tina,und,"","",http://www.catalogueoflife.org/annual-checklist/details/species/id/10069258/common/168039,Fijian,,2017-08-30T07:06:47Z
529473,tina,und,"","",http://www.catalogueoflife.org/annual-checklist/details/species/id/10069140/common/168807,Fijian,,2017-12-21T20:07:11Z
520823,tina,und,"","",http://www.catalogueoflife.org/annual-checklist/details/species/id/10069009/common/169627,Fijian,,2017-12-21T20:10:16Z
523374,tina,und,"","",http://www.catalogueoflife.org/annual-checklist/details/species/id/10069231/common/168180,Fijian,,2017-12-21T22:36:42Z
3,Manumanu vuka,und,"","",,Fijian,John E. Christensen,2017-12-22T21:58:01Z
117459,Mama,und,"","",http://www.catalogueoflife.org/annual-checklist/details/species/id/10076052/common/71754,Fijian,Donald Davesne,2018-02-28T00:07:42Z
132385,Mama,und,"","",http://www.catalogueoflife.org/annual-checklist/details/species/id/10076021/common/73430,Fijian,,2018-02-28T00:07:42Z
47336,Qasikalolo,und,"","",,Fijian,John E. Christensen,2018-11-01T16:29:22Z
121943,Balabala,und,"","",,Fijian,Kuruvitu Siva,2018-11-01T22:47:59Z
47157,Bebe,und,"","",,Fijian,John E. Christensen,2018-11-23T08:52:44Z
529450,tina,und,"","",http://www.catalogueoflife.org/annual-checklist/details/species/id/10069049/common/169377,Fijian,,2019-01-31T18:39:23Z
896389,tina,und,"","",,Fijian,Mark Rosenstein,2019-06-02T03:28:41Z
505478,Toa,und,"","",,Fijian,John E. Christensen,2019-11-19T14:13:38Z
69675,Yatu,und,"","",http://www.catalogueoflife.org/annual-checklist/details/species/id/10072977/common/107339,Fijian,,2020-10-11T23:03:03Z
56943,Yatu,und,"","",http://www.catalogueoflife.org/annual-checklist/details/species/id/10072945/common/110056,Fijian,,2020-10-11T23:03:03Z
182584,Yatu,und,"","",http://www.catalogueoflife.org/annual-checklist/details/species/id/10072944/common/110112,Fijian,Donald Davesne,2020-10-11T23:03:03Z
120615,Yatu,und,"","",http://www.catalogueoflife.org/annual-checklist/details/species/id/10072938/common/110453,Fijian,Donald Davesne,2020-10-11T23:03:03Z
102066,drividrivi,und,"","",http://www.catalogueoflife.org/annual-checklist/details/species/id/10076374/common/58892,Fijian,,2021-07-13T12:44:50Z
102044,drividrivi,und,"","",http://www.catalogueoflife.org/annual-checklist/details/species/id/10076349/common/59341,Fijian,,2021-07-13T12:44:50Z
58467,drividrivi,und,"","",http://www.catalogueoflife.org/annual-checklist/details/species/id/10076606/common/93912,Fijian,,2021-07-13T12:44:50Z
49492,drividrivi,und,"","",http://www.catalogueoflife.org/annual-checklist/details/species/id/10076585/common/94447,Fijian,,2021-07-13T12:44:51Z
102075,drividrivi,und,"","",http://www.catalogueoflife.org/annual-checklist/details/species/id/10076383/common/58814,Fijian,,2021-07-13T12:44:51Z
102045,drividrivi,und,"","",http://www.catalogueoflife.org/annual-checklist/details/species/id/10076351/common/59292,Fijian,,2021-07-13T12:44:51Z
113990,drividrivi,und,"","",http://www.catalogueoflife.org/annual-checklist/details/species/id/10076611/common/93852,Fijian,,2021-07-13T12:44:52Z
67963,drividrivi,und,"","",http://www.catalogueoflife.org/annual-checklist/details/species/id/10076593/common/94336,Fijian,,2021-07-13T12:44:52Z
102088,drividrivi,und,"","",http://www.catalogueoflife.org/annual-checklist/details/species/id/10076400/common/58585,Fijian,,2021-07-13T12:44:52Z
102055,drividrivi,und,"","",http://www.catalogueoflife.org/annual-checklist/details/species/id/10076361/common/59157,Fijian,,2021-07-13T12:44:52Z
113980,drividrivi,und,"","",http://www.catalogueoflife.org/annual-checklist/details/species/id/10076599/common/94183,Fijian,,2021-07-13T12:44:53Z
113202,drividrivi,und,"","",http://www.catalogueoflife.org/annual-checklist/details/species/id/10076555/common/152074,Fijian,,2021-07-13T12:44:53Z
102056,drividrivi,und,"","",http://www.catalogueoflife.org/annual-checklist/details/species/id/10076362/common/59096,Fijian,,2021-07-13T12:44:54Z
113981,drividrivi,und,"","",http://www.catalogueoflife.org/annual-checklist/details/species/id/10076600/common/94104,Fijian,,2021-07-13T12:44:54Z
113206,drividrivi,und,"","",http://www.catalogueoflife.org/annual-checklist/details/species/id/10076559/common/152023,Fijian,,2021-07-13T12:44:54Z
102059,drividrivi,und,"","",http://www.catalogueoflife.org/annual-checklist/details/species/id/10076365/common/59019,Fijian,Donald Davesne,2021-07-13T12:44:54Z
113983,drividrivi,und,"","",http://www.catalogueoflife.org/annual-checklist/details/species/id/10076602/common/94065,Fijian,,2021-07-13T12:44:55Z
113207,drividrivi,und,"","",http://www.catalogueoflife.org/annual-checklist/details/species/id/10076560/common/152018,Fijian,,2021-07-13T12:44:55Z
52315,qio,und,"","",http://www.catalogueoflife.org/annual-checklist/details/species/id/10055387/common/130611,Fijian,,2021-07-13T16:45:28Z
84996,Qio,und,"","",http://www.catalogueoflife.org/annual-checklist/details/species/id/10055550/common/130045,Fijian,Victor HOYEAU,2021-07-13T16:45:29Z
84996,qio tovuto,und,"","",http://www.catalogueoflife.org/annual-checklist/details/species/id/10055550/common/130046,Fijian,Victor HOYEAU,2021-07-13T16:45:40Z
100111,'Avu,und,"","",http://www.catalogueoflife.org/annual-checklist/details/species/id/10073135/common/42212,Fijian,Victor HOYEAU,2021-07-15T12:11:38Z
100111,Kavu,und,"","",http://www.catalogueoflife.org/annual-checklist/details/species/id/10073135/common/42181,Fijian,Victor HOYEAU,2021-07-15T12:11:49Z
84095,nuqa roro,und,"","",http://www.catalogueoflife.org/annual-checklist/details/species/id/10073508/common/101532,Fijian,Victor HOYEAU,2021-07-16T15:07:30Z
180396,nuqa roro,und,"","",http://www.catalogueoflife.org/annual-checklist/details/species/id/10073511/common/101279,Fijian,,2021-07-16T15:07:30Z
180398,nuqa roro,und,"","",http://www.catalogueoflife.org/annual-checklist/details/species/id/10073531/common/100261,Fijian,,2021-07-16T15:07:31Z
491538,Reve,und,"","",http://www.catalogueoflife.org/annual-checklist/details/species/id/10071877/common/136845,Fijian,,2021-07-16T15:08:23Z
491538,Uruuru,und,"","",http://www.catalogueoflife.org/annual-checklist/details/species/id/10071877/common/136846,Fijian,,2021-07-16T15:08:35Z
35327,vokai,und,"","",,Fijian,Zane Roskoph,2021-07-16T17:06:03Z
35327,saumuri,und,"","",,Fijian,Zane Roskoph,2021-07-16T17:06:29Z
35328,saumuri,und,"","",,Fijian,Zane Roskoph,2021-07-16T17:08:11Z
35328,vokai,und,"","",,Fijian,Zane Roskoph,2021-07-16T17:08:26Z
52188,Dakuwaqa,und,"","",,Fijian,Zane Roskoph,2021-07-19T11:38:58Z
67971,vai dina,und,"","",http://www.catalogueoflife.org/annual-checklist/details/species/id/10078380/common/265817,Fijian,,2021-07-19T14:55:28Z
67971,Vai,und,"","",,Fijian,Zane Roskoph,2021-07-19T14:55:41Z
111716,Nn,und,"","",,Fijian,Zane Roskoph,2021-07-20T15:51:53Z
102580,ilava ki vuaka,und,"","",http://www.catalogueoflife.org/annual-checklist/details/species/id/10076406/common/171780,Fijian,,2021-07-27T15:59:16Z
52508,ilava ki vuaka,und,"","",http://www.catalogueoflife.org/annual-checklist/details/species/id/10076322/common/200248,Fijian,,2021-07-27T15:59:16Z
102579,ilava ki vuaka,und,"","",http://www.catalogueoflife.org/annual-checklist/details/species/id/10076405/common/171840,Fijian,Donald Davesne,2021-07-27T15:59:17Z
121193,dridri,und,"","",http://www.catalogueoflife.org/annual-checklist/details/species/id/10066662/common/54594,Fijian,,2021-07-27T16:05:39Z
187279,dridri,und,"","",http://www.catalogueoflife.org/annual-checklist/details/species/id/10066678/common/143607,Fijian,,2021-07-27T16:05:40Z
121194,Dridri,und,"","",http://www.catalogueoflife.org/annual-checklist/details/species/id/10066663/common/54514,Fijian,,2021-07-27T16:05:40Z
187280,dridri,und,"","",http://www.catalogueoflife.org/annual-checklist/details/species/id/10066679/common/143584,Fijian,,2021-07-27T16:05:40Z
132410,dridri,und,"","",http://www.catalogueoflife.org/annual-checklist/details/species/id/10066664/common/54456,Fijian,,2021-07-27T16:05:41Z
180389,Dridri,und,"","",http://www.catalogueoflife.org/annual-checklist/details/species/id/10066683/common/143544,Fijian,,2021-07-27T16:05:41Z
187002,dridri,und,"","",http://www.catalogueoflife.org/annual-checklist/details/species/id/10066665/common/54402,Fijian,,2021-07-27T16:05:41Z
135283,Dridri,und,"","",http://www.catalogueoflife.org/annual-checklist/details/species/id/10066658/common/54830,Fijian,Victor HOYEAU,2021-07-27T16:05:42Z
187282,dridri,und,"","",http://www.catalogueoflife.org/annual-checklist/details/species/id/10066685/common/143441,Fijian,,2021-07-27T16:05:42Z
121704,Dridri,und,"","",http://www.catalogueoflife.org/annual-checklist/details/species/id/10066667/common/54351,Fijian,,2021-07-27T16:05:42Z
132409,Dridri,und,"","",http://www.catalogueoflife.org/annual-checklist/details/species/id/10066660/common/54727,Fijian,,2021-07-27T16:05:43Z
153279,dridri,und,"","",http://www.catalogueoflife.org/annual-checklist/details/species/id/10066669/common/54261,Fijian,,2021-07-27T16:05:43Z
123392,Cumu,und,"","",http://www.catalogueoflife.org/annual-checklist/details/species/id/10084941/common/227912,Fijian,Donald Davesne,2021-07-27T16:29:18Z
196902,cumu,und,"","",http://www.catalogueoflife.org/annual-checklist/details/species/id/10085236/common/205984,Fijian,,2021-07-27T16:29:19Z
196870,Cumu,und,"","",http://www.catalogueoflife.org/annual-checklist/details/species/id/10084949/common/206379,Fijian,,2021-07-27T16:29:19Z
121576,cumu,und,"","",http://www.catalogueoflife.org/annual-checklist/details/species/id/10084960/common/134705,Fijian,,2021-07-27T16:29:19Z
52465,cumu,und,"","",http://www.catalogueoflife.org/annual-checklist/details/species/id/10084961/common/134631,Fijian,,2021-07-27T16:29:20Z
113450,cumu,und,"","",http://www.catalogueoflife.org/annual-checklist/details/species/id/10084962/common/134571,Fijian,,2021-07-27T16:29:20Z
154282,cumu,und,"","",http://www.catalogueoflife.org/annual-checklist/details/species/id/10084940/common/227967,Fijian,,2021-07-27T16:29:20Z
196903,cumu,und,"","",http://www.catalogueoflife.org/annual-checklist/details/species/id/10085234/common/205999,Fijian,,2021-07-27T16:29:21Z
98501,koli ni wai,und,"","",http://www.catalogueoflife.org/annual-checklist/details/species/id/10076283/common/142233,Fijian,,2021-07-27T16:53:21Z
102899,koli ni wai,und,"","",http://www.catalogueoflife.org/annual-checklist/details/species/id/10076408/common/200551,Fijian,,2021-07-27T16:53:21Z
94016,koli ni wai,und,"","",http://www.catalogueoflife.org/annual-checklist/details/species/id/10076137/common/200161,Fijian,,2021-07-27T16:53:22Z
95827,koli ni wai,und,"","",http://www.catalogueoflife.org/annual-checklist/details/species/id/10076169/common/125125,Fijian,,2021-07-27T16:53:22Z
97178,daliga ragutu,und,"","",http://www.catalogueoflife.org/annual-checklist/details/species/id/10069780/common/30288,Fijian,,2021-07-27T17:42:39Z
97209,daliga ragutu,und,"","",http://www.catalogueoflife.org/annual-checklist/details/species/id/10069816/common/29537,Fijian,,2021-07-27T17:42:39Z
97160,daliga ragutu,und,"","",http://www.catalogueoflife.org/annual-checklist/details/species/id/10069758/common/30694,Fijian,,2021-07-27T17:42:40Z
97194,daliga ragutu,und,"","",http://www.catalogueoflife.org/annual-checklist/details/species/id/10069799/common/29926,Fijian,,2021-07-27T17:42:40Z
52454,daliga ragutu,und,"","",http://www.catalogueoflife.org/annual-checklist/details/species/id/10069789/common/30117,Fijian,,2021-07-27T17:42:40Z
48747,daliga ragutu,und,"","",http://www.catalogueoflife.org/annual-checklist/details/species/id/10069817/common/29487,Fijian,,2021-07-27T17:42:40Z
97167,daliga ragutu,und,"","",http://www.catalogueoflife.org/annual-checklist/details/species/id/10069767/common/30576,Fijian,,2021-07-27T17:42:41Z
52457,daliga ragutu,und,"","",http://www.catalogueoflife.org/annual-checklist/details/species/id/10069740/common/31111,Fijian,max kirsch,2021-07-27T17:42:41Z
97198,daliga ragutu,und,"","",http://www.catalogueoflife.org/annual-checklist/details/species/id/10069804/common/29836,Fijian,,2021-07-27T17:42:41Z
97188,daliga ragutu,und,"","",http://www.catalogueoflife.org/annual-checklist/details/species/id/10069792/common/30073,Fijian,,2021-07-27T17:42:42Z
100990,daliga ragutu,und,"","",http://www.catalogueoflife.org/annual-checklist/details/species/id/10069830/common/204720,Fijian,,2021-07-27T17:42:42Z
47316,daliga ragutu,und,"","",http://www.catalogueoflife.org/annual-checklist/details/species/id/10069772/common/30472,Fijian,,2021-07-27T17:42:43Z
97146,daliga ragutu,und,"","",http://www.catalogueoflife.org/annual-checklist/details/species/id/10069743/common/31011,Fijian,,2021-07-27T17:42:43Z
97201,daliga ragutu,und,"","",http://www.catalogueoflife.org/annual-checklist/details/species/id/10069807/common/29770,Fijian,,2021-07-27T17:42:43Z
97190,daliga ragutu,und,"","",http://www.catalogueoflife.org/annual-checklist/details/species/id/10069794/common/30047,Fijian,,2021-07-27T17:42:44Z
100991,daliga ragutu,und,"","",http://www.catalogueoflife.org/annual-checklist/details/species/id/10069831/common/204667,Fijian,,2021-07-27T17:42:44Z
97174,daliga ragutu,und,"","",http://www.catalogueoflife.org/annual-checklist/details/species/id/10069776/common/30358,Fijian,,2021-07-27T17:42:44Z
97147,daliga ragutu,und,"","",http://www.catalogueoflife.org/annual-checklist/details/species/id/10069744/common/30986,Fijian,,2021-07-27T17:42:45Z
97207,daliga ragutu,und,"","",http://www.catalogueoflife.org/annual-checklist/details/species/id/10069813/common/29689,Fijian,,2021-07-27T17:42:45Z
97192,daliga ragutu,und,"","",http://www.catalogueoflife.org/annual-checklist/details/species/id/10069796/common/30000,Fijian,,2021-07-27T17:42:45Z
97176,daliga ragutu,und,"","",http://www.catalogueoflife.org/annual-checklist/details/species/id/10069778/common/30319,Fijian,,2021-07-27T17:42:46Z
97150,daliga ragutu,und,"","",http://www.catalogueoflife.org/annual-checklist/details/species/id/10069748/common/30879,Fijian,Donald Davesne,2021-07-27T17:42:46Z
97208,daliga ragutu,und,"","",http://www.catalogueoflife.org/annual-checklist/details/species/id/10069815/common/29573,Fijian,,2021-07-27T17:42:47Z
97193,daliga ragutu,und,"","",http://www.catalogueoflife.org/annual-checklist/details/species/id/10069797/common/29970,Fijian,,2021-07-27T17:42:47Z
132411,Balagi titobu,und,"","",http://www.catalogueoflife.org/annual-checklist/details/species/id/10066645/common/55303,Fijian,Victor HOYEAU,2021-07-27T18:02:07Z
135283,Balagi titobu,und,"","",http://www.catalogueoflife.org/annual-checklist/details/species/id/10066658/common/54863,Fijian,Victor HOYEAU,2021-07-27T18:02:07Z
186996,Balagi titobu,und,"","",http://www.catalogueoflife.org/annual-checklist/details/species/id/10066644/common/55321,Fijian,,2021-07-27T18:02:08Z
135283,dridri oriori,und,"","",http://www.catalogueoflife.org/annual-checklist/details/species/id/10066658/common/54829,Fijian,Victor HOYEAU,2021-07-27T18:02:11Z
132411,Balagi,und,"","",http://www.catalogueoflife.org/annual-checklist/details/species/id/10066645/common/55306,Fijian,Victor HOYEAU,2021-07-27T18:02:12Z
132410,Balagi,und,"","",http://www.catalogueoflife.org/annual-checklist/details/species/id/10066664/common/54471,Fijian,,2021-07-27T18:02:12Z
121597,balagi,und,"","",http://www.catalogueoflife.org/annual-checklist/details/species/id/10066649/common/55180,Fijian,,2021-07-27T18:02:12Z
121704,Balagi,und,"","",http://www.catalogueoflife.org/annual-checklist/details/species/id/10066667/common/54366,Fijian,,2021-07-27T18:02:13Z
123529,Balagi,und,"","",http://www.catalogueoflife.org/annual-checklist/details/species/id/10066653/common/55040,Fijian,Victor HOYEAU,2021-07-27T18:02:13Z
132366,Balagi,und,"","",http://www.catalogueoflife.org/annual-checklist/details/species/id/10066677/common/54043,Fijian,,2021-07-27T18:02:14Z
135283,Balagi,und,"","",http://www.catalogueoflife.org/annual-checklist/details/species/id/10066658/common/54864,Fijian,Victor HOYEAU,2021-07-27T18:02:15Z
186995,Balagi,und,"","",http://www.catalogueoflife.org/annual-checklist/details/species/id/10066642/common/55384,Fijian,,2021-07-27T18:02:15Z
135283,Dridri yalayala,und,"","",http://www.catalogueoflife.org/annual-checklist/details/species/id/10066658/common/54828,Fijian,Victor HOYEAU,2021-07-27T18:02:17Z
180389,Balagi,und,"","",http://www.catalogueoflife.org/annual-checklist/details/species/id/10066683/common/143559,Fijian,,2021-07-27T18:02:22Z
132409,Balagi,und,"","",http://www.catalogueoflife.org/annual-checklist/details/species/id/10066660/common/54750,Fijian,,2021-07-27T18:02:22Z
186996,Balagi,und,"","",http://www.catalogueoflife.org/annual-checklist/details/species/id/10066644/common/55318,Fijian,,2021-07-27T18:02:22Z
121194,Balagi,und,"","",http://www.catalogueoflife.org/annual-checklist/details/species/id/10066663/common/54526,Fijian,,2021-07-27T18:02:23Z
135283,Ika loa volavola,und,"","",http://www.catalogueoflife.org/annual-checklist/details/species/id/10066658/common/54817,Fijian,Victor HOYEAU,2021-07-27T18:02:34Z
135283,Itasi,und,"","",,Fijian,Zane Roskoph,2021-07-27T18:02:54Z
135283,Jila,und,"","",http://www.catalogueoflife.org/annual-checklist/details/species/id/10066658/common/54812,Fijian,,2021-07-27T18:03:17Z
121194,Jila,und,"","",http://www.catalogueoflife.org/annual-checklist/details/species/id/10066663/common/54504,Fijian,,2021-07-27T18:03:17Z
121704,Jila,und,"","",http://www.catalogueoflife.org/annual-checklist/details/species/id/10066667/common/54340,Fijian,,2021-07-27T18:03:18Z
130879,Jila,und,"","",http://www.catalogueoflife.org/annual-checklist/details/species/id/10066707/common/228099,Fijian,Mark Rosenstein,2021-07-27T18:03:18Z
135283,Meto vol avola,und,"","",http://www.catalogueoflife.org/annual-checklist/details/species/id/10066658/common/54795,Fijian,,2021-07-27T18:03:21Z
135283,Oriori,und,"","",,Fijian,Zane Roskoph,2021-07-27T18:03:37Z
135283,Poroha,und,"","",http://www.catalogueoflife.org/annual-checklist/details/species/id/10066658/common/54782,Fijian,,2021-07-27T18:03:47Z
135283,Tila,und,"","",,Fijian,Zane Roskoph,2021-07-27T18:04:04Z
63597,Labe,und,"","",,Fijian,Zane Roskoph,2021-07-27T19:23:19Z
123529,Ika via,und,"","",http://www.catalogueoflife.org/annual-checklist/details/species/id/10066653/common/55029,Fijian,Victor HOYEAU,2021-07-28T13:04:55Z
424818,Ika via,und,"","",http://www.catalogueoflife.org/annual-checklist/details/species/id/10066720/common/55482,Fijian,,2021-07-28T13:04:56Z
121658,Jivijivi,und,"","",http://www.catalogueoflife.org/annual-checklist/details/species/id/10066705/common/7932,Fijian,,2021-07-28T13:05:22Z
106624,Jivijivi,und,"","",http://www.catalogueoflife.org/annual-checklist/details/species/id/10066706/common/7809,Fijian,,2021-07-28T13:05:23Z
424818,Jivijivi,und,"","",http://www.catalogueoflife.org/annual-checklist/details/species/id/10066720/common/55487,Fijian,,2021-07-28T13:05:23Z
132407,Jivijivi,und,"","",http://www.catalogueoflife.org/annual-checklist/details/species/id/10066687/common/8686,Fijian,,2021-07-28T13:05:24Z
121458,Jivijivi,und,"","",http://www.catalogueoflife.org/annual-checklist/details/species/id/10066694/common/8391,Fijian,,2021-07-28T13:05:24Z
123529,Qwaraga ni viwa,und,"","",http://www.catalogueoflife.org/annual-checklist/details/species/id/10066653/common/55006,Fijian,Victor HOYEAU,2021-07-28T13:05:40Z
424818,Qwaraga ni viwa,und,"","",http://www.catalogueoflife.org/annual-checklist/details/species/id/10066720/common/55453,Fijian,,2021-07-28T13:05:40Z
424818,Rogoceva,und,"","",http://www.catalogueoflife.org/annual-checklist/details/species/id/10066720/common/55455,Fijian,,2021-07-28T13:05:56Z
100092,rogoceva,und,"","",http://www.catalogueoflife.org/annual-checklist/details/species/id/10073114/common/43043,Fijian,,2021-07-28T13:05:57Z
424818,Via,und,"","",,Fijian,Zane Roskoph,2021-07-28T13:06:31Z
424818,Tivitivi,und,"","",http://www.catalogueoflife.org/annual-checklist/details/species/id/10066720/common/55513,Fijian,,2021-07-28T13:06:41Z
102632,tivitivi,und,"","",http://www.catalogueoflife.org/annual-checklist/details/species/id/10069837/common/193033,Fijian,,2021-07-28T13:06:41Z
52457,tivitivi,und,"","",http://www.catalogueoflife.org/annual-checklist/details/species/id/10069740/common/31068,Fijian,max kirsch,2021-07-28T13:06:42Z
102635,tivitivi,und,"","",http://www.catalogueoflife.org/annual-checklist/details/species/id/10069840/common/192950,Fijian,,2021-07-28T13:06:42Z
97157,tivitivi,und,"","",http://www.catalogueoflife.org/annual-checklist/details/species/id/10069755/common/30744,Fijian,,2021-07-28T13:06:42Z
102637,tivitivi,und,"","",http://www.catalogueoflife.org/annual-checklist/details/species/id/10069842/common/192915,Fijian,,2021-07-28T13:06:43Z
97170,tivitivi,und,"","",http://www.catalogueoflife.org/annual-checklist/details/species/id/10069770/common/30495,Fijian,,2021-07-28T13:06:43Z
102638,tivitivi,und,"","",http://www.catalogueoflife.org/annual-checklist/details/species/id/10069843/common/192871,Fijian,,2021-07-28T13:06:43Z
48747,tivitivi,und,"","",http://www.catalogueoflife.org/annual-checklist/details/species/id/10069817/common/29458,Fijian,,2021-07-28T13:06:44Z
83290,tivitivi,und,"","",http://www.catalogueoflife.org/annual-checklist/details/species/id/10072309/common/228140,Fijian,,2021-07-28T13:06:44Z
49641,Via,und,"","",,Fijian,Zane Roskoph,2021-07-28T13:40:58Z
445784,lokuca,und,"","",http://www.catalogueoflife.org/annual-checklist/details/species/id/10068415/common/178389,Fijian,,2021-07-28T23:36:07Z
424289,lokuca,und,"","",http://www.catalogueoflife.org/annual-checklist/details/species/id/10074018/common/81327,Fijian,,2021-07-28T23:36:07Z
196599,lokuca,und,"","",http://www.catalogueoflife.org/annual-checklist/details/species/id/10073679/common/94601,Fijian,,2021-07-28T23:36:07Z
318931,lokuca,und,"","",http://www.catalogueoflife.org/annual-checklist/details/species/id/10068424/common/178362,Fijian,,2021-07-28T23:36:07Z
196602,lokuca,und,"","",http://www.catalogueoflife.org/annual-checklist/details/species/id/10073681/common/94574,Fijian,,2021-07-28T23:36:08Z
445790,lokuca,und,"","",http://www.catalogueoflife.org/annual-checklist/details/species/id/10068425/common/178356,Fijian,,2021-07-28T23:36:08Z
196708,lokuca,und,"","",http://www.catalogueoflife.org/annual-checklist/details/species/id/10068395/common/189371,Fijian,,2021-07-28T23:36:08Z
196601,lokuca,und,"","",http://www.catalogueoflife.org/annual-checklist/details/species/id/10073699/common/94504,Fijian,,2021-07-28T23:36:09Z
424219,lokuca,und,"","",http://www.catalogueoflife.org/annual-checklist/details/species/id/10068428/common/178346,Fijian,,2021-07-28T23:36:09Z
445699,lokuca,und,"","",http://www.catalogueoflife.org/annual-checklist/details/species/id/10068400/common/189338,Fijian,,2021-07-28T23:36:09Z
495210,lokuca,und,"","",http://www.catalogueoflife.org/annual-checklist/details/species/id/10073716/common/63077,Fijian,,2021-07-28T23:36:09Z
98681,lokuca,und,"","",http://www.catalogueoflife.org/annual-checklist/details/species/id/10068434/common/316909,Fijian,,2021-07-28T23:36:10Z
445783,lokuca,und,"","",http://www.catalogueoflife.org/annual-checklist/details/species/id/10068412/common/178405,Fijian,,2021-07-28T23:36:10Z
451248,lokuca,und,"","",http://www.catalogueoflife.org/annual-checklist/details/species/id/10073999/common/26194,Fijian,,2021-07-28T23:36:10Z
445929,lokuca,und,"","",http://www.catalogueoflife.org/annual-checklist/details/species/id/10068489/common/116775,Fijian,,2021-07-28T23:36:11Z
49639,Kasaledamu,und,"","",http://www.catalogueoflife.org/annual-checklist/details/species/id/10073047/common/60749,Fijian,,2021-07-29T00:09:11Z
49639,'Era 'era,und,"","",,Fijian,Zane Roskoph,2021-07-29T00:29:14Z
109741,donu damu,und,"","",http://www.catalogueoflife.org/annual-checklist/details/species/id/10073360/common/201270,Fijian,,2021-07-29T00:29:43Z
109743,donu damu,und,"","",http://www.catalogueoflife.org/annual-checklist/details/species/id/10073362/common/201110,Fijian,,2021-07-29T00:29:43Z
114929,donu damu,und,"","",http://www.catalogueoflife.org/annual-checklist/details/species/id/10073504/common/202650,Fijian,,2021-07-29T00:29:43Z
114930,donu damu,und,"","",http://www.catalogueoflife.org/annual-checklist/details/species/id/10073505/common/202521,Fijian,Donald Davesne,2021-07-29T00:29:43Z
49639,donu damu,und,"","",http://www.catalogueoflife.org/annual-checklist/details/species/id/10073047/common/60773,Fijian,,2021-07-29T00:29:44Z
97003,donu damu,und,"","",http://www.catalogueoflife.org/annual-checklist/details/species/id/10073053/common/60607,Fijian,,2021-07-29T00:29:44Z
121321,ilava boto,und,"","",http://www.catalogueoflife.org/annual-checklist/details/species/id/10064622/common/52479,Fijian,,2021-07-30T19:01:15Z
83884,cumu tina ni gone,und,"","",http://www.catalogueoflife.org/annual-checklist/details/species/id/10084953/common/180667,Fijian,,2021-07-30T19:19:58Z
52449,cumu tina ni gone,und,"","",http://www.catalogueoflife.org/annual-checklist/details/species/id/10084957/common/180576,Fijian,,2021-07-30T19:19:58Z
52456,Donu,und,"","",,Fijian,Zane Roskoph,2021-07-31T23:47:21Z
52456,drudruwa,und,"","",http://www.catalogueoflife.org/annual-checklist/details/species/id/10073036/common/61460,Fijian,,2021-07-31T23:47:38Z
52456,Tekilo,und,"","",http://www.catalogueoflife.org/annual-checklist/details/species/id/10073036/common/61389,Fijian,,2021-07-31T23:48:03Z
52456,Kawakawaloa,und,"","",http://www.catalogueoflife.org/annual-checklist/details/species/id/10073036/common/61442,Fijian,,2021-07-31T23:48:15Z
52456,Ti' ilo,und,"","",http://www.catalogueoflife.org/annual-checklist/details/species/id/10073036/common/61387,Fijian,,2021-07-31T23:48:41Z
52451,Damasi ni tubalevu,und,"","",http://www.catalogueoflife.org/annual-checklist/details/species/id/10066695/common/8295,Fijian,,2021-08-03T16:07:22Z
132407,Damasi ni tubalevu,und,"","",http://www.catalogueoflife.org/annual-checklist/details/species/id/10066687/common/8702,Fijian,,2021-08-03T16:07:23Z
153281,Damasi ni tubalevu,und,"","",http://www.catalogueoflife.org/annual-checklist/details/species/id/10066688/common/8619,Fijian,,2021-08-03T16:07:23Z
83879,Damasi ni tubalevu,und,"","",http://www.catalogueoflife.org/annual-checklist/details/species/id/10066689/common/8548,Fijian,,2021-08-03T16:07:23Z
121458,Damasi ni tubalevu,und,"","",http://www.catalogueoflife.org/annual-checklist/details/species/id/10066694/common/8405,Fijian,,2021-08-03T16:07:24Z
52451,Jivijivi ni nausori,und,"","",http://www.catalogueoflife.org/annual-checklist/details/species/id/10066695/common/8278,Fijian,,2021-08-03T16:07:29Z
52451,Lewa ni tataga,und,"","",http://www.catalogueoflife.org/annual-checklist/details/species/id/10066695/common/8270,Fijian,,2021-08-03T16:07:37Z
187728,Nuqa ta,und,"","",http://www.catalogueoflife.org/annual-checklist/details/species/id/10066691/common/8447,Fijian,,2021-08-03T16:07:47Z
52451,Nuqa ta,und,"","",http://www.catalogueoflife.org/annual-checklist/details/species/id/10066695/common/8254,Fijian,,2021-08-03T16:07:47Z
187730,nuqa ta,und,"","",http://www.catalogueoflife.org/annual-checklist/details/species/id/10066696/common/8192,Fijian,,2021-08-03T16:07:48Z
52451,Sila,und,"","",,Fijian,Zane Roskoph,2021-08-03T16:08:15Z
52451,Ta,und,"","",,Fijian,Zane Roskoph,2021-08-03T16:09:19Z
187736,Ta masimasi,und,"","",http://www.catalogueoflife.org/annual-checklist/details/species/id/10066703/common/8026,Fijian,,2021-08-03T16:09:37Z
106624,Ta masimasi,und,"","",http://www.catalogueoflife.org/annual-checklist/details/species/id/10066706/common/7775,Fijian,,2021-08-03T16:09:37Z
132407,Ta masimasi,und,"","",http://www.catalogueoflife.org/annual-checklist/details/species/id/10066687/common/8655,Fijian,,2021-08-03T16:09:37Z
153281,Ta masimasi,und,"","",http://www.catalogueoflife.org/annual-checklist/details/species/id/10066688/common/8580,Fijian,,2021-08-03T16:09:38Z
83879,Ta masimasi,und,"","",http://www.catalogueoflife.org/annual-checklist/details/species/id/10066689/common/8486,Fijian,,2021-08-03T16:09:38Z
52451,Ta masimasi,und,"","",http://www.catalogueoflife.org/annual-checklist/details/species/id/10066695/common/8219,Fijian,,2021-08-03T16:09:38Z
52451,Ta nuqa,und,"","",,Fijian,Zane Roskoph,2021-08-03T16:09:45Z
52451,Ta vusaroi,und,"","",http://www.catalogueoflife.org/annual-checklist/details/species/id/10066695/common/8217,Fijian,,2021-08-03T16:09:58Z
52451,Tivitvi ni ta,und,"","",http://www.catalogueoflife.org/annual-checklist/details/species/id/10066695/common/8214,Fijian,,2021-08-03T16:10:04Z
52451,Umarei,und,"","",http://www.catalogueoflife.org/annual-checklist/details/species/id/10066695/common/8210,Fijian,,2021-08-03T16:10:10Z
196484,lebaleba lase,und,"","",http://www.catalogueoflife.org/annual-checklist/details/species/id/10076061/common/271101,Fijian,,2021-08-05T13:08:32Z
183851,Masiratu,und,"","",,Fijian,Andrés Ramírez-Barrera,2021-08-12T13:05:55Z
98503,labe senivasili,und,"","",http://www.catalogueoflife.org/annual-checklist/details/species/id/10076285/common/142162,Fijian,,2021-08-12T15:59:51Z
52323,labe senivasili,und,"","",http://www.catalogueoflife.org/annual-checklist/details/species/id/10076294/common/142034,Fijian,,2021-08-12T15:59:51Z
196768,delasiga,und,"","",http://www.catalogueoflife.org/annual-checklist/details/species/id/10079511/common/141575,Fijian,,2021-08-19T14:27:50Z
196767,delasiga,und,"","",http://www.catalogueoflife.org/annual-checklist/details/species/id/10079513/common/141573,Fijian,,2021-08-19T14:27:51Z
200853,delasiga,und,"","",http://www.catalogueoflife.org/annual-checklist/details/species/id/10079517/common/141549,Fijian,,2021-08-19T14:27:51Z
119419,delasiga,und,"","",http://www.catalogueoflife.org/annual-checklist/details/species/id/10079498/common/141683,Fijian,,2021-08-19T14:27:51Z
530799,delasiga,und,"","",http://www.catalogueoflife.org/annual-checklist/details/species/id/10079506/common/141610,Fijian,,2021-08-19T14:27:52Z
54441,bonu dakudakulauci,und,"","",http://www.catalogueoflife.org/annual-checklist/details/species/id/10053590/common/123255,Fijian,,2021-08-29T11:52:07Z
153280,saqa leka,und,"","",http://www.catalogueoflife.org/annual-checklist/details/species/id/10069945/common/133250,Fijian,,2021-08-29T13:46:30Z
153280,Saqaleka,und,"","",http://www.catalogueoflife.org/annual-checklist/details/species/id/10069945/common/133249,Fijian,,2021-08-29T13:46:39Z
153280,Saqa,und,"","",,Fijian,Zane Roskoph,2021-08-29T13:46:54Z
153280,wai ni kodrokodro,und,"","",http://www.catalogueoflife.org/annual-checklist/details/species/id/10069945/common/133226,Fijian,,2021-08-29T13:47:07Z
135270,Guru,und,"","",,Fijian,Zane Roskoph,2021-08-29T17:04:59Z
106222,Anace,und,"","",,Fijian,Zane Roskoph,2021-09-01T17:58:41Z
106222,Koto,und,"","",,Fijian,Zane Roskoph,2021-09-01T17:58:57Z
142970,Bonu,und,"","",,Fijian,Zane Roskoph,2021-09-11T18:59:12Z
121375,kabi lase,und,"","",http://www.catalogueoflife.org/annual-checklist/2012/details/species/id/9741333,Fijian,,2021-09-12T20:34:15Z
360095,tagitagikaua,und,"","",http://www.catalogueoflife.org/annual-checklist/2012/details/species/id/9741333,Fijian,,2021-09-12T20:48:54Z
199310,tagitagikaua,und,"","",http://www.catalogueoflife.org/annual-checklist/2012/details/species/id/9741333,Fijian,,2021-09-12T20:48:54Z
471233,tagitagikaua,und,"","",http://www.catalogueoflife.org/annual-checklist/2012/details/species/id/9741333,Fijian,,2021-09-12T20:48:55Z
452493,tagitagikaua,und,"","",http://www.catalogueoflife.org/annual-checklist/2012/details/species/id/9741333,Fijian,,2021-09-12T20:48:55Z
112348,tagitagikaua,und,"","",http://www.catalogueoflife.org/annual-checklist/2012/details/species/id/9741333,Fijian,,2021-09-12T20:48:55Z
196725,tagitagikaua,und,"","",http://www.catalogueoflife.org/annual-checklist/2012/details/species/id/9741333,Fijian,,2021-09-12T20:48:56Z
121673,iosi,und,"","",http://www.catalogueoflife.org/annual-checklist/2012/details/species/id/9741333,Fijian,,2021-09-12T22:27:57Z
196838,iosi,und,"","",http://www.catalogueoflife.org/annual-checklist/2012/details/species/id/9741333,Fijian,Victor HOYEAU,2021-09-12T22:27:57Z
132377,iosi,und,"","",http://www.catalogueoflife.org/annual-checklist/2012/details/species/id/9741333,Fijian,,2021-09-12T22:27:57Z
188052,iosi,und,"","",http://www.catalogueoflife.org/annual-checklist/2012/details/species/id/9741333,Fijian,,2021-09-12T22:27:58Z
122514,iosi,und,"","",http://www.catalogueoflife.org/annual-checklist/2012/details/species/id/9741333,Fijian,Donald Davesne,2021-09-12T22:27:58Z
123346,iosi,und,"","",http://www.catalogueoflife.org/annual-checklist/2012/details/species/id/9741333,Fijian,,2021-09-12T22:27:59Z
272556,iosi,und,"","",http://www.catalogueoflife.org/annual-checklist/2012/details/species/id/9741333,Fijian,,2021-09-12T22:27:59Z
122682,iosi,und,"","",http://www.catalogueoflife.org/annual-checklist/2012/details/species/id/9741333,Fijian,,2021-09-12T22:28:00Z
131234,iosi,und,"","",http://www.catalogueoflife.org/annual-checklist/2012/details/species/id/9741333,Fijian,,2021-09-12T22:28:00Z
132375,iosi,und,"","",http://www.catalogueoflife.org/annual-checklist/2012/details/species/id/9741333,Fijian,,2021-09-12T22:28:01Z
69858,Lati ni daveta,und,"","",http://www.catalogueoflife.org/annual-checklist/2012/details/species/id/9741333,Fijian,,2021-09-13T12:35:17Z
69859,Lati ni daveta,und,"","",http://www.catalogueoflife.org/annual-checklist/2012/details/species/id/9741333,Fijian,,2021-09-13T12:35:17Z
94416,lati ni daveta,und,"","",http://www.catalogueoflife.org/annual-checklist/2012/details/species/id/9741333,Fijian,,2021-09-13T12:35:18Z
84181,lati ni daveta,und,"","",http://www.catalogueoflife.org/annual-checklist/2012/details/species/id/9741333,Fijian,,2021-09-13T12:35:18Z
110019,lati ni daveta,und,"","",http://www.catalogueoflife.org/annual-checklist/2012/details/species/id/9741333,Fijian,,2021-09-13T12:35:18Z
111389,lati ni daveta,und,"","",http://www.catalogueoflife.org/annual-checklist/2012/details/species/id/9741333,Fijian,,2021-09-13T12:35:19Z
132407,Omeome,und,"","",http://www.catalogueoflife.org/annual-checklist/2012/details/species/id/9741333,Fijian,,2021-09-15T23:26:46Z
83879,Omeome,und,"","",http://www.catalogueoflife.org/annual-checklist/2012/details/species/id/9741333,Fijian,,2021-09-15T23:26:47Z
121458,Omeome,und,"","",http://www.catalogueoflife.org/annual-checklist/2012/details/species/id/9741333,Fijian,,2021-09-15T23:26:47Z
132407,Ta masi,und,"","",http://www.catalogueoflife.org/annual-checklist/2012/details/species/id/9741333,Fijian,,2021-09-15T23:27:01Z
83879,Ta masi,und,"","",http://www.catalogueoflife.org/annual-checklist/2012/details/species/id/9741333,Fijian,,2021-09-15T23:27:01Z
83879,Ta ume,und,"","",http://www.catalogueoflife.org/annual-checklist/2012/details/species/id/9741333,Fijian,,2021-09-15T23:27:52Z
121658,Ta ume,und,"","",http://www.catalogueoflife.org/annual-checklist/2012/details/species/id/9741333,Fijian,,2021-09-15T23:27:52Z
83879,To mahimahi,und,"","",,Fijian,Zane Roskoph,2021-09-15T23:28:21Z
132411,Balagi nawa,und,"","",http://www.catalogueoflife.org/annual-checklist/2012/details/species/id/9741333,Fijian,Victor HOYEAU,2021-09-17T19:12:43Z
132409,Balagi nawa,und,"","",http://www.catalogueoflife.org/annual-checklist/2012/details/species/id/9741333,Fijian,,2021-09-17T19:12:43Z
132366,Balagi nawa,und,"","",http://www.catalogueoflife.org/annual-checklist/2012/details/species/id/9741333,Fijian,,2021-09-17T19:12:43Z
186996,Balagi nawa,und,"","",http://www.catalogueoflife.org/annual-checklist/2012/details/species/id/9741333,Fijian,,2021-09-17T19:12:43Z
132366,Iakere,und,"","",http://www.catalogueoflife.org/annual-checklist/2012/details/species/id/9741333,Fijian,,2021-09-17T19:12:56Z
47257,walu ni bogi,und,"","",http://www.catalogueoflife.org/annual-checklist/2012/details/species/id/9741333,Fijian,,2021-09-20T00:20:00Z
47257,Wau,und,"","",,Fijian,Zane Roskoph,2021-09-20T00:20:22Z
47257,Wahoo,und,"","",,Fijian,Zane Roskoph,2021-09-20T00:20:37Z
112130,soqo,und,"","",http://www.catalogueoflife.org/annual-checklist/2012/details/species/id/9741333,Fijian,,2021-09-25T14:50:33Z
112145,soqo,und,"","",http://www.catalogueoflife.org/annual-checklist/2012/details/species/id/9741333,Fijian,,2021-09-25T14:50:33Z
68025,soqo,und,"","",http://www.catalogueoflife.org/annual-checklist/2012/details/species/id/9741333,Fijian,,2021-09-25T14:50:34Z
83297,soqo,und,"","",http://www.catalogueoflife.org/annual-checklist/2012/details/species/id/9741333,Fijian,,2021-09-25T14:50:34Z
97097,soqo,und,"","",http://www.catalogueoflife.org/annual-checklist/2012/details/species/id/9741333,Fijian,,2021-09-25T14:50:34Z
112167,soqo,und,"","",http://www.catalogueoflife.org/annual-checklist/2012/details/species/id/9741333,Fijian,,2021-09-25T14:50:35Z
49930,soqo,und,"","",http://www.catalogueoflife.org/annual-checklist/2012/details/species/id/9741333,Fijian,,2021-09-25T14:50:35Z
124906,kalavo kawakawa,und,"","",http://www.catalogueoflife.org/annual-checklist/2012/details/species/id/9741333,Fijian,,2021-09-29T00:37:58Z
196936,kalavo kawakawa,und,"","",http://www.catalogueoflife.org/annual-checklist/2012/details/species/id/9741333,Fijian,,2021-09-29T00:37:58Z
153278,kalavo kawakawa,und,"","",http://www.catalogueoflife.org/annual-checklist/2012/details/species/id/9741333,Fijian,,2021-09-29T00:37:58Z
97004,dela bulewa,und,"","",http://www.catalogueoflife.org/annual-checklist/2012/details/species/id/9741333,Fijian,,2021-10-09T16:07:19Z
97005,dela bulewa,und,"","",http://www.catalogueoflife.org/annual-checklist/2012/details/species/id/9741333,Fijian,,2021-10-09T16:07:20Z
47578,bika vatu,und,"","",http://www.catalogueoflife.org/annual-checklist/2012/details/species/id/9741333,Fijian,,2021-10-10T18:53:17Z
67658,bika vatu,und,"","",http://www.catalogueoflife.org/annual-checklist/2012/details/species/id/9741333,Fijian,,2021-10-10T18:53:18Z
119398,bika vatu,und,"","",http://www.catalogueoflife.org/annual-checklist/2012/details/species/id/9741333,Fijian,,2021-10-10T18:53:18Z
52478,bika vatu,und,"","",http://www.catalogueoflife.org/annual-checklist/2012/details/species/id/9741333,Fijian,,2021-10-10T18:53:19Z
194622,bika vatu,und,"","",http://www.catalogueoflife.org/annual-checklist/2012/details/species/id/9741333,Fijian,,2021-10-10T18:53:19Z
196936,Sumusumu,und,"","",http://www.catalogueoflife.org/annual-checklist/2012/details/species/id/9741333,Fijian,,2021-10-16T16:15:14Z
415123,Sumusumu,und,"","",http://www.catalogueoflife.org/annual-checklist/2012/details/species/id/9741333,Fijian,,2021-10-16T16:15:14Z
49498,Ravi,und,"","",,Fijian,Zane Roskoph,2021-10-17T14:30:08Z
47251,Dulutoga,und,"","",http://www.catalogueoflife.org/annual-checklist/2012/details/species/id/9741333,Fijian,,2021-10-17T23:06:55Z
179870,Dulutoga,und,"","",http://www.catalogueoflife.org/annual-checklist/2012/details/species/id/9741333,Fijian,,2021-10-17T23:06:56Z
47251,Ogo,und,"","",,Fijian,Zane Roskoph,2021-10-17T23:07:30Z
47251,Toutou,und,"","",http://www.catalogueoflife.org/annual-checklist/2012/details/species/id/9741333,Fijian,,2021-10-17T23:07:44Z
182586,toutou,und,"","",http://www.catalogueoflife.org/annual-checklist/2012/details/species/id/9741333,Fijian,,2021-10-17T23:07:44Z
136601,toutou,und,"","",http://www.catalogueoflife.org/annual-checklist/2012/details/species/id/9741333,Fijian,,2021-10-17T23:07:44Z
97308,drau ni kura,und,"","",http://www.catalogueoflife.org/annual-checklist/2012/details/species/id/9741333,Fijian,,2021-10-29T23:13:24Z
97310,drau ni kura,und,"","",http://www.catalogueoflife.org/annual-checklist/2012/details/species/id/9741333,Fijian,,2021-10-29T23:13:25Z
97311,drau ni kura,und,"","",http://www.catalogueoflife.org/annual-checklist/2012/details/species/id/9741333,Fijian,,2021-10-29T23:13:26Z
108076,drau ni kura,und,"","",http://www.catalogueoflife.org/annual-checklist/2012/details/species/id/9741333,Fijian,,2021-10-29T23:13:26Z
108081,drau ni kura,und,"","",http://www.catalogueoflife.org/annual-checklist/2012/details/species/id/9741333,Fijian,,2021-10-29T23:13:27Z
97307,drau ni kura,und,"","",http://www.catalogueoflife.org/annual-checklist/2012/details/species/id/9741333,Fijian,,2021-10-29T23:13:27Z
49269,sokisoki,und,"","",http://www.catalogueoflife.org/annual-checklist/2012/details/species/id/9741333,Fijian,Małgorzata Śliż,2021-11-07T23:36:07Z
52313,Sokisoki,und,"","",http://www.catalogueoflife.org/annual-checklist/2012/details/species/id/9741333,Fijian,Victor HOYEAU,2021-11-07T23:36:07Z
123268,sokisoki,und,"","",http://www.catalogueoflife.org/annual-checklist/2012/details/species/id/9741333,Fijian,,2021-11-07T23:36:07Z
81498,Labe,und,"","",,Fijian,Zane Roskoph,2021-12-04T06:46:26Z
105063,Labe,und,"","",,Fijian,Zane Roskoph,2021-12-04T14:22:27Z
334657,mamau,und,"","",http://www.catalogueoflife.org/annual-checklist/2012/details/species/id/9741333,Fijian,,2021-12-04T14:56:34Z
471636,mamau,und,"","",http://www.catalogueoflife.org/annual-checklist/2012/details/species/id/9741333,Fijian,Donald Davesne,2021-12-04T14:56:34Z
319762,mamau,und,"","",http://www.catalogueoflife.org/annual-checklist/2012/details/species/id/9741333,Fijian,,2021-12-04T14:56:35Z
122514,iosi damu,und,"","",http://www.catalogueoflife.org/annual-checklist/2012/details/species/id/9741333,Fijian,Donald Davesne,2021-12-06T00:12:25Z
447759,Guru,und,"","",,Fijian,Zane Roskoph,2021-12-24T16:55:54Z
325535,Guru,und,"","",,Fijian,Zane Roskoph,2021-12-24T17:05:01Z
181026,Guru,und,"","",,Fijian,Zane Roskoph,2021-12-24T17:14:42Z
121661,ucurua,und,"","",http://www.catalogueoflife.org/annual-checklist/2012/details/species/id/9741333,Fijian,,2021-12-28T15:36:05Z
199600,ucurua,und,"","",http://www.catalogueoflife.org/annual-checklist/2012/details/species/id/9741333,Fijian,,2021-12-28T15:36:06Z
144017,kalavo ni vutia,und,"","",http://www.catalogueoflife.org/annual-checklist/2012/details/species/id/9741333,Fijian,,2022-01-06T00:59:56Z
196935,kalavo ni vutia,und,"","",http://www.catalogueoflife.org/annual-checklist/2012/details/species/id/9741333,Fijian,,2022-01-06T00:59:57Z
136848,Drautabua,und,"","",,Fijian,Cole Gaerber,2022-02-23T19:55:48Z
1316799,tina,und,"","",http://www.catalogueoflife.org/annual-checklist/details/species/id/10069268/common/167965,Fijian,,2022-03-08T17:14:20Z
1316901,Delasiga,und,"","",https://www.inaturalist.org/taxon_names/2820124/edit,Fijian,Kieran H,2022-03-15T23:12:32Z
1360058,saqa leka,und,"","",http://www.catalogueoflife.org/annual-checklist/details/species/id/10069931/common/131050,Fijian,,2022-05-12T17:07:11Z
20526,Ositereji,und,"","",,Fijian,Johan Devos,2023-02-28T22:26:17Z
1500635,tivitivi,und,"","",http://www.catalogueoflife.org/annual-checklist/details/species/id/10069836/common/193077,Fijian,Victor HOYEAU,2023-10-05T02:15:10Z
