id,vernacularName,language,locality,countryCode,source,lexicon,contributor,created
41808,Weasel,und,Isle of Man,IM,,Manx English Dialect,David Bellamy,2018-01-18T09:08:51Z
628190,Weasel,und,"","",,Manx English Dialect,David Bellamy,2018-01-19T21:07:10Z
55759,Fairy Flower,und,Isle of Man,IM,,Manx English Dialect,David Bellamy,2019-01-06T18:41:32Z
765394,Tramman,und,Isle of Man,IM,,Manx English Dialect,David Bellamy,2019-01-06T18:45:00Z
44576,Longtail,und,"","",,Manx English Dialect,R.Fisher,2019-09-02T20:44:39Z
44576,Queerfella,und,"","",,Manx English Dialect,David Bellamy,2019-09-12T20:06:10Z
44576,Joey,und,"","",,Manx English Dialect,David Bellamy,2019-09-12T20:07:18Z
44576,Ringie,und,Isle of Man,IM,,Manx English Dialect,David Bellamy,2020-01-16T00:43:54Z
52775,Bumbee,und,Isle of Man,IM,,Manx English Dialect,David Bellamy,2020-01-16T00:46:27Z
228496,Coalie,und,Isle of Man,IM,,Manx English Dialect,David Bellamy,2020-01-16T00:47:22Z
324563,King Scallop,und,Isle of Man,IM,,Manx English Dialect,David Bellamy,2021-03-13T11:31:21Z
60603,Kiark-varrey,und,"","",,Manx English Dialect,Zane Roskoph,2021-09-19T14:55:41Z
130408,Emerald damselfly,und,Isle of Man,IM,,Manx English Dialect,David Bellamy,2022-09-05T20:24:05Z
93434,Common Hawker,und,Isle of Man,IM,,Manx English Dialect,David Bellamy,2022-09-05T20:26:50Z
94043,Emperor Dragonfly,und,Isle of Man,IM,,Manx English Dialect,David Bellamy,2022-09-05T20:28:53Z
57443,Four-spotted Chaser,und,Isle of Man,IM,,Manx English Dialect,David Bellamy,2022-09-05T20:30:15Z
113503,Black Darter,und,Isle of Man,IM,,Manx English Dialect,David Bellamy,2022-09-05T20:31:40Z
113507,Red-veined Darter,und,Isle of Man,IM,,Manx English Dialect,David Bellamy,2022-09-05T20:32:48Z
51556,Darters,und,Isle of Man,IM,,Manx English Dialect,David Bellamy,2022-09-05T20:38:19Z
101176,Tope (Gobbagh rangagh),und,Isle of Man,IM,,Manx English Dialect,David Bellamy,2022-09-18T00:26:26Z
942779,Bent (Marram Grass),und,"","",https://www.inaturalist.org/taxon_names/3106599/edit,Manx English Dialect,,2023-11-19T23:38:14Z
