id,vernacularName,language,locality,countryCode,source,lexicon,contributor,created
107887,Pale,und,"","",http://www.catalogueoflife.org/annual-checklist/details/species/id/10067862/common/187176,Bemba,,2015-10-27T08:21:42Z
103023,Manda,und,"","",,Bemba,Zane Roskoph,2021-07-16T15:51:25Z
103023,Mcheni,und,"","",,Bemba,Zane Roskoph,2021-07-16T15:51:46Z
102692,Sampa,und,"","",http://www.catalogueoflife.org/annual-checklist/details/species/id/10082217/common/185241,Bemba,,2021-07-19T16:44:10Z
102692,Vundu,und,"","",,Bemba,Zane Roskoph,2021-07-19T16:44:35Z
595009,kasongole,und,"","",,Bemba,Botswanabugs,2021-07-28T04:25:48Z
595009,musayi,und,"","",,Bemba,Botswanabugs,2021-07-28T04:26:32Z
101561,Kalimulimo,und,"","",http://www.catalogueoflife.org/annual-checklist/details/species/id/10066282/common/174528,Bemba,,2021-08-28T16:53:53Z
147000,musambafwa,und,"","",,Bemba,Botswanabugs,2021-09-28T11:19:14Z
147000,munsokansoka,und,"","",,Bemba,Botswanabugs,2021-09-28T11:19:45Z
430600,musongwa,und,"","",South African National Biodiversity Institute. 2021. Botanical Database of Southern Africa (BODATSA) [offline dataset]. http://newposa.sanbi.org [Note that these data are not available at this URL as of 2021],Bemba,Ken-ichi Ueda,2021-10-21T19:11:31Z
428367,Saninga,und,"","",South African National Biodiversity Institute. 2021. Botanical Database of Southern Africa (BODATSA) [offline dataset]. http://newposa.sanbi.org [Note that these data are not available at this URL as of 2021],Bemba,Ken-ichi Ueda,2021-10-21T19:11:31Z
133182,muku,und,"","",South African National Biodiversity Institute. 2021. Botanical Database of Southern Africa (BODATSA) [offline dataset]. http://newposa.sanbi.org [Note that these data are not available at this URL as of 2021],Bemba,Ken-ichi Ueda,2021-10-21T19:11:32Z
133182,mukunyu,und,"","",South African National Biodiversity Institute. 2021. Botanical Database of Southern Africa (BODATSA) [offline dataset]. http://newposa.sanbi.org [Note that these data are not available at this URL as of 2021],Bemba,Ken-ichi Ueda,2021-10-21T19:11:32Z
133182,mukuyu,und,"","",South African National Biodiversity Institute. 2021. Botanical Database of Southern Africa (BODATSA) [offline dataset]. http://newposa.sanbi.org [Note that these data are not available at this URL as of 2021],Bemba,Ken-ichi Ueda,2021-10-21T19:11:32Z
585963,mulemba,und,"","",South African National Biodiversity Institute. 2021. Botanical Database of Southern Africa (BODATSA) [offline dataset]. http://newposa.sanbi.org [Note that these data are not available at this URL as of 2021],Bemba,Ken-ichi Ueda,2021-10-21T19:11:33Z
164238,mufurungwo,und,"","",South African National Biodiversity Institute. 2021. Botanical Database of Southern Africa (BODATSA) [offline dataset]. http://newposa.sanbi.org [Note that these data are not available at this URL as of 2021],Bemba,Ken-ichi Ueda,2021-10-21T19:11:33Z
81491,muvunguvungu,und,"","",South African National Biodiversity Institute. 2021. Botanical Database of Southern Africa (BODATSA) [offline dataset]. http://newposa.sanbi.org [Note that these data are not available at this URL as of 2021],Bemba,Ken-ichi Ueda,2021-10-21T19:11:33Z
590061,muliolo,und,"","",South African National Biodiversity Institute. 2021. Botanical Database of Southern Africa (BODATSA) [offline dataset]. http://newposa.sanbi.org [Note that these data are not available at this URL as of 2021],Bemba,Ken-ichi Ueda,2021-10-21T19:11:34Z
119995,ifishimu,und,"","",,Bemba,Botswanabugs,2021-11-08T07:27:25Z
81500,muuyu,und,"","",,Bemba,Botswanabugs,2021-11-11T16:50:54Z
2269,mukufi,und,"","",,Bemba,Botswanabugs,2022-01-09T05:00:15Z
2279,Cikwekwe,und,"","",,Bemba,Botswanabugs,2022-03-10T11:10:59Z
201031,Cipampa,und,"","",,Bemba,Botswanabugs,2022-03-10T11:13:20Z
2938,Icipele,und,"","",,Bemba,Botswanabugs,2022-03-10T11:14:19Z
804,Icipingila,und,"","",,Bemba,Botswanabugs,2022-03-10T11:15:48Z
20438,Icipululu,und,"","",,Bemba,Botswanabugs,2022-03-10T11:16:51Z
5231,Icipungu,und,"","",,Bemba,Botswanabugs,2022-03-10T11:17:41Z
558641,Cisokopela,und,"","",,Bemba,Botswanabugs,2022-03-10T11:19:27Z
340265,Muputu,und,"","",,Bemba,Botswanabugs,2022-03-10T14:56:01Z
1116293,muteke,und,"","",,Bemba,Botswanabugs,2022-03-10T14:58:10Z
1116293,umuteke,und,"","",,Bemba,Botswanabugs,2022-03-10T14:58:39Z
1116293,imiteke,und,"","",,Bemba,Botswanabugs,2022-03-10T14:59:14Z
199580,Mupundu,und,"","",,Bemba,Botswanabugs,2022-03-10T15:01:09Z
199580,umupundu,und,"","",,Bemba,Botswanabugs,2022-03-10T15:01:55Z
946507,Kampombwe,und,"","",,Bemba,Botswanabugs,2022-03-10T15:07:44Z
946507,Mubale,und,"","",,Bemba,Botswanabugs,2022-03-10T15:08:42Z
946507,Mulumbwa,und,"","",,Bemba,Botswanabugs,2022-03-10T15:10:17Z
340245,musebe,und,"","",,Bemba,Botswanabugs,2022-06-02T09:50:50Z
593974,mupapi,und,"","",,Bemba,Botswanabugs,2022-10-04T03:11:50Z
340164,cikunyu,und,"","",,Bemba,Botswanabugs,2022-10-04T03:15:20Z
104614,Kapenta,und,"","",http://www.catalogueoflife.org/annual-checklist/2012/details/species/id/9741333,Bemba,,2022-10-21T03:58:41Z
113233,Kapenta,und,"","",http://www.catalogueoflife.org/annual-checklist/2012/details/species/id/9741333,Bemba,,2022-10-21T03:58:41Z
42093,imbwa,und,"","",,Bemba,Botswanabugs,2023-01-04T19:19:56Z
42093,umumbulu,und,"","",,Bemba,Botswanabugs,2023-01-04T19:24:48Z
42093,umwele,und,"","",,Bemba,Botswanabugs,2023-01-04T19:29:43Z
144404,sosa,und,"","",,Bemba,Botswanabugs,2023-07-16T13:02:47Z
340162,mulalantanga,und,"","",,Bemba,Botswanabugs,2023-07-17T15:51:42Z
340162,mulalantete,und,"","",,Bemba,Botswanabugs,2023-07-17T15:52:38Z
340162,mwikalankanga,und,"","",,Bemba,Botswanabugs,2023-07-17T15:53:32Z
141628,mululo,und,"","",,Bemba,Botswanabugs,2023-07-17T16:15:21Z
141628,mpovya,und,"","",,Bemba,Botswanabugs,2023-07-17T16:16:30Z
1505670,cembe,und,"","",https://www.inaturalist.org/taxon_names/2912328/edit,Bemba,Sean Cozart,2023-10-29T22:14:04Z
41963,imbwili,und,"","",,Bemba,Botswanabugs,2023-11-20T06:55:08Z
594428,chibombo,und,"","",,Bemba,Botswanabugs,2023-12-20T17:14:44Z
594428,chunganunsyi,und,"","",,Bemba,Botswanabugs,2023-12-20T17:15:19Z
594428,kalume kamukanunsyi,und,"","",,Bemba,Botswanabugs,2023-12-20T17:16:47Z
594428,muungu,und,"","",,Bemba,Botswanabugs,2023-12-20T17:18:10Z
594428,mangobe,und,"","",,Bemba,Botswanabugs,2023-12-20T17:19:03Z
594428,myungachikoba,und,"","",,Bemba,Botswanabugs,2023-12-20T17:19:43Z
594428,munganunsyi,und,"","",,Bemba,Botswanabugs,2023-12-20T17:20:18Z
594428,mutandafiwa,und,"","",,Bemba,Botswanabugs,2023-12-20T17:21:06Z
898800,chibombo,und,"","",,Bemba,Botswanabugs,2023-12-20T17:27:33Z
595952,kafifi,und,"","",,Bemba,Botswanabugs,2023-12-20T17:29:10Z
866255,chifu,und,"","",,Bemba,Botswanabugs,2023-12-20T17:31:38Z
595948,lusenene,und,"","",,Bemba,Botswanabugs,2023-12-20T18:15:18Z
557826,kafifi,und,"","",,Bemba,Botswanabugs,2023-12-20T18:21:13Z
1520908,Ntuntu,und,"","",http://www.catalogueoflife.org/annual-checklist/details/species/id/10055913/common/72050,Bemba,,2023-12-27T00:02:31Z
468576,kaimbi,und,"","",,Bemba,Botswanabugs,2024-01-10T02:18:38Z
428406,mofu,und,"","",,Bemba,Botswanabugs,2024-01-10T02:19:58Z
428406,umofu,und,"","",,Bemba,Botswanabugs,2024-01-10T02:20:39Z
340243,mulombwa,und,"","",,Bemba,Botswanabugs,2024-01-10T02:22:15Z
340243,umolombwa,und,"","",,Bemba,Botswanabugs,2024-01-10T02:23:09Z
340236,mupapa,und,"","",,Bemba,Botswanabugs,2024-01-10T02:24:55Z
585801,saninga,und,"","",,Bemba,Botswanabugs,2024-01-10T02:29:41Z
428538,mubanga,und,"","",,Bemba,Botswanabugs,2024-01-10T02:42:29Z
1523772,Kipapa,und,"","",,Bemba,Kitty Maurey,2024-01-10T03:27:26Z
1523772,Kafuti,und,"","",,Bemba,Kitty Maurey,2024-01-10T03:31:49Z
1428,inkanga,und,"","",,Bemba,Botswanabugs,2024-01-31T10:26:03Z
