id,vernacularName,language,locality,countryCode,source,lexicon,contributor,created
340408,Umtshenalotha,und,"","",,Ndebele,Joachim Louis,2016-03-23T07:52:34Z
340408,Umtshwili,und,"","",,Ndebele,Joachim Louis,2016-03-23T07:52:57Z
343039,Umpumbu,und,"","",,Ndebele,Joachim Louis,2016-03-23T08:57:35Z
468701,Umabuyasibonze,und,"","",,Ndebele,Joachim Louis,2016-03-25T07:42:07Z
43694,Impofu,und,"","",,Ndebele,Bobby McCabe,2018-01-27T18:21:14Z
41964,Isilwane,und,"","",,Ndebele,Bobby McCabe,2018-01-27T18:25:32Z
43125,Umvundla,und,"","",,Ndebele,Bobby McCabe,2018-04-13T15:29:57Z
340245,Umganu,und,"","",,Ndebele,Botswanabugs,2020-01-13T05:54:34Z
340245,umkano,und,"","",,Ndebele,Botswanabugs,2020-01-13T06:51:35Z
340245,ikanyi,und,"","",,Ndebele,Botswanabugs,2020-01-13T06:52:55Z
340245,"iganu,",und,"","",,Ndebele,Botswanabugs,2020-01-13T06:53:38Z
47497,bujugwe,und,"","",,Ndebele,Botswanabugs,2020-01-16T14:17:44Z
340101,Idebelebe,und,"","",,Ndebele,Botswanabugs,2020-01-28T01:32:08Z
5231,iNgqungqulu,und,"","",,Ndebele,Botswanabugs,2020-01-28T02:46:29Z
925659,Insimba,und,"","",,Ndebele,Bobby McCabe,2020-02-23T05:04:04Z
41595,Insimba,und,"","",,Ndebele,Bobby McCabe,2020-02-23T05:22:56Z
47649,inTethe,und,"","",,Ndebele,Dewald du Plessis,2020-03-14T13:38:54Z
42122,Ngulubi,und,"","",,Ndebele,Bobby McCabe,2020-03-19T15:35:40Z
60583,iliKhephekhephe,und,"","",,Ndebele,Dewald du Plessis,2020-03-23T12:21:29Z
60583,iliLula,und,"","",,Ndebele,Dewald du Plessis,2020-03-23T12:21:50Z
60583,isiBokoboko,und,"","",,Ndebele,Dewald du Plessis,2020-03-23T12:22:31Z
60583,isiPanji,und,"","",,Ndebele,Dewald du Plessis,2020-03-23T12:22:54Z
60583,isiPonji,und,"","",,Ndebele,Dewald du Plessis,2020-03-23T12:23:14Z
121639,iKala,und,"","",,Ndebele,Dewald du Plessis,2020-04-06T18:44:19Z
342910,"iPrawuni, umDambi",und,"","",,Ndebele,Dewald du Plessis,2020-04-06T18:57:05Z
311310,iHlambi,und,"","",,Ndebele,Dewald du Plessis,2020-04-07T10:32:45Z
85493,iHlambi yelwandle,und,"","",,Ndebele,Dewald du Plessis,2020-04-07T10:44:39Z
1,isiLwana,und,"","",,Ndebele,Dewald du Plessis,2020-04-09T18:02:29Z
42281,iMpatoomo,und,"","",,Ndebele,Dewald du Plessis,2020-04-24T12:48:00Z
447362,Peetsey,und,"","",,Ndebele,Dewald du Plessis,2020-04-24T13:24:14Z
132658,inToosel,und,"","",,Ndebele,Dewald du Plessis,2020-04-24T13:41:58Z
42276,Sassaybe,und,"","",,Ndebele,Dewald du Plessis,2020-04-24T13:52:07Z
42308,Kookaam,und,South Africa,ZA,,Ndebele,Dewald du Plessis,2020-04-24T14:57:20Z
20526,nEechey,und,"","",,Ndebele,Dewald du Plessis,2020-04-24T15:00:52Z
42157,inTootla,und,"","",,Ndebele,Dewald du Plessis,2020-04-24T15:10:01Z
42405,'nEaat,und,"","",,Ndebele,Dewald du Plessis,2020-04-24T18:06:47Z
42405,Bokolokolo,und,"","",,Ndebele,Dewald du Plessis,2020-04-24T18:07:26Z
42328,Phitomok,und,"","",,Ndebele,Dewald du Plessis,2020-04-24T18:10:49Z
42424,iMpoon,und,"","",,Ndebele,Dewald du Plessis,2020-04-24T18:22:26Z
42278,Paala,und,South Africa | Botswana,"ZA,BW",,Ndebele,Dewald du Plessis,2020-04-24T18:23:51Z
43350,Chukuroo,und,"","",,Ndebele,Dewald du Plessis,2020-04-24T18:31:57Z
42332,eTak,und,"","",,Ndebele,Dewald du Plessis,2020-04-24T18:42:04Z
43348,Chickore,und,"","",,Ndebele,Dewald du Plessis,2020-04-24T18:43:53Z
43348,Mohoohoo,und,"","",,Ndebele,Dewald du Plessis,2020-04-24T18:49:10Z
524159,eeChlongole,und,South Africa,ZA,,Ndebele,Dewald du Plessis,2020-04-24T18:53:35Z
42336,Peeli,und,"","",,Ndebele,Dewald du Plessis,2020-04-24T19:27:10Z
42375,eOolah,und,"","",,Ndebele,Dewald du Plessis,2020-04-24T19:29:48Z
42122,inGooloob,und,"","",,Ndebele,Dewald du Plessis,2020-04-24T19:54:02Z
41964,Tao,und,"","",,Ndebele,Dewald du Plessis,2020-04-24T20:03:17Z
41886,iMpeese,und,"","",,Ndebele,Dewald du Plessis,2020-04-24T20:12:16Z
51672,umKhaza,und,"","",,Ndebele,Dewald du Plessis,2020-08-21T11:25:15Z
51673,umKhaza,und,"","",,Ndebele,Dewald du Plessis,2020-08-21T11:35:23Z
123675,umKhaza,und,"","",,Ndebele,Dewald du Plessis,2020-08-21T12:05:34Z
797700,inKwakhwa?,und,"","",,Ndebele,Andrew Durso,2020-08-28T14:24:07Z
106446,iLoyi,und,"","",,Ndebele,Andrew Durso,2020-08-28T15:27:34Z
30488,iPhimpi,und,"","",,Ndebele,Andrew Durso,2020-08-28T15:41:57Z
30405,iMamba emnyama,und,"","",,Ndebele,Andrew Durso,2020-08-28T15:53:41Z
75192,mPofu,und,"Witbank, MP, ZA","",,Ndebele,Dewald du Plessis,2020-12-18T22:26:55Z
42157,nDlulamithi,und,"Witbank, MP, ZA","",,Ndebele,Dewald du Plessis,2020-12-18T22:27:51Z
489775,Jwajwajwa,und,"Francistown, FR, BW","",,Ndebele,Dewald du Plessis,2021-02-01T10:32:34Z
48139,Jwajwajwa,und,"Francistown, FR, BW","",,Ndebele,Dewald du Plessis,2021-02-01T10:35:38Z
68492,untulo,und,"","",,Ndebele,Botswanabugs,2021-03-23T12:26:47Z
160868,Idelele,und,"","",,Ndebele,Botswanabugs,2021-03-27T16:54:25Z
516181,Isikusha seganga,und,"","",,Ndebele,Botswanabugs,2021-04-11T03:27:08Z
516181,Isikusha sephane,und,"","",,Ndebele,Botswanabugs,2021-04-11T03:28:17Z
516181,Isikusha,und,"","",,Ndebele,Botswanabugs,2021-04-11T03:29:11Z
516181,Indlebe yebhalabhala,und,"","",,Ndebele,Botswanabugs,2021-04-11T03:30:10Z
516181,Umshaba,und,"","",,Ndebele,Botswanabugs,2021-04-11T03:31:18Z
516181,Isikolokotho,und,"","",,Ndebele,Botswanabugs,2021-04-11T03:32:16Z
168423,Isikusha seganga,und,"","",,Ndebele,Botswanabugs,2021-04-11T03:39:03Z
168423,Isikusha,und,"","",,Ndebele,Botswanabugs,2021-04-11T03:42:54Z
546792,Isishaba,und,"","",,Ndebele,Botswanabugs,2021-04-11T03:51:14Z
546792,Umshaba,und,"","",,Ndebele,Botswanabugs,2021-04-11T03:51:40Z
546792,Isikolokotho,und,"","",,Ndebele,Botswanabugs,2021-04-11T03:54:46Z
340166,Mthunduluka,und,"","",,Ndebele,Botswanabugs,2021-04-18T02:44:26Z
79141,Umsobo,und,"","",,Ndebele,Botswanabugs,2021-06-07T05:10:08Z
340157,umqhobampunza,und,"","",,Ndebele,Botswanabugs,2021-06-07T05:11:15Z
841204,amakhomane,und,"","",,Ndebele,Botswanabugs,2021-06-07T05:13:20Z
50203,umhlabangubo,und,"","",,Ndebele,Botswanabugs,2021-06-07T05:16:20Z
186271,Umvumila,und,"","",,Ndebele,Botswanabugs,2021-07-17T18:32:59Z
186271,Umvumile,und,"","",,Ndebele,Botswanabugs,2021-07-17T18:33:34Z
340166,Mswantsha,und,"","",,Ndebele,Botswanabugs,2021-07-23T16:34:25Z
507102,Isihaqa esincinyane,und,"","",,Ndebele,Botswanabugs,2021-07-23T16:44:49Z
147000,Isihaqa,und,"","",,Ndebele,Botswanabugs,2021-07-23T16:48:28Z
340238,Umnondo,und,"","",,Ndebele,Botswanabugs,2021-07-23T17:10:37Z
142853,Umbama,und,"","",,Ndebele,Botswanabugs,2021-07-23T17:29:23Z
142853,Umdabule,und,"","",,Ndebele,Botswanabugs,2021-07-23T17:29:59Z
63205,Amazambane,und,"","",,Ndebele,Botswanabugs,2021-07-24T13:40:33Z
431080,Amapatenyane,und,"","",,Ndebele,Botswanabugs,2021-07-24T13:44:13Z
431080,Amasendendwangu,und,"","",,Ndebele,Botswanabugs,2021-07-24T13:45:03Z
431080,Umjelekudzi,und,"","",,Ndebele,Botswanabugs,2021-07-24T13:46:29Z
431080,Umlekule,und,"","",,Ndebele,Botswanabugs,2021-07-24T13:47:18Z
340372,Amalilibhobo,und,"","",,Ndebele,Botswanabugs,2021-07-24T13:49:48Z
340372,Umbovana,und,"","",,Ndebele,Botswanabugs,2021-07-24T13:52:03Z
340372,Utshwala-benyoni,und,"","",,Ndebele,Botswanabugs,2021-07-24T13:52:37Z
321502,Amalebo-emfula,und,"","",,Ndebele,Botswanabugs,2021-07-24T13:55:01Z
321502,Ikalala,und,"","",,Ndebele,Botswanabugs,2021-07-24T13:56:55Z
595009,umkhemeswane,und,"","",,Ndebele,Botswanabugs,2021-07-28T04:38:58Z
169414,umhlali,und,"","",,Ndebele,Botswanabugs,2021-07-28T04:43:16Z
169414,umtamba,und,"","",,Ndebele,Botswanabugs,2021-07-28T04:44:06Z
338659,umhobohobo,und,"","",,Ndebele,Botswanabugs,2021-07-28T04:47:59Z
340255,umtshwankela,und,"","",,Ndebele,Botswanabugs,2021-07-28T04:57:02Z
340255,umsuvu,und,"","",,Ndebele,Botswanabugs,2021-07-28T05:12:33Z
123697,umsawu,und,"","",,Ndebele,Botswanabugs,2021-07-28T05:22:59Z
126238,amagaka,und,"","",,Ndebele,Botswanabugs,2021-07-28T18:27:03Z
126238,Umhlagahlaga,und,"","",,Ndebele,Botswanabugs,2021-07-28T18:31:28Z
163027,umqokolo,und,"","",,Ndebele,Botswanabugs,2021-07-28T18:51:15Z
128928,ulude,und,"","",,Ndebele,Botswanabugs,2021-07-28T19:01:41Z
334379,ikonze,und,"","",,Ndebele,Botswanabugs,2021-08-11T13:24:53Z
334379,umhlolo,und,"","",,Ndebele,Botswanabugs,2021-08-11T13:25:31Z
334379,umhlonhlo,und,"","",,Ndebele,Botswanabugs,2021-08-11T13:26:21Z
135389,Umdubu,und,"","",,Ndebele,Botswanabugs,2021-08-13T17:16:35Z
553599,Umbhondo,und,"","",,Ndebele,Botswanabugs,2021-08-13T18:07:52Z
553599,Umbula,und,"","",,Ndebele,Botswanabugs,2021-08-13T18:09:00Z
505821,Iminyela,und,"","",,Ndebele,Botswanabugs,2021-08-13T18:22:05Z
488493,Ikwazakwaza,und,"","",,Ndebele,Botswanabugs,2021-08-13T19:42:01Z
488493,Umqoqodo,und,"","",,Ndebele,Botswanabugs,2021-08-13T19:50:13Z
141634,betshulebadala,und,"","",,Ndebele,Botswanabugs,2021-08-14T17:39:57Z
141634,Ihambambeba,und,"","",,Ndebele,Botswanabugs,2021-08-14T17:40:46Z
141634,Umhlahlampethu,und,"","",,Ndebele,Botswanabugs,2021-08-14T17:49:21Z
141634,Utshwala-benyoni,und,"","",,Ndebele,Botswanabugs,2021-08-14T17:50:10Z
582629,Iminyela,und,"","",,Ndebele,Botswanabugs,2021-08-20T13:42:58Z
133950,Umdlawuthu,und,"","",,Ndebele,Botswanabugs,2021-08-25T18:27:51Z
43088,Imbila,und,"","",,Ndebele,Bobby McCabe,2021-08-29T01:57:14Z
43086,Imbila,und,"","",,Ndebele,Bobby McCabe,2021-08-29T03:00:50Z
594427,Isinanga,und,"","",,Ndebele,Botswanabugs,2021-09-13T12:08:26Z
594427,Katopa,und,"","",,Ndebele,Botswanabugs,2021-09-13T12:09:11Z
594427,Mukuu,und,"","",,Ndebele,Botswanabugs,2021-09-13T12:11:32Z
594427,Mupumbu,und,"","",,Ndebele,Botswanabugs,2021-09-13T12:12:44Z
594427,Umkhayamhlophe,und,"","",,Ndebele,Botswanabugs,2021-09-13T12:13:22Z
594421,gowe,und,"","",,Ndebele,Botswanabugs,2021-09-13T12:47:52Z
340228,umphafa,und,"","",,Ndebele,Botswanabugs,2021-10-20T18:26:10Z
340228,umlahlabantu,und,"","",,Ndebele,Botswanabugs,2021-10-20T18:27:07Z
340228,Umpasamala,und,"","",,Ndebele,Botswanabugs,2021-10-20T18:32:57Z
157765,idelele,und,"","",South African National Biodiversity Institute. 2021. Botanical Database of Southern Africa (BODATSA) [offline dataset]. http://newposa.sanbi.org [Note that these data are not available at this URL as of 2021],Ndebele,Ken-ichi Ueda,2021-10-21T20:19:49Z
122098,amabope,und,"","",South African National Biodiversity Institute. 2021. Botanical Database of Southern Africa (BODATSA) [offline dataset]. http://newposa.sanbi.org [Note that these data are not available at this URL as of 2021],Ndebele,Ken-ichi Ueda,2021-10-21T20:19:49Z
122098,Umabophe,und,"","",South African National Biodiversity Institute. 2021. Botanical Database of Southern Africa (BODATSA) [offline dataset]. http://newposa.sanbi.org [Note that these data are not available at this URL as of 2021],Ndebele,Ken-ichi Ueda,2021-10-21T20:19:50Z
595946,umfola,und,"","",South African National Biodiversity Institute. 2021. Botanical Database of Southern Africa (BODATSA) [offline dataset]. http://newposa.sanbi.org [Note that these data are not available at this URL as of 2021],Ndebele,Ken-ichi Ueda,2021-10-21T20:19:50Z
502780,isinga,und,"","",South African National Biodiversity Institute. 2021. Botanical Database of Southern Africa (BODATSA) [offline dataset]. http://newposa.sanbi.org [Note that these data are not available at this URL as of 2021],Ndebele,Ken-ichi Ueda,2021-10-21T20:19:51Z
502780,isingawa,und,"","",South African National Biodiversity Institute. 2021. Botanical Database of Southern Africa (BODATSA) [offline dataset]. http://newposa.sanbi.org [Note that these data are not available at this URL as of 2021],Ndebele,Ken-ichi Ueda,2021-10-21T20:19:51Z
502780,isisani,und,"","",South African National Biodiversity Institute. 2021. Botanical Database of Southern Africa (BODATSA) [offline dataset]. http://newposa.sanbi.org [Note that these data are not available at this URL as of 2021],Ndebele,Ken-ichi Ueda,2021-10-21T20:19:51Z
502780,mdoka,und,"","",South African National Biodiversity Institute. 2021. Botanical Database of Southern Africa (BODATSA) [offline dataset]. http://newposa.sanbi.org [Note that these data are not available at this URL as of 2021],Ndebele,Ken-ichi Ueda,2021-10-21T20:19:52Z
502780,mdokana,und,"","",South African National Biodiversity Institute. 2021. Botanical Database of Southern Africa (BODATSA) [offline dataset]. http://newposa.sanbi.org [Note that these data are not available at this URL as of 2021],Ndebele,Ken-ichi Ueda,2021-10-21T20:19:52Z
502780,mganagahu,und,"","",South African National Biodiversity Institute. 2021. Botanical Database of Southern Africa (BODATSA) [offline dataset]. http://newposa.sanbi.org [Note that these data are not available at this URL as of 2021],Ndebele,Ken-ichi Ueda,2021-10-21T20:19:52Z
502780,nganagahu,und,"","",South African National Biodiversity Institute. 2021. Botanical Database of Southern Africa (BODATSA) [offline dataset]. http://newposa.sanbi.org [Note that these data are not available at this URL as of 2021],Ndebele,Ken-ichi Ueda,2021-10-21T20:19:53Z
601154,umkaya,und,"","",South African National Biodiversity Institute. 2021. Botanical Database of Southern Africa (BODATSA) [offline dataset]. http://newposa.sanbi.org [Note that these data are not available at this URL as of 2021],Ndebele,Ken-ichi Ueda,2021-10-21T20:19:53Z
594427,umhlope,und,"","",South African National Biodiversity Institute. 2021. Botanical Database of Southern Africa (BODATSA) [offline dataset]. http://newposa.sanbi.org [Note that these data are not available at this URL as of 2021],Ndebele,Ken-ichi Ueda,2021-10-21T20:19:53Z
601158,umhlahlalinye,und,"","",South African National Biodiversity Institute. 2021. Botanical Database of Southern Africa (BODATSA) [offline dataset]. http://newposa.sanbi.org [Note that these data are not available at this URL as of 2021],Ndebele,Ken-ichi Ueda,2021-10-21T20:19:54Z
567419,Singa,und,"","",South African National Biodiversity Institute. 2021. Botanical Database of Southern Africa (BODATSA) [offline dataset]. http://newposa.sanbi.org [Note that these data are not available at this URL as of 2021],Ndebele,Ken-ichi Ueda,2021-10-21T20:19:54Z
157911,Bima,und,"","",South African National Biodiversity Institute. 2021. Botanical Database of Southern Africa (BODATSA) [offline dataset]. http://newposa.sanbi.org [Note that these data are not available at this URL as of 2021],Ndebele,Ken-ichi Ueda,2021-10-21T20:19:54Z
157911,sifenzi,und,"","",South African National Biodiversity Institute. 2021. Botanical Database of Southern Africa (BODATSA) [offline dataset]. http://newposa.sanbi.org [Note that these data are not available at this URL as of 2021],Ndebele,Ken-ichi Ueda,2021-10-21T20:19:54Z
157911,simbama yauli,und,"","",South African National Biodiversity Institute. 2021. Botanical Database of Southern Africa (BODATSA) [offline dataset]. http://newposa.sanbi.org [Note that these data are not available at this URL as of 2021],Ndebele,Ken-ichi Ueda,2021-10-21T20:19:55Z
239074,udombo,und,"","",South African National Biodiversity Institute. 2021. Botanical Database of Southern Africa (BODATSA) [offline dataset]. http://newposa.sanbi.org [Note that these data are not available at this URL as of 2021],Ndebele,Ken-ichi Ueda,2021-10-21T20:19:55Z
81500,umkhomo,und,"","",South African National Biodiversity Institute. 2021. Botanical Database of Southern Africa (BODATSA) [offline dataset]. http://newposa.sanbi.org [Note that these data are not available at this URL as of 2021],Ndebele,Ken-ichi Ueda,2021-10-21T20:19:55Z
522360,golobaje,und,"","",South African National Biodiversity Institute. 2021. Botanical Database of Southern Africa (BODATSA) [offline dataset]. http://newposa.sanbi.org [Note that these data are not available at this URL as of 2021],Ndebele,Ken-ichi Ueda,2021-10-21T20:19:56Z
340236,ihlene,und,"","",South African National Biodiversity Institute. 2021. Botanical Database of Southern Africa (BODATSA) [offline dataset]. http://newposa.sanbi.org [Note that these data are not available at this URL as of 2021],Ndebele,Ken-ichi Ueda,2021-10-21T20:19:56Z
340236,umgampa,und,"","",South African National Biodiversity Institute. 2021. Botanical Database of Southern Africa (BODATSA) [offline dataset]. http://newposa.sanbi.org [Note that these data are not available at this URL as of 2021],Ndebele,Ken-ichi Ueda,2021-10-21T20:19:57Z
340236,umkamba,und,"","",South African National Biodiversity Institute. 2021. Botanical Database of Southern Africa (BODATSA) [offline dataset]. http://newposa.sanbi.org [Note that these data are not available at this URL as of 2021],Ndebele,Ken-ichi Ueda,2021-10-21T20:19:57Z
340175,umsalati,und,"","",South African National Biodiversity Institute. 2021. Botanical Database of Southern Africa (BODATSA) [offline dataset]. http://newposa.sanbi.org [Note that these data are not available at this URL as of 2021],Ndebele,Ken-ichi Ueda,2021-10-21T20:19:57Z
340162,umbola,und,"","",South African National Biodiversity Institute. 2021. Botanical Database of Southern Africa (BODATSA) [offline dataset]. http://newposa.sanbi.org [Note that these data are not available at this URL as of 2021],Ndebele,Ken-ichi Ueda,2021-10-21T20:19:58Z
340370,Amajambe,und,"","",South African National Biodiversity Institute. 2021. Botanical Database of Southern Africa (BODATSA) [offline dataset]. http://newposa.sanbi.org [Note that these data are not available at this URL as of 2021],Ndebele,Ken-ichi Ueda,2021-10-21T20:19:58Z
597721,amamense,und,"","",South African National Biodiversity Institute. 2021. Botanical Database of Southern Africa (BODATSA) [offline dataset]. http://newposa.sanbi.org [Note that these data are not available at this URL as of 2021],Ndebele,Ken-ichi Ueda,2021-10-21T20:19:58Z
597721,mamense,und,"","",South African National Biodiversity Institute. 2021. Botanical Database of Southern Africa (BODATSA) [offline dataset]. http://newposa.sanbi.org [Note that these data are not available at this URL as of 2021],Ndebele,Ken-ichi Ueda,2021-10-21T20:19:58Z
140924,Umfeyendwangu,und,"","",South African National Biodiversity Institute. 2021. Botanical Database of Southern Africa (BODATSA) [offline dataset]. http://newposa.sanbi.org [Note that these data are not available at this URL as of 2021],Ndebele,Ken-ichi Ueda,2021-10-21T20:19:59Z
340099,ipamba,und,"","",South African National Biodiversity Institute. 2021. Botanical Database of Southern Africa (BODATSA) [offline dataset]. http://newposa.sanbi.org [Note that these data are not available at this URL as of 2021],Ndebele,Ken-ichi Ueda,2021-10-21T20:19:59Z
340099,umtabilila,und,"","",South African National Biodiversity Institute. 2021. Botanical Database of Southern Africa (BODATSA) [offline dataset]. http://newposa.sanbi.org [Note that these data are not available at this URL as of 2021],Ndebele,Ken-ichi Ueda,2021-10-21T20:19:59Z
67321,imondo,und,"","",South African National Biodiversity Institute. 2021. Botanical Database of Southern Africa (BODATSA) [offline dataset]. http://newposa.sanbi.org [Note that these data are not available at this URL as of 2021],Ndebele,Ken-ichi Ueda,2021-10-21T20:20:00Z
50203,ucucuza,und,"","",South African National Biodiversity Institute. 2021. Botanical Database of Southern Africa (BODATSA) [offline dataset]. http://newposa.sanbi.org [Note that these data are not available at this URL as of 2021],Ndebele,Ken-ichi Ueda,2021-10-21T20:20:02Z
367465,incoto,und,"","",South African National Biodiversity Institute. 2021. Botanical Database of Southern Africa (BODATSA) [offline dataset]. http://newposa.sanbi.org [Note that these data are not available at this URL as of 2021],Ndebele,Ken-ichi Ueda,2021-10-21T20:20:02Z
367465,ingkoto,und,"","",South African National Biodiversity Institute. 2021. Botanical Database of Southern Africa (BODATSA) [offline dataset]. http://newposa.sanbi.org [Note that these data are not available at this URL as of 2021],Ndebele,Ken-ichi Ueda,2021-10-21T20:20:03Z
367465,inkoto,und,"","",South African National Biodiversity Institute. 2021. Botanical Database of Southern Africa (BODATSA) [offline dataset]. http://newposa.sanbi.org [Note that these data are not available at this URL as of 2021],Ndebele,Ken-ichi Ueda,2021-10-21T20:20:03Z
70065,umbombwe,und,"","",South African National Biodiversity Institute. 2021. Botanical Database of Southern Africa (BODATSA) [offline dataset]. http://newposa.sanbi.org [Note that these data are not available at this URL as of 2021],Ndebele,Ken-ichi Ueda,2021-10-21T20:20:03Z
70065,umtobi,und,"","",South African National Biodiversity Institute. 2021. Botanical Database of Southern Africa (BODATSA) [offline dataset]. http://newposa.sanbi.org [Note that these data are not available at this URL as of 2021],Ndebele,Ken-ichi Ueda,2021-10-21T20:20:04Z
70065,umtopi,und,"","",South African National Biodiversity Institute. 2021. Botanical Database of Southern Africa (BODATSA) [offline dataset]. http://newposa.sanbi.org [Note that these data are not available at this URL as of 2021],Ndebele,Ken-ichi Ueda,2021-10-21T20:20:04Z
279566,uhatshi,und,"","",South African National Biodiversity Institute. 2021. Botanical Database of Southern Africa (BODATSA) [offline dataset]. http://newposa.sanbi.org [Note that these data are not available at this URL as of 2021],Ndebele,Ken-ichi Ueda,2021-10-21T20:20:04Z
279501,imunga,und,"","",South African National Biodiversity Institute. 2021. Botanical Database of Southern Africa (BODATSA) [offline dataset]. http://newposa.sanbi.org [Note that these data are not available at this URL as of 2021],Ndebele,Ken-ichi Ueda,2021-10-21T20:20:05Z
184342,umbaba,und,"","",South African National Biodiversity Institute. 2021. Botanical Database of Southern Africa (BODATSA) [offline dataset]. http://newposa.sanbi.org [Note that these data are not available at this URL as of 2021],Ndebele,Ken-ichi Ueda,2021-10-21T20:20:05Z
342724,mukanyengwe,und,"","",South African National Biodiversity Institute. 2021. Botanical Database of Southern Africa (BODATSA) [offline dataset]. http://newposa.sanbi.org [Note that these data are not available at this URL as of 2021],Ndebele,Ken-ichi Ueda,2021-10-21T20:20:05Z
337799,umlugulu,und,"","",South African National Biodiversity Institute. 2021. Botanical Database of Southern Africa (BODATSA) [offline dataset]. http://newposa.sanbi.org [Note that these data are not available at this URL as of 2021],Ndebele,Ken-ichi Ueda,2021-10-21T20:20:06Z
601161,Isizambane,und,"","",South African National Biodiversity Institute. 2021. Botanical Database of Southern Africa (BODATSA) [offline dataset]. http://newposa.sanbi.org [Note that these data are not available at this URL as of 2021],Ndebele,Ken-ichi Ueda,2021-10-21T20:20:06Z
190367,inandinandi,und,"","",South African National Biodiversity Institute. 2021. Botanical Database of Southern Africa (BODATSA) [offline dataset]. http://newposa.sanbi.org [Note that these data are not available at this URL as of 2021],Ndebele,Ken-ichi Ueda,2021-10-21T20:20:07Z
160263,isihlaza,und,"","",South African National Biodiversity Institute. 2021. Botanical Database of Southern Africa (BODATSA) [offline dataset]. http://newposa.sanbi.org [Note that these data are not available at this URL as of 2021],Ndebele,Ken-ichi Ueda,2021-10-21T20:20:08Z
160359,inkumzanienkulu,und,"","",South African National Biodiversity Institute. 2021. Botanical Database of Southern Africa (BODATSA) [offline dataset]. http://newposa.sanbi.org [Note that these data are not available at this URL as of 2021],Ndebele,Ken-ichi Ueda,2021-10-21T20:20:08Z
160359,inkunzane enkulu,und,"","",South African National Biodiversity Institute. 2021. Botanical Database of Southern Africa (BODATSA) [offline dataset]. http://newposa.sanbi.org [Note that these data are not available at this URL as of 2021],Ndebele,Ken-ichi Ueda,2021-10-21T20:20:08Z
70054,Ibotola,und,"","",South African National Biodiversity Institute. 2021. Botanical Database of Southern Africa (BODATSA) [offline dataset]. http://newposa.sanbi.org [Note that these data are not available at this URL as of 2021],Ndebele,Ken-ichi Ueda,2021-10-21T20:20:09Z
70054,Ijodo,und,"","",South African National Biodiversity Institute. 2021. Botanical Database of Southern Africa (BODATSA) [offline dataset]. http://newposa.sanbi.org [Note that these data are not available at this URL as of 2021],Ndebele,Ken-ichi Ueda,2021-10-21T20:20:09Z
70054,Inopi,und,"","",South African National Biodiversity Institute. 2021. Botanical Database of Southern Africa (BODATSA) [offline dataset]. http://newposa.sanbi.org [Note that these data are not available at this URL as of 2021],Ndebele,Ken-ichi Ueda,2021-10-21T20:20:09Z
128928,lude,und,"","",South African National Biodiversity Institute. 2021. Botanical Database of Southern Africa (BODATSA) [offline dataset]. http://newposa.sanbi.org [Note that these data are not available at this URL as of 2021],Ndebele,Ken-ichi Ueda,2021-10-21T20:20:10Z
128928,ulede,und,"","",South African National Biodiversity Institute. 2021. Botanical Database of Southern Africa (BODATSA) [offline dataset]. http://newposa.sanbi.org [Note that these data are not available at this URL as of 2021],Ndebele,Ken-ichi Ueda,2021-10-21T20:20:10Z
472455,mujakari,und,"","",South African National Biodiversity Institute. 2021. Botanical Database of Southern Africa (BODATSA) [offline dataset]. http://newposa.sanbi.org [Note that these data are not available at this URL as of 2021],Ndebele,Ken-ichi Ueda,2021-10-21T20:20:10Z
428749,ilipanie,und,"","",South African National Biodiversity Institute. 2021. Botanical Database of Southern Africa (BODATSA) [offline dataset]. http://newposa.sanbi.org [Note that these data are not available at this URL as of 2021],Ndebele,Ken-ichi Ueda,2021-10-21T20:20:11Z
135389,mdubu,und,"","",South African National Biodiversity Institute. 2021. Botanical Database of Southern Africa (BODATSA) [offline dataset]. http://newposa.sanbi.org [Note that these data are not available at this URL as of 2021],Ndebele,Ken-ichi Ueda,2021-10-21T20:20:11Z
340408,imonso,und,"","",South African National Biodiversity Institute. 2021. Botanical Database of Southern Africa (BODATSA) [offline dataset]. http://newposa.sanbi.org [Note that these data are not available at this URL as of 2021],Ndebele,Ken-ichi Ueda,2021-10-21T20:20:11Z
76425,indabane,und,"","",South African National Biodiversity Institute. 2021. Botanical Database of Southern Africa (BODATSA) [offline dataset]. http://newposa.sanbi.org [Note that these data are not available at this URL as of 2021],Ndebele,Ken-ichi Ueda,2021-10-21T20:20:12Z
488493,umkwaxakwaza,und,"","",South African National Biodiversity Institute. 2021. Botanical Database of Southern Africa (BODATSA) [offline dataset]. http://newposa.sanbi.org [Note that these data are not available at this URL as of 2021],Ndebele,Ken-ichi Ueda,2021-10-21T20:20:12Z
598569,inkisa,und,"","",South African National Biodiversity Institute. 2021. Botanical Database of Southern Africa (BODATSA) [offline dataset]. http://newposa.sanbi.org [Note that these data are not available at this URL as of 2021],Ndebele,Ken-ichi Ueda,2021-10-21T20:20:12Z
598569,Inkiza emhlope,und,"","",South African National Biodiversity Institute. 2021. Botanical Database of Southern Africa (BODATSA) [offline dataset]. http://newposa.sanbi.org [Note that these data are not available at this URL as of 2021],Ndebele,Ken-ichi Ueda,2021-10-21T20:20:13Z
598569,isibaxa,und,"","",South African National Biodiversity Institute. 2021. Botanical Database of Southern Africa (BODATSA) [offline dataset]. http://newposa.sanbi.org [Note that these data are not available at this URL as of 2021],Ndebele,Ken-ichi Ueda,2021-10-21T20:20:13Z
126238,Ihalabujana,und,"","",South African National Biodiversity Institute. 2021. Botanical Database of Southern Africa (BODATSA) [offline dataset]. http://newposa.sanbi.org [Note that these data are not available at this URL as of 2021],Ndebele,Ken-ichi Ueda,2021-10-21T20:20:13Z
583329,Idangaje,und,"","",South African National Biodiversity Institute. 2021. Botanical Database of Southern Africa (BODATSA) [offline dataset]. http://newposa.sanbi.org [Note that these data are not available at this URL as of 2021],Ndebele,Ken-ichi Ueda,2021-10-21T20:20:14Z
583695,mkanzane,und,"","",South African National Biodiversity Institute. 2021. Botanical Database of Southern Africa (BODATSA) [offline dataset]. http://newposa.sanbi.org [Note that these data are not available at this URL as of 2021],Ndebele,Ken-ichi Ueda,2021-10-21T20:20:14Z
340214,umdhlausu,und,"","",South African National Biodiversity Institute. 2021. Botanical Database of Southern Africa (BODATSA) [offline dataset]. http://newposa.sanbi.org [Note that these data are not available at this URL as of 2021],Ndebele,Ken-ichi Ueda,2021-10-21T20:20:15Z
340214,umdlawuzo,und,"","",South African National Biodiversity Institute. 2021. Botanical Database of Southern Africa (BODATSA) [offline dataset]. http://newposa.sanbi.org [Note that these data are not available at this URL as of 2021],Ndebele,Ken-ichi Ueda,2021-10-21T20:20:15Z
337751,amaqogolo,und,"","",South African National Biodiversity Institute. 2021. Botanical Database of Southern Africa (BODATSA) [offline dataset]. http://newposa.sanbi.org [Note that these data are not available at this URL as of 2021],Ndebele,Ken-ichi Ueda,2021-10-21T20:20:16Z
337751,umkokolo,und,"","",South African National Biodiversity Institute. 2021. Botanical Database of Southern Africa (BODATSA) [offline dataset]. http://newposa.sanbi.org [Note that these data are not available at this URL as of 2021],Ndebele,Ken-ichi Ueda,2021-10-21T20:20:16Z
598819,umthele,und,"","",South African National Biodiversity Institute. 2021. Botanical Database of Southern Africa (BODATSA) [offline dataset]. http://newposa.sanbi.org [Note that these data are not available at this URL as of 2021],Ndebele,Ken-ichi Ueda,2021-10-21T20:20:16Z
76790,umnyankomo,und,"","",South African National Biodiversity Institute. 2021. Botanical Database of Southern Africa (BODATSA) [offline dataset]. http://newposa.sanbi.org [Note that these data are not available at this URL as of 2021],Ndebele,Ken-ichi Ueda,2021-10-21T20:20:17Z
343032,umchekasane,und,"","",South African National Biodiversity Institute. 2021. Botanical Database of Southern Africa (BODATSA) [offline dataset]. http://newposa.sanbi.org [Note that these data are not available at this URL as of 2021],Ndebele,Ken-ichi Ueda,2021-10-21T20:20:17Z
343032,umtjekazane,und,"","",South African National Biodiversity Institute. 2021. Botanical Database of Southern Africa (BODATSA) [offline dataset]. http://newposa.sanbi.org [Note that these data are not available at this URL as of 2021],Ndebele,Ken-ichi Ueda,2021-10-21T20:20:18Z
343032,umtshekasane,und,"","",South African National Biodiversity Institute. 2021. Botanical Database of Southern Africa (BODATSA) [offline dataset]. http://newposa.sanbi.org [Note that these data are not available at this URL as of 2021],Ndebele,Ken-ichi Ueda,2021-10-21T20:20:18Z
533457,ihlangula,und,"","",South African National Biodiversity Institute. 2021. Botanical Database of Southern Africa (BODATSA) [offline dataset]. http://newposa.sanbi.org [Note that these data are not available at this URL as of 2021],Ndebele,Ken-ichi Ueda,2021-10-21T20:20:18Z
533457,umchekesane,und,"","",South African National Biodiversity Institute. 2021. Botanical Database of Southern Africa (BODATSA) [offline dataset]. http://newposa.sanbi.org [Note that these data are not available at this URL as of 2021],Ndebele,Ken-ichi Ueda,2021-10-21T20:20:19Z
533457,umtsheasane,und,"","",South African National Biodiversity Institute. 2021. Botanical Database of Southern Africa (BODATSA) [offline dataset]. http://newposa.sanbi.org [Note that these data are not available at this URL as of 2021],Ndebele,Ken-ichi Ueda,2021-10-21T20:20:19Z
428367,isidwadwa,und,"","",South African National Biodiversity Institute. 2021. Botanical Database of Southern Africa (BODATSA) [offline dataset]. http://newposa.sanbi.org [Note that these data are not available at this URL as of 2021],Ndebele,Ken-ichi Ueda,2021-10-21T20:20:19Z
428367,monyela,und,"","",South African National Biodiversity Institute. 2021. Botanical Database of Southern Africa (BODATSA) [offline dataset]. http://newposa.sanbi.org [Note that these data are not available at this URL as of 2021],Ndebele,Ken-ichi Ueda,2021-10-21T20:20:20Z
428367,Umdwadwa,und,"","",South African National Biodiversity Institute. 2021. Botanical Database of Southern Africa (BODATSA) [offline dataset]. http://newposa.sanbi.org [Note that these data are not available at this URL as of 2021],Ndebele,Ken-ichi Ueda,2021-10-21T20:20:20Z
428367,umpembele,und,"","",South African National Biodiversity Institute. 2021. Botanical Database of Southern Africa (BODATSA) [offline dataset]. http://newposa.sanbi.org [Note that these data are not available at this URL as of 2021],Ndebele,Ken-ichi Ueda,2021-10-21T20:20:20Z
585956,intenjane,und,"","",South African National Biodiversity Institute. 2021. Botanical Database of Southern Africa (BODATSA) [offline dataset]. http://newposa.sanbi.org [Note that these data are not available at this URL as of 2021],Ndebele,Ken-ichi Ueda,2021-10-21T20:20:21Z
585956,umtende,und,"","",South African National Biodiversity Institute. 2021. Botanical Database of Southern Africa (BODATSA) [offline dataset]. http://newposa.sanbi.org [Note that these data are not available at this URL as of 2021],Ndebele,Ken-ichi Ueda,2021-10-21T20:20:21Z
506993,inkiwane,und,"","",South African National Biodiversity Institute. 2021. Botanical Database of Southern Africa (BODATSA) [offline dataset]. http://newposa.sanbi.org [Note that these data are not available at this URL as of 2021],Ndebele,Ken-ichi Ueda,2021-10-21T20:20:21Z
340123,idotsi,und,"","",South African National Biodiversity Institute. 2021. Botanical Database of Southern Africa (BODATSA) [offline dataset]. http://newposa.sanbi.org [Note that these data are not available at this URL as of 2021],Ndebele,Ken-ichi Ueda,2021-10-21T20:20:21Z
133182,ikuwu,und,"","",South African National Biodiversity Institute. 2021. Botanical Database of Southern Africa (BODATSA) [offline dataset]. http://newposa.sanbi.org [Note that these data are not available at this URL as of 2021],Ndebele,Ken-ichi Ueda,2021-10-21T20:20:22Z
133182,likwani,und,"","",South African National Biodiversity Institute. 2021. Botanical Database of Southern Africa (BODATSA) [offline dataset]. http://newposa.sanbi.org [Note that these data are not available at this URL as of 2021],Ndebele,Ken-ichi Ueda,2021-10-21T20:20:22Z
133182,mouwane,und,"","",South African National Biodiversity Institute. 2021. Botanical Database of Southern Africa (BODATSA) [offline dataset]. http://newposa.sanbi.org [Note that these data are not available at this URL as of 2021],Ndebele,Ken-ichi Ueda,2021-10-21T20:20:22Z
133182,umkhiwa,und,"","",South African National Biodiversity Institute. 2021. Botanical Database of Southern Africa (BODATSA) [offline dataset]. http://newposa.sanbi.org [Note that these data are not available at this URL as of 2021],Ndebele,Ken-ichi Ueda,2021-10-21T20:20:23Z
133182,umkiwa,und,"","",South African National Biodiversity Institute. 2021. Botanical Database of Southern Africa (BODATSA) [offline dataset]. http://newposa.sanbi.org [Note that these data are not available at this URL as of 2021],Ndebele,Ken-ichi Ueda,2021-10-21T20:20:23Z
541491,ibozane,und,"","",South African National Biodiversity Institute. 2021. Botanical Database of Southern Africa (BODATSA) [offline dataset]. http://newposa.sanbi.org [Note that these data are not available at this URL as of 2021],Ndebele,Ken-ichi Ueda,2021-10-21T20:20:23Z
541491,ibozane umkulu,und,"","",South African National Biodiversity Institute. 2021. Botanical Database of Southern Africa (BODATSA) [offline dataset]. http://newposa.sanbi.org [Note that these data are not available at this URL as of 2021],Ndebele,Ken-ichi Ueda,2021-10-21T20:20:24Z
541491,inkiwanyane,und,"","",South African National Biodiversity Institute. 2021. Botanical Database of Southern Africa (BODATSA) [offline dataset]. http://newposa.sanbi.org [Note that these data are not available at this URL as of 2021],Ndebele,Ken-ichi Ueda,2021-10-21T20:20:24Z
541491,umkululu,und,"","",South African National Biodiversity Institute. 2021. Botanical Database of Southern Africa (BODATSA) [offline dataset]. http://newposa.sanbi.org [Note that these data are not available at this URL as of 2021],Ndebele,Ken-ichi Ueda,2021-10-21T20:20:24Z
541491,umpayamputsane,und,"","",South African National Biodiversity Institute. 2021. Botanical Database of Southern Africa (BODATSA) [offline dataset]. http://newposa.sanbi.org [Note that these data are not available at this URL as of 2021],Ndebele,Ken-ichi Ueda,2021-10-21T20:20:25Z
340302,umkozombo,und,"","",South African National Biodiversity Institute. 2021. Botanical Database of Southern Africa (BODATSA) [offline dataset]. http://newposa.sanbi.org [Note that these data are not available at this URL as of 2021],Ndebele,Ken-ichi Ueda,2021-10-21T20:20:25Z
586123,we-hlati,und,"","",South African National Biodiversity Institute. 2021. Botanical Database of Southern Africa (BODATSA) [offline dataset]. http://newposa.sanbi.org [Note that these data are not available at this URL as of 2021],Ndebele,Ken-ichi Ueda,2021-10-21T20:20:25Z
466979,umvalasangwane,und,"","",South African National Biodiversity Institute. 2021. Botanical Database of Southern Africa (BODATSA) [offline dataset]. http://newposa.sanbi.org [Note that these data are not available at this URL as of 2021],Ndebele,Ken-ichi Ueda,2021-10-21T20:20:26Z
418613,indokwe,und,"","",South African National Biodiversity Institute. 2021. Botanical Database of Southern Africa (BODATSA) [offline dataset]. http://newposa.sanbi.org [Note that these data are not available at this URL as of 2021],Ndebele,Ken-ichi Ueda,2021-10-21T20:20:26Z
141177,amagugulume,und,"","",South African National Biodiversity Institute. 2021. Botanical Database of Southern Africa (BODATSA) [offline dataset]. http://newposa.sanbi.org [Note that these data are not available at this URL as of 2021],Ndebele,Ken-ichi Ueda,2021-10-21T20:20:26Z
141177,amakukhulume,und,"","",South African National Biodiversity Institute. 2021. Botanical Database of Southern Africa (BODATSA) [offline dataset]. http://newposa.sanbi.org [Note that these data are not available at this URL as of 2021],Ndebele,Ken-ichi Ueda,2021-10-21T20:20:27Z
141177,amakukulume,und,"","",South African National Biodiversity Institute. 2021. Botanical Database of Southern Africa (BODATSA) [offline dataset]. http://newposa.sanbi.org [Note that these data are not available at this URL as of 2021],Ndebele,Ken-ichi Ueda,2021-10-21T20:20:27Z
141177,iliqude,und,"","",South African National Biodiversity Institute. 2021. Botanical Database of Southern Africa (BODATSA) [offline dataset]. http://newposa.sanbi.org [Note that these data are not available at this URL as of 2021],Ndebele,Ken-ichi Ueda,2021-10-21T20:20:27Z
141177,inya-nkuku,und,"","",South African National Biodiversity Institute. 2021. Botanical Database of Southern Africa (BODATSA) [offline dataset]. http://newposa.sanbi.org [Note that these data are not available at this URL as of 2021],Ndebele,Ken-ichi Ueda,2021-10-21T20:20:27Z
141177,liqude,und,"","",South African National Biodiversity Institute. 2021. Botanical Database of Southern Africa (BODATSA) [offline dataset]. http://newposa.sanbi.org [Note that these data are not available at this URL as of 2021],Ndebele,Ken-ichi Ueda,2021-10-21T20:20:28Z
141177,magugulume,und,"","",South African National Biodiversity Institute. 2021. Botanical Database of Southern Africa (BODATSA) [offline dataset]. http://newposa.sanbi.org [Note that these data are not available at this URL as of 2021],Ndebele,Ken-ichi Ueda,2021-10-21T20:20:28Z
141177,makukulume,und,"","",South African National Biodiversity Institute. 2021. Botanical Database of Southern Africa (BODATSA) [offline dataset]. http://newposa.sanbi.org [Note that these data are not available at this URL as of 2021],Ndebele,Ken-ichi Ueda,2021-10-21T20:20:28Z
141177,unyawo-lwenkuku,und,"","",South African National Biodiversity Institute. 2021. Botanical Database of Southern Africa (BODATSA) [offline dataset]. http://newposa.sanbi.org [Note that these data are not available at this URL as of 2021],Ndebele,Ken-ichi Ueda,2021-10-21T20:20:29Z
141177,unyawu-lwenkuku,und,"","",South African National Biodiversity Institute. 2021. Botanical Database of Southern Africa (BODATSA) [offline dataset]. http://newposa.sanbi.org [Note that these data are not available at this URL as of 2021],Ndebele,Ken-ichi Ueda,2021-10-21T20:20:29Z
431075,ubhuzu,und,"","",South African National Biodiversity Institute. 2021. Botanical Database of Southern Africa (BODATSA) [offline dataset]. http://newposa.sanbi.org [Note that these data are not available at this URL as of 2021],Ndebele,Ken-ichi Ueda,2021-10-21T20:20:29Z
431075,umnaba,und,"","",South African National Biodiversity Institute. 2021. Botanical Database of Southern Africa (BODATSA) [offline dataset]. http://newposa.sanbi.org [Note that these data are not available at this URL as of 2021],Ndebele,Ken-ichi Ueda,2021-10-21T20:20:30Z
431075,umtewa,und,"","",South African National Biodiversity Institute. 2021. Botanical Database of Southern Africa (BODATSA) [offline dataset]. http://newposa.sanbi.org [Note that these data are not available at this URL as of 2021],Ndebele,Ken-ichi Ueda,2021-10-21T20:20:30Z
469315,umklampunzi,und,"","",South African National Biodiversity Institute. 2021. Botanical Database of Southern Africa (BODATSA) [offline dataset]. http://newposa.sanbi.org [Note that these data are not available at this URL as of 2021],Ndebele,Ken-ichi Ueda,2021-10-21T20:20:30Z
469315,umpumpulwane,und,"","",South African National Biodiversity Institute. 2021. Botanical Database of Southern Africa (BODATSA) [offline dataset]. http://newposa.sanbi.org [Note that these data are not available at this URL as of 2021],Ndebele,Ken-ichi Ueda,2021-10-21T20:20:31Z
485445,umtshini,und,"","",South African National Biodiversity Institute. 2021. Botanical Database of Southern Africa (BODATSA) [offline dataset]. http://newposa.sanbi.org [Note that these data are not available at this URL as of 2021],Ndebele,Ken-ichi Ueda,2021-10-21T20:20:31Z
163761,umgangampunza,und,"","",South African National Biodiversity Institute. 2021. Botanical Database of Southern Africa (BODATSA) [offline dataset]. http://newposa.sanbi.org [Note that these data are not available at this URL as of 2021],Ndebele,Ken-ichi Ueda,2021-10-21T20:20:31Z
587950,idiadende,und,"","",South African National Biodiversity Institute. 2021. Botanical Database of Southern Africa (BODATSA) [offline dataset]. http://newposa.sanbi.org [Note that these data are not available at this URL as of 2021],Ndebele,Ken-ichi Ueda,2021-10-21T20:20:32Z
587950,igonsi,und,"","",South African National Biodiversity Institute. 2021. Botanical Database of Southern Africa (BODATSA) [offline dataset]. http://newposa.sanbi.org [Note that these data are not available at this URL as of 2021],Ndebele,Ken-ichi Ueda,2021-10-21T20:20:32Z
81491,ipfungwani,und,"","",South African National Biodiversity Institute. 2021. Botanical Database of Southern Africa (BODATSA) [offline dataset]. http://newposa.sanbi.org [Note that these data are not available at this URL as of 2021],Ndebele,Ken-ichi Ueda,2021-10-21T20:20:32Z
81491,umbvewe,und,"","",South African National Biodiversity Institute. 2021. Botanical Database of Southern Africa (BODATSA) [offline dataset]. http://newposa.sanbi.org [Note that these data are not available at this URL as of 2021],Ndebele,Ken-ichi Ueda,2021-10-21T20:20:33Z
81491,umvebe,und,"","",South African National Biodiversity Institute. 2021. Botanical Database of Southern Africa (BODATSA) [offline dataset]. http://newposa.sanbi.org [Note that these data are not available at this URL as of 2021],Ndebele,Ken-ichi Ueda,2021-10-21T20:20:33Z
588676,isagangatsha,und,"","",South African National Biodiversity Institute. 2021. Botanical Database of Southern Africa (BODATSA) [offline dataset]. http://newposa.sanbi.org [Note that these data are not available at this URL as of 2021],Ndebele,Ken-ichi Ueda,2021-10-21T20:20:33Z
588676,umpwanda,und,"","",South African National Biodiversity Institute. 2021. Botanical Database of Southern Africa (BODATSA) [offline dataset]. http://newposa.sanbi.org [Note that these data are not available at this URL as of 2021],Ndebele,Ken-ichi Ueda,2021-10-21T20:20:34Z
588676,umpwanele,und,"","",South African National Biodiversity Institute. 2021. Botanical Database of Southern Africa (BODATSA) [offline dataset]. http://newposa.sanbi.org [Note that these data are not available at this URL as of 2021],Ndebele,Ken-ichi Ueda,2021-10-21T20:20:34Z
340120,umganukomo,und,"","",South African National Biodiversity Institute. 2021. Botanical Database of Southern Africa (BODATSA) [offline dataset]. http://newposa.sanbi.org [Note that these data are not available at this URL as of 2021],Ndebele,Ken-ichi Ueda,2021-10-21T20:20:34Z
50333,ubuhobe besikhiwa,und,"","",South African National Biodiversity Institute. 2021. Botanical Database of Southern Africa (BODATSA) [offline dataset]. http://newposa.sanbi.org [Note that these data are not available at this URL as of 2021],Ndebele,Ken-ichi Ueda,2021-10-21T20:20:35Z
588682,utshwalabenyoni,und,"","",South African National Biodiversity Institute. 2021. Botanical Database of Southern Africa (BODATSA) [offline dataset]. http://newposa.sanbi.org [Note that these data are not available at this URL as of 2021],Ndebele,Ken-ichi Ueda,2021-10-21T20:20:35Z
343067,umsuzwana,und,"","",South African National Biodiversity Institute. 2021. Botanical Database of Southern Africa (BODATSA) [offline dataset]. http://newposa.sanbi.org [Note that these data are not available at this URL as of 2021],Ndebele,Ken-ichi Ueda,2021-10-21T20:20:35Z
343067,usuzwane,und,"","",South African National Biodiversity Institute. 2021. Botanical Database of Southern Africa (BODATSA) [offline dataset]. http://newposa.sanbi.org [Note that these data are not available at this URL as of 2021],Ndebele,Ken-ichi Ueda,2021-10-21T20:20:36Z
469316,umbumbulu,und,"","",South African National Biodiversity Institute. 2021. Botanical Database of Southern Africa (BODATSA) [offline dataset]. http://newposa.sanbi.org [Note that these data are not available at this URL as of 2021],Ndebele,Ken-ichi Ueda,2021-10-21T20:20:36Z
469795,ufazhamka,und,"","",South African National Biodiversity Institute. 2021. Botanical Database of Southern Africa (BODATSA) [offline dataset]. http://newposa.sanbi.org [Note that these data are not available at this URL as of 2021],Ndebele,Ken-ichi Ueda,2021-10-21T20:20:37Z
469795,ufaziamke,und,"","",South African National Biodiversity Institute. 2021. Botanical Database of Southern Africa (BODATSA) [offline dataset]. http://newposa.sanbi.org [Note that these data are not available at this URL as of 2021],Ndebele,Ken-ichi Ueda,2021-10-21T20:20:37Z
469795,ufazimka,und,"","",South African National Biodiversity Institute. 2021. Botanical Database of Southern Africa (BODATSA) [offline dataset]. http://newposa.sanbi.org [Note that these data are not available at this URL as of 2021],Ndebele,Ken-ichi Ueda,2021-10-21T20:20:37Z
469795,ufazimuke,und,"","",South African National Biodiversity Institute. 2021. Botanical Database of Southern Africa (BODATSA) [offline dataset]. http://newposa.sanbi.org [Note that these data are not available at this URL as of 2021],Ndebele,Ken-ichi Ueda,2021-10-21T20:20:38Z
469795,umafavuke,und,"","",South African National Biodiversity Institute. 2021. Botanical Database of Southern Africa (BODATSA) [offline dataset]. http://newposa.sanbi.org [Note that these data are not available at this URL as of 2021],Ndebele,Ken-ichi Ueda,2021-10-21T20:20:38Z
469795,umazifisi,und,"","",South African National Biodiversity Institute. 2021. Botanical Database of Southern Africa (BODATSA) [offline dataset]. http://newposa.sanbi.org [Note that these data are not available at this URL as of 2021],Ndebele,Ken-ichi Ueda,2021-10-21T20:20:38Z
322082,umguma,und,"","",South African National Biodiversity Institute. 2021. Botanical Database of Southern Africa (BODATSA) [offline dataset]. http://newposa.sanbi.org [Note that these data are not available at this URL as of 2021],Ndebele,Ken-ichi Ueda,2021-10-21T20:20:39Z
322082,umquma,und,"","",South African National Biodiversity Institute. 2021. Botanical Database of Southern Africa (BODATSA) [offline dataset]. http://newposa.sanbi.org [Note that these data are not available at this URL as of 2021],Ndebele,Ken-ichi Ueda,2021-10-21T20:20:39Z
64119,idolofia,und,"","",South African National Biodiversity Institute. 2021. Botanical Database of Southern Africa (BODATSA) [offline dataset]. http://newposa.sanbi.org [Note that these data are not available at this URL as of 2021],Ndebele,Ken-ichi Ueda,2021-10-21T20:20:39Z
53168,kahungarara,und,"","",South African National Biodiversity Institute. 2021. Botanical Database of Southern Africa (BODATSA) [offline dataset]. http://newposa.sanbi.org [Note that these data are not available at this URL as of 2021],Ndebele,Ken-ichi Ueda,2021-10-21T20:20:40Z
1064938,umhatji,und,"","",South African National Biodiversity Institute. 2021. Botanical Database of Southern Africa (BODATSA) [offline dataset]. http://newposa.sanbi.org [Note that these data are not available at this URL as of 2021],Ndebele,Ken-ichi Ueda,2021-10-21T20:20:40Z
428559,ilitye,und,"","",South African National Biodiversity Institute. 2021. Botanical Database of Southern Africa (BODATSA) [offline dataset]. http://newposa.sanbi.org [Note that these data are not available at this URL as of 2021],Ndebele,Ken-ichi Ueda,2021-10-21T20:20:41Z
428559,isagogwane,und,"","",South African National Biodiversity Institute. 2021. Botanical Database of Southern Africa (BODATSA) [offline dataset]. http://newposa.sanbi.org [Note that these data are not available at this URL as of 2021],Ndebele,Ken-ichi Ueda,2021-10-21T20:20:41Z
428559,kambeje,und,"","",South African National Biodiversity Institute. 2021. Botanical Database of Southern Africa (BODATSA) [offline dataset]. http://newposa.sanbi.org [Note that these data are not available at this URL as of 2021],Ndebele,Ken-ichi Ueda,2021-10-21T20:20:41Z
428559,mzagogwana,und,"","",South African National Biodiversity Institute. 2021. Botanical Database of Southern Africa (BODATSA) [offline dataset]. http://newposa.sanbi.org [Note that these data are not available at this URL as of 2021],Ndebele,Ken-ichi Ueda,2021-10-21T20:20:41Z
428559,sagogwana,und,"","",South African National Biodiversity Institute. 2021. Botanical Database of Southern Africa (BODATSA) [offline dataset]. http://newposa.sanbi.org [Note that these data are not available at this URL as of 2021],Ndebele,Ken-ichi Ueda,2021-10-21T20:20:42Z
428559,sokungwani,und,"","",South African National Biodiversity Institute. 2021. Botanical Database of Southern Africa (BODATSA) [offline dataset]. http://newposa.sanbi.org [Note that these data are not available at this URL as of 2021],Ndebele,Ken-ichi Ueda,2021-10-21T20:20:42Z
428559,umtshulantshula,und,"","",South African National Biodiversity Institute. 2021. Botanical Database of Southern Africa (BODATSA) [offline dataset]. http://newposa.sanbi.org [Note that these data are not available at this URL as of 2021],Ndebele,Ken-ichi Ueda,2021-10-21T20:20:42Z
428559,uzagogwane,und,"","",South African National Biodiversity Institute. 2021. Botanical Database of Southern Africa (BODATSA) [offline dataset]. http://newposa.sanbi.org [Note that these data are not available at this URL as of 2021],Ndebele,Ken-ichi Ueda,2021-10-21T20:20:43Z
199580,mbola,und,"","",South African National Biodiversity Institute. 2021. Botanical Database of Southern Africa (BODATSA) [offline dataset]. http://newposa.sanbi.org [Note that these data are not available at this URL as of 2021],Ndebele,Ken-ichi Ueda,2021-10-21T20:20:43Z
199580,muchakata,und,"","",South African National Biodiversity Institute. 2021. Botanical Database of Southern Africa (BODATSA) [offline dataset]. http://newposa.sanbi.org [Note that these data are not available at this URL as of 2021],Ndebele,Ken-ichi Ueda,2021-10-21T20:20:43Z
199580,umnkuna,und,"","",South African National Biodiversity Institute. 2021. Botanical Database of Southern Africa (BODATSA) [offline dataset]. http://newposa.sanbi.org [Note that these data are not available at this URL as of 2021],Ndebele,Ken-ichi Ueda,2021-10-21T20:20:44Z
138688,umsehla,und,"","",South African National Biodiversity Institute. 2021. Botanical Database of Southern Africa (BODATSA) [offline dataset]. http://newposa.sanbi.org [Note that these data are not available at this URL as of 2021],Ndebele,Ken-ichi Ueda,2021-10-21T20:20:44Z
202342,inyawuthi,und,"","",South African National Biodiversity Institute. 2021. Botanical Database of Southern Africa (BODATSA) [offline dataset]. http://newposa.sanbi.org [Note that these data are not available at this URL as of 2021],Ndebele,Ken-ichi Ueda,2021-10-21T20:20:44Z
591815,umulugwe,und,"","",South African National Biodiversity Institute. 2021. Botanical Database of Southern Africa (BODATSA) [offline dataset]. http://newposa.sanbi.org [Note that these data are not available at this URL as of 2021],Ndebele,Ken-ichi Ueda,2021-10-21T20:20:45Z
592162,ihabahaba,und,"","",South African National Biodiversity Institute. 2021. Botanical Database of Southern Africa (BODATSA) [offline dataset]. http://newposa.sanbi.org [Note that these data are not available at this URL as of 2021],Ndebele,Ken-ichi Ueda,2021-10-21T20:20:45Z
584388,umgugutu,und,"","",South African National Biodiversity Institute. 2021. Botanical Database of Southern Africa (BODATSA) [offline dataset]. http://newposa.sanbi.org [Note that these data are not available at this URL as of 2021],Ndebele,Ken-ichi Ueda,2021-10-21T20:20:45Z
431512,umbengahonye,und,"","",South African National Biodiversity Institute. 2021. Botanical Database of Southern Africa (BODATSA) [offline dataset]. http://newposa.sanbi.org [Note that these data are not available at this URL as of 2021],Ndebele,Ken-ichi Ueda,2021-10-21T20:20:46Z
431512,umnembu,und,"","",South African National Biodiversity Institute. 2021. Botanical Database of Southern Africa (BODATSA) [offline dataset]. http://newposa.sanbi.org [Note that these data are not available at this URL as of 2021],Ndebele,Ken-ichi Ueda,2021-10-21T20:20:46Z
431512,umpahla,und,"","",South African National Biodiversity Institute. 2021. Botanical Database of Southern Africa (BODATSA) [offline dataset]. http://newposa.sanbi.org [Note that these data are not available at this URL as of 2021],Ndebele,Ken-ichi Ueda,2021-10-21T20:20:46Z
600886,amakhukhuzela,und,"","",South African National Biodiversity Institute. 2021. Botanical Database of Southern Africa (BODATSA) [offline dataset]. http://newposa.sanbi.org [Note that these data are not available at this URL as of 2021],Ndebele,Ken-ichi Ueda,2021-10-21T20:20:47Z
79020,ucane,und,"","",South African National Biodiversity Institute. 2021. Botanical Database of Southern Africa (BODATSA) [offline dataset]. http://newposa.sanbi.org [Note that these data are not available at this URL as of 2021],Ndebele,Ken-ichi Ueda,2021-10-21T20:20:47Z
79020,uchane,und,"","",South African National Biodiversity Institute. 2021. Botanical Database of Southern Africa (BODATSA) [offline dataset]. http://newposa.sanbi.org [Note that these data are not available at this URL as of 2021],Ndebele,Ken-ichi Ueda,2021-10-21T20:20:47Z
598605,ma belabela,und,"","",South African National Biodiversity Institute. 2021. Botanical Database of Southern Africa (BODATSA) [offline dataset]. http://newposa.sanbi.org [Note that these data are not available at this URL as of 2021],Ndebele,Ken-ichi Ueda,2021-10-21T20:20:48Z
340199,ngoma,und,"","",South African National Biodiversity Institute. 2021. Botanical Database of Southern Africa (BODATSA) [offline dataset]. http://newposa.sanbi.org [Note that these data are not available at this URL as of 2021],Ndebele,Ken-ichi Ueda,2021-10-21T20:20:48Z
340199,umganumapoba,und,"","",South African National Biodiversity Institute. 2021. Botanical Database of Southern Africa (BODATSA) [offline dataset]. http://newposa.sanbi.org [Note that these data are not available at this URL as of 2021],Ndebele,Ken-ichi Ueda,2021-10-21T20:20:48Z
369448,mutondochuru,und,"","",South African National Biodiversity Institute. 2021. Botanical Database of Southern Africa (BODATSA) [offline dataset]. http://newposa.sanbi.org [Note that these data are not available at this URL as of 2021],Ndebele,Ken-ichi Ueda,2021-10-21T20:20:49Z
340246,iganu,und,"","",South African National Biodiversity Institute. 2021. Botanical Database of Southern Africa (BODATSA) [offline dataset]. http://newposa.sanbi.org [Note that these data are not available at this URL as of 2021],Ndebele,Ken-ichi Ueda,2021-10-21T20:20:49Z
340246,umganu,und,"","",South African National Biodiversity Institute. 2021. Botanical Database of Southern Africa (BODATSA) [offline dataset]. http://newposa.sanbi.org [Note that these data are not available at this URL as of 2021],Ndebele,Ken-ichi Ueda,2021-10-21T20:20:49Z
405995,mabolo,und,"","",South African National Biodiversity Institute. 2021. Botanical Database of Southern Africa (BODATSA) [offline dataset]. http://newposa.sanbi.org [Note that these data are not available at this URL as of 2021],Ndebele,Ken-ichi Ueda,2021-10-21T20:20:50Z
285850,inkunzana enkulu,und,"","",South African National Biodiversity Institute. 2021. Botanical Database of Southern Africa (BODATSA) [offline dataset]. http://newposa.sanbi.org [Note that these data are not available at this URL as of 2021],Ndebele,Ken-ichi Ueda,2021-10-21T20:20:50Z
601178,inama,und,"","",South African National Biodiversity Institute. 2021. Botanical Database of Southern Africa (BODATSA) [offline dataset]. http://newposa.sanbi.org [Note that these data are not available at this URL as of 2021],Ndebele,Ken-ichi Ueda,2021-10-21T20:20:51Z
79141,ixabaxaba,und,"","",South African National Biodiversity Institute. 2021. Botanical Database of Southern Africa (BODATSA) [offline dataset]. http://newposa.sanbi.org [Note that these data are not available at this URL as of 2021],Ndebele,Ken-ichi Ueda,2021-10-21T20:20:51Z
53294,ulimilwenkhomo,und,"","",South African National Biodiversity Institute. 2021. Botanical Database of Southern Africa (BODATSA) [offline dataset]. http://newposa.sanbi.org [Note that these data are not available at this URL as of 2021],Ndebele,Ken-ichi Ueda,2021-10-21T20:20:51Z
58387,iquangaboto,und,"","",South African National Biodiversity Institute. 2021. Botanical Database of Southern Africa (BODATSA) [offline dataset]. http://newposa.sanbi.org [Note that these data are not available at this URL as of 2021],Ndebele,Ken-ichi Ueda,2021-10-21T20:20:52Z
595009,umkemeswane,und,"","",South African National Biodiversity Institute. 2021. Botanical Database of Southern Africa (BODATSA) [offline dataset]. http://newposa.sanbi.org [Note that these data are not available at this URL as of 2021],Ndebele,Ken-ichi Ueda,2021-10-21T20:20:52Z
595009,umkhethswane,und,"","",South African National Biodiversity Institute. 2021. Botanical Database of Southern Africa (BODATSA) [offline dataset]. http://newposa.sanbi.org [Note that these data are not available at this URL as of 2021],Ndebele,Ken-ichi Ueda,2021-10-21T20:20:53Z
340170,umwawa,und,"","",South African National Biodiversity Institute. 2021. Botanical Database of Southern Africa (BODATSA) [offline dataset]. http://newposa.sanbi.org [Note that these data are not available at this URL as of 2021],Ndebele,Ken-ichi Ueda,2021-10-21T20:20:53Z
595012,umgwadi,und,"","",South African National Biodiversity Institute. 2021. Botanical Database of Southern Africa (BODATSA) [offline dataset]. http://newposa.sanbi.org [Note that these data are not available at this URL as of 2021],Ndebele,Ken-ichi Ueda,2021-10-21T20:20:53Z
601299,ihlala,und,"","",South African National Biodiversity Institute. 2021. Botanical Database of Southern Africa (BODATSA) [offline dataset]. http://newposa.sanbi.org [Note that these data are not available at this URL as of 2021],Ndebele,Ken-ichi Ueda,2021-10-21T20:20:54Z
601299,umhlati,und,"","",South African National Biodiversity Institute. 2021. Botanical Database of Southern Africa (BODATSA) [offline dataset]. http://newposa.sanbi.org [Note that these data are not available at this URL as of 2021],Ndebele,Ken-ichi Ueda,2021-10-21T20:20:54Z
601299,umkibatshame,und,"","",South African National Biodiversity Institute. 2021. Botanical Database of Southern Africa (BODATSA) [offline dataset]. http://newposa.sanbi.org [Note that these data are not available at this URL as of 2021],Ndebele,Ken-ichi Ueda,2021-10-21T20:20:54Z
601299,umngono,und,"","",South African National Biodiversity Institute. 2021. Botanical Database of Southern Africa (BODATSA) [offline dataset]. http://newposa.sanbi.org [Note that these data are not available at this URL as of 2021],Ndebele,Ken-ichi Ueda,2021-10-21T20:20:55Z
79313,mbanje,und,"","",South African National Biodiversity Institute. 2021. Botanical Database of Southern Africa (BODATSA) [offline dataset]. http://newposa.sanbi.org [Note that these data are not available at this URL as of 2021],Ndebele,Ken-ichi Ueda,2021-10-21T20:20:55Z
474039,umnqebe,und,"","",South African National Biodiversity Institute. 2021. Botanical Database of Southern Africa (BODATSA) [offline dataset]. http://newposa.sanbi.org [Note that these data are not available at this URL as of 2021],Ndebele,Ken-ichi Ueda,2021-10-21T20:20:55Z
430533,ivikani,und,"","",South African National Biodiversity Institute. 2021. Botanical Database of Southern Africa (BODATSA) [offline dataset]. http://newposa.sanbi.org [Note that these data are not available at this URL as of 2021],Ndebele,Ken-ichi Ueda,2021-10-21T20:20:56Z
336810,mangwe,und,"","",South African National Biodiversity Institute. 2021. Botanical Database of Southern Africa (BODATSA) [offline dataset]. http://newposa.sanbi.org [Note that these data are not available at this URL as of 2021],Ndebele,Ken-ichi Ueda,2021-10-21T20:20:56Z
336810,umangwe,und,"","",South African National Biodiversity Institute. 2021. Botanical Database of Southern Africa (BODATSA) [offline dataset]. http://newposa.sanbi.org [Note that these data are not available at this URL as of 2021],Ndebele,Ken-ichi Ueda,2021-10-21T20:20:56Z
601481,idelele inama,und,"","",South African National Biodiversity Institute. 2021. Botanical Database of Southern Africa (BODATSA) [offline dataset]. http://newposa.sanbi.org [Note that these data are not available at this URL as of 2021],Ndebele,Ken-ichi Ueda,2021-10-21T20:20:57Z
142853,inkwapau,und,"","",South African National Biodiversity Institute. 2021. Botanical Database of Southern Africa (BODATSA) [offline dataset]. http://newposa.sanbi.org [Note that these data are not available at this URL as of 2021],Ndebele,Ken-ichi Ueda,2021-10-21T20:20:57Z
142853,umdabula,und,"","",South African National Biodiversity Institute. 2021. Botanical Database of Southern Africa (BODATSA) [offline dataset]. http://newposa.sanbi.org [Note that these data are not available at this URL as of 2021],Ndebele,Ken-ichi Ueda,2021-10-21T20:20:57Z
571042,Isigenama,und,"","",South African National Biodiversity Institute. 2021. Botanical Database of Southern Africa (BODATSA) [offline dataset]. http://newposa.sanbi.org [Note that these data are not available at this URL as of 2021],Ndebele,Ken-ichi Ueda,2021-10-21T20:20:57Z
595972,amadumbutshenene,und,"","",South African National Biodiversity Institute. 2021. Botanical Database of Southern Africa (BODATSA) [offline dataset]. http://newposa.sanbi.org [Note that these data are not available at this URL as of 2021],Ndebele,Ken-ichi Ueda,2021-10-21T20:20:58Z
595972,mosomosomo,und,"","",South African National Biodiversity Institute. 2021. Botanical Database of Southern Africa (BODATSA) [offline dataset]. http://newposa.sanbi.org [Note that these data are not available at this URL as of 2021],Ndebele,Ken-ichi Ueda,2021-10-21T20:20:58Z
595972,umyiyo,und,"","",South African National Biodiversity Institute. 2021. Botanical Database of Southern Africa (BODATSA) [offline dataset]. http://newposa.sanbi.org [Note that these data are not available at this URL as of 2021],Ndebele,Ken-ichi Ueda,2021-10-21T20:20:58Z
340393,Inyathelo,und,"","",South African National Biodiversity Institute. 2021. Botanical Database of Southern Africa (BODATSA) [offline dataset]. http://newposa.sanbi.org [Note that these data are not available at this URL as of 2021],Ndebele,Ken-ichi Ueda,2021-10-21T20:20:59Z
130789,isikolanjiba,und,"","",South African National Biodiversity Institute. 2021. Botanical Database of Southern Africa (BODATSA) [offline dataset]. http://newposa.sanbi.org [Note that these data are not available at this URL as of 2021],Ndebele,Ken-ichi Ueda,2021-10-21T20:20:59Z
362174,umnungumabele,und,"","",South African National Biodiversity Institute. 2021. Botanical Database of Southern Africa (BODATSA) [offline dataset]. http://newposa.sanbi.org [Note that these data are not available at this URL as of 2021],Ndebele,Ken-ichi Ueda,2021-10-21T20:20:59Z
340229,umpafa,und,"","",South African National Biodiversity Institute. 2021. Botanical Database of Southern Africa (BODATSA) [offline dataset]. http://newposa.sanbi.org [Note that these data are not available at this URL as of 2021],Ndebele,Ken-ichi Ueda,2021-10-21T20:21:00Z
343067,msuzwane,und,"","",,Ndebele,Botswanabugs,2021-10-29T00:42:10Z
119995,macimbi,und,"","",,Ndebele,Botswanabugs,2021-11-08T07:27:57Z
119995,iinnondo,und,"","",,Ndebele,Botswanabugs,2021-11-08T07:33:22Z
416750,isikhukhukhu,und,"","",,Ndebele,Botswanabugs,2021-11-08T08:51:15Z
543115,Imbabazane,und,"","",,Ndebele,Botswanabugs,2021-11-08T09:57:07Z
528081,inkonkoni,und,"","",,Ndebele,Botswanabugs,2021-11-11T11:59:08Z
81500,umkomo,und,"","",,Ndebele,Botswanabugs,2021-11-11T15:26:21Z
68227,imondo,und,"","",,Ndebele,Botswanabugs,2021-11-13T10:57:14Z
43335,dube,und,"","",,Ndebele,Botswanabugs,2021-11-16T05:08:36Z
186043,Ibiswa,und,"","",,Ndebele,Botswanabugs,2021-11-16T12:20:14Z
186043,Umfusamvu,und,"","",,Ndebele,Botswanabugs,2021-11-16T12:22:25Z
186043,Uphokophokwane,und,"","",,Ndebele,Botswanabugs,2021-11-16T12:23:04Z
42339,Ibhalabhala,und,"","",,Ndebele,Botswanabugs,2021-11-20T04:37:04Z
1316992,iTswi-yaditon,und,"","",,Ndebele,Kai-Philipp Schablewski,2021-11-23T22:12:34Z
42157,intundla,und,"","",,Ndebele,Botswanabugs,2021-11-26T09:35:01Z
1348167,amanedza,und,"","",https://www.inaturalist.org/taxon_names/1926589/edit,Ndebele,,2022-01-06T07:26:15Z
142774,imvenduna,und,"","",,Ndebele,Botswanabugs,2022-01-09T04:37:12Z
142774,inukani,und,"","",,Ndebele,Botswanabugs,2022-01-09T04:37:44Z
3687,itshiyavovo,und,"","",,Ndebele,Botswanabugs,2022-01-09T04:54:50Z
2269,ifefe,und,"","",,Ndebele,Botswanabugs,2022-01-09T05:17:11Z
340072,umhlaba,und,"Witbank, MP, ZA","",,Ndebele,Dewald du Plessis,2022-01-10T21:27:42Z
340072,imihlaba,und,"Witbank, MP, ZA","",,Ndebele,Dewald du Plessis,2022-01-10T21:28:03Z
340143,Umhagawuwe,und,"","",,Ndebele,Botswanabugs,2022-01-20T12:16:26Z
340143,Umhlagawuwe,und,"","",,Ndebele,Botswanabugs,2022-01-20T12:17:36Z
138688,Msehla,und,"","",,Ndebele,Botswanabugs,2022-02-03T05:29:19Z
986414,Amabhodi,und,"","",,Ndebele,Botswanabugs,2022-02-03T17:31:43Z
427768,Inyathelo,und,"","",,Ndebele,Botswanabugs,2022-02-04T04:50:33Z
1306005,Sambane,und,"","",https://www.inaturalist.org/taxon_names/2899681/edit,Ndebele,Bobby McCabe,2022-02-28T01:14:32Z
1306005,Intuhu,und,"","",https://www.inaturalist.org/taxon_names/2899683/edit,Ndebele,Bobby McCabe,2022-02-28T01:14:32Z
1306005,Isangci,und,"","",https://www.inaturalist.org/taxon_names/2899684/edit,Ndebele,Bobby McCabe,2022-02-28T01:14:33Z
1306005,Inthuhu,und,"","",https://www.inaturalist.org/taxon_names/2899691/edit,Ndebele,Bobby McCabe,2022-02-28T01:14:35Z
1306005,Isambane,und,"","",https://www.inaturalist.org/taxon_names/2899689/edit,Ndebele,Bobby McCabe,2022-02-28T01:14:35Z
45929,mayelane,und,"","",,Ndebele,Botswanabugs,2022-03-10T10:16:44Z
1210966,mbhungulu,und,"","",,Ndebele,Botswanabugs,2022-03-10T10:35:04Z
1210966,tibhungulu,und,"","",,Ndebele,Botswanabugs,2022-03-10T10:35:41Z
1210966,Ikhanka,und,"","",,Ndebele,Botswanabugs,2022-03-10T10:38:19Z
1210966,Impungushe,und,"","",,Ndebele,Botswanabugs,2022-03-10T10:39:50Z
1210966,Pungutja,und,"","",,Ndebele,Botswanabugs,2022-03-10T10:41:37Z
1210966,Datjha,und,"","",,Ndebele,Botswanabugs,2022-03-10T10:46:59Z
1210966,Pungutjha,und,"","",,Ndebele,Botswanabugs,2022-03-10T10:47:36Z
5017,udoyidoyi,und,"","",,Ndebele,Botswanabugs,2022-03-10T11:04:04Z
42042,iNthwane,und,"","",,Ndebele,Botswanabugs,2022-03-24T04:08:10Z
42042,ingwane,und,"","",,Ndebele,Botswanabugs,2022-03-24T04:08:45Z
42042,Intwane,und,"","",,Ndebele,Botswanabugs,2022-03-24T04:22:21Z
41886,mpisi,und,"","",,Ndebele,Botswanabugs,2022-03-24T08:18:23Z
42305,Umziki,und,"","",,Ndebele,Botswanabugs,2022-03-24T11:45:32Z
42276,Inkolomi,und,"","",,Ndebele,Botswanabugs,2022-03-24T12:00:11Z
1371230,umkukuzela,und,"","",South African National Biodiversity Institute. 2021. Botanical Database of Southern Africa (BODATSA) [offline dataset]. http://newposa.sanbi.org [Note that these data are not available at this URL as of 2021],Ndebele,,2022-03-31T08:47:24Z
56739,umfude,und,"","",South African National Biodiversity Institute. 2021. Botanical Database of Southern Africa (BODATSA) [offline dataset]. http://newposa.sanbi.org [Note that these data are not available at this URL as of 2021],Ndebele,,2022-05-09T18:29:02Z
191689,Umwane,und,"","",https://www.inaturalist.org/taxon_names/2647873/edit,Ndebele,,2022-05-13T15:35:37Z
342738,Umbhondo,und,"","",,Ndebele,Botswanabugs,2022-05-25T05:28:16Z
340253,Ubande,und,"","",,Ndebele,Botswanabugs,2022-05-29T14:27:08Z
340253,Umthombothi,und,"","",,Ndebele,Botswanabugs,2022-05-30T03:19:33Z
340245,iganu,und,"","",,Ndebele,Botswanabugs,2022-06-02T09:30:03Z
1394894,uzaduhlana,und,"","",South African National Biodiversity Institute. 2021. Botanical Database of Southern Africa (BODATSA) [offline dataset]. http://newposa.sanbi.org [Note that these data are not available at this URL as of 2021],Ndebele,,2022-06-02T21:43:38Z
158255,imbuya,und,"","",,Ndebele,Botswanabugs,2022-06-16T02:33:45Z
141628,ububese,und,"","",,Ndebele,Botswanabugs,2022-06-16T02:36:50Z
579914,ububese,und,"","",,Ndebele,Botswanabugs,2022-06-16T02:40:19Z
340099,umdzidzi,und,"","",,Ndebele,Botswanabugs,2022-06-16T02:45:29Z
358409,ucucuza,und,"","",,Ndebele,Botswanabugs,2022-06-16T03:07:51Z
358409,umhlabangubo,und,"","",,Ndebele,Botswanabugs,2022-06-16T03:08:30Z
581278,itshabela,und,"","",,Ndebele,Botswanabugs,2022-06-16T03:32:06Z
1394894,uzadudlana,und,"","",,Ndebele,Botswanabugs,2022-06-16T03:40:33Z
340166,Umthunduluka,und,"","",,Ndebele,Botswanabugs,2022-06-21T14:40:34Z
83832,Iholotshane,und,"","",,Ndebele,Botswanabugs,2022-06-21T14:42:23Z
83832,Umswanja,und,"","",,Ndebele,Botswanabugs,2022-06-21T14:45:02Z
45929,Umahelane,und,"","",,Ndebele,Botswanabugs,2022-07-04T04:04:58Z
4684,uhelwane,und,"","",,Ndebele,Botswanabugs,2022-07-06T04:01:01Z
5268,umzwazwa,und,"","",,Ndebele,Botswanabugs,2022-07-06T04:02:23Z
5344,ukhozi lwamazinyane,und,"","",,Ndebele,Botswanabugs,2022-07-06T04:04:57Z
19350,iSikhovu,und,"","",,Ndebele,Botswanabugs,2022-07-06T04:07:31Z
19350,uhfubhengwunu,und,"","",,Ndebele,Botswanabugs,2022-07-06T04:08:36Z
4784,ugure,und,"","",,Ndebele,Botswanabugs,2022-07-06T04:10:45Z
4784,igurekure,und,"","",,Ndebele,Botswanabugs,2022-07-06T04:11:27Z
5231,Impundulu,und,"","",,Ndebele,Botswanabugs,2022-07-06T04:13:25Z
3834,uthekwane,und,"","",,Ndebele,Botswanabugs,2022-07-06T04:15:22Z
5479,ukoro,und,"","",,Ndebele,Botswanabugs,2022-07-06T04:17:21Z
4733,iNgabuzane,und,"","",,Ndebele,Botswanabugs,2022-07-06T04:18:58Z
11853,iNkonjane,und,"","",,Ndebele,Botswanabugs,2022-07-06T04:21:54Z
1789,iNkanku,und,"","",,Ndebele,Botswanabugs,2022-07-06T04:30:35Z
17570,insedlu,und,"","",,Ndebele,Botswanabugs,2022-07-06T04:32:35Z
144281,iNsingizi,und,"","",,Ndebele,Botswanabugs,2022-07-06T04:34:08Z
5362,amanqe,und,"","",,Ndebele,Botswanabugs,2022-07-06T04:38:44Z
2708,amajuba,und,"","",,Ndebele,Botswanabugs,2022-07-06T04:54:18Z
71354,intaka,und,"","",,Ndebele,Botswanabugs,2022-07-06T04:55:42Z
6912,amadada,und,"","",,Ndebele,Botswanabugs,2022-07-06T04:58:22Z
8268,umantengwane,und,"","",,Ndebele,Botswanabugs,2022-07-06T05:00:30Z
204449,umsilabhundu,und,"","",,Ndebele,Botswanabugs,2022-07-06T05:03:11Z
3652,umkhombazana,und,"","",,Ndebele,Botswanabugs,2022-07-06T05:05:08Z
41939,Ubuchakide,und,"","",,Ndebele,Botswanabugs,2022-07-18T03:15:42Z
74414,Iwobo,und,"","",,Ndebele,Botswanabugs,2022-07-18T03:28:24Z
338775,intekelane,und,"","",,Ndebele,Botswanabugs,2022-07-19T03:07:51Z
595012,Umgwai,und,"","",,Ndebele,Botswanabugs,2022-08-29T22:57:17Z
489563,Singa,und,"","",,Ndebele,Botswanabugs,2022-09-07T05:19:59Z
26717,ingangocha,und,"","",,Ndebele,Botswanabugs,2022-09-07T05:37:53Z
1417064,uXakuxaku,und,"","",https://www.inaturalist.org/taxon_names/2619011/edit,Ndebele,,2022-09-24T03:23:32Z
1417064,uxaguxagu,und,"","",South African National Biodiversity Institute. 2021. Botanical Database of Southern Africa (BODATSA) [offline dataset]. http://newposa.sanbi.org [Note that these data are not available at this URL as of 2021],Ndebele,,2022-09-24T03:23:33Z
1431002,Ipunzi ebovu,und,"","",https://www.inaturalist.org/taxon_names/2002317/edit,Ndebele,,2022-12-06T06:52:24Z
416750,isikukuku,und,"","",,Ndebele,Botswanabugs,2022-12-06T10:47:40Z
416750,sikhukhukhu,und,"","",,Ndebele,Botswanabugs,2022-12-06T11:00:14Z
42093,ingqamu,und,"","",,Ndebele,Botswanabugs,2023-01-04T19:30:37Z
42093,Umukhwa,und,"","",,Ndebele,Botswanabugs,2023-01-04T19:41:08Z
595946,umdwadwa,und,"","",,Ndebele,Botswanabugs,2023-02-09T04:44:23Z
595946,umwhohlo,und,"","",,Ndebele,Botswanabugs,2023-02-09T04:45:03Z
557826,isanqawe,und,"","",,Ndebele,Botswanabugs,2023-02-09T05:01:20Z
557826,umtshanga,und,"","",,Ndebele,Botswanabugs,2023-02-09T05:01:58Z
622603,Umchithamuzi,und,"","",,Ndebele,Tony Rebelo,2023-02-16T07:49:25Z
461690,imbanjana,und,"","",,Ndebele,Botswanabugs,2023-04-10T09:22:57Z
26052,gulukudela,und,"","",,Ndebele,Botswanabugs,2023-04-25T07:03:54Z
5017,lillanda,und,"","",,Ndebele,Botswanabugs,2023-04-25T07:20:21Z
5017,doyidoyi,und,"","",,Ndebele,Botswanabugs,2023-04-25T07:21:08Z
42334,ligwaladi,und,"","",,Ndebele,Botswanabugs,2023-04-25T07:35:56Z
32806,linwabu,und,"","",,Ndebele,Botswanabugs,2023-04-25T07:50:11Z
19350,srhulurhulu,und,"","",,Ndebele,Botswanabugs,2023-04-25T08:01:33Z
1278864,umbondiwe,und,"","",,Ndebele,Mark,2023-05-20T05:23:32Z
1473181,umcaga,und,"","",South African National Biodiversity Institute. 2021. Botanical Database of Southern Africa (BODATSA) [offline dataset]. http://newposa.sanbi.org [Note that these data are not available at this URL as of 2021],Ndebele,,2023-06-09T13:59:17Z
1473181,umncaga,und,"","",South African National Biodiversity Institute. 2021. Botanical Database of Southern Africa (BODATSA) [offline dataset]. http://newposa.sanbi.org [Note that these data are not available at this URL as of 2021],Ndebele,,2023-06-09T13:59:17Z
1473181,umnyii,und,"","",South African National Biodiversity Institute. 2021. Botanical Database of Southern Africa (BODATSA) [offline dataset]. http://newposa.sanbi.org [Note that these data are not available at this URL as of 2021],Ndebele,,2023-06-09T13:59:17Z
1473181,umzinzila,und,"","",South African National Biodiversity Institute. 2021. Botanical Database of Southern Africa (BODATSA) [offline dataset]. http://newposa.sanbi.org [Note that these data are not available at this URL as of 2021],Ndebele,,2023-06-09T13:59:18Z
1473181,umnyiyi,und,"","",https://www.inaturalist.org/taxon_names/3019535/edit,Ndebele,,2023-06-09T13:59:21Z
1473182,mnaga,und,"","",South African National Biodiversity Institute. 2021. Botanical Database of Southern Africa (BODATSA) [offline dataset]. http://newposa.sanbi.org [Note that these data are not available at this URL as of 2021],Ndebele,,2023-06-09T14:00:40Z
340243,Umvagazi,und,"","",,Ndebele,Botswanabugs,2023-06-17T11:40:23Z
583075,Inkiza emhlope,und,"","",,Ndebele,Botswanabugs,2023-07-15T16:02:30Z
595948,ikope,und,"","",,Ndebele,Botswanabugs,2023-07-24T04:45:07Z
595948,Isanqawe,und,"","",,Ndebele,Botswanabugs,2023-07-24T06:15:43Z
595948,Uhahla,und,"","",,Ndebele,Botswanabugs,2023-07-24T06:16:57Z
1484783,ililamba,und,"","",https://www.inaturalist.org/taxon_names/3086998/edit,Ndebele,,2023-07-25T18:15:43Z
1484783,intolwane,und,"","",https://www.inaturalist.org/taxon_names/3086999/edit,Ndebele,,2023-07-25T18:15:44Z
1484786,Intolwane ecinyane,und,"","",South African National Biodiversity Institute. 2021. Botanical Database of Southern Africa (BODATSA) [offline dataset]. http://newposa.sanbi.org [Note that these data are not available at this URL as of 2021],Ndebele,Riaan Stals,2023-07-25T18:16:03Z
336810,Umangwa,und,"","",,Ndebele,Botswanabugs,2023-11-04T09:28:03Z
430533,ivikane,und,"","",,Ndebele,Botswanabugs,2023-11-04T09:35:22Z
42093,iganyana,und,"","",,Ndebele,Botswanabugs,2023-11-09T04:54:08Z
1493006,nabele,und,"","",South African National Biodiversity Institute. 2021. Botanical Database of Southern Africa (BODATSA) [offline dataset]. http://newposa.sanbi.org [Note that these data are not available at this URL as of 2021],Ndebele,,2023-11-19T23:21:32Z
41963,Ingwe,und,"","",,Ndebele,Botswanabugs,2023-11-20T06:50:52Z
162855,Ingotsha,und,"","",,Ndebele,Botswanabugs,2023-12-31T18:32:52Z
1428,ithendele,und,"","",,Ndebele,Botswanabugs,2024-01-31T10:48:10Z
698515,uBusinti,und,"","",,Ndebele,Tony Rebelo,2024-02-10T15:45:22Z
698515,uBuhlula,und,"","",,Ndebele,Tony Rebelo,2024-02-10T15:45:26Z
