id,vernacularName,language,locality,countryCode,source,lexicon,contributor,created
340008,N'tcheu,und,"","",,Sena,,2014-01-16T05:51:02Z
191466,Nunde,und,"","",,Sena,,2014-01-16T05:51:03Z
340009,M'bebe,und,"","",,Sena,,2014-01-16T05:51:12Z
340010,Mamungu,und,"","",,Sena,,2014-01-16T05:51:13Z
340011,Nhamauira,und,"","",,Sena,,2014-01-16T05:51:13Z
133534,N'suinga mamina,und,"","",,Sena,,2014-01-16T05:51:15Z
340092,Ncanacana,und,"","",,Sena,,2014-01-16T05:51:22Z
340051,N'thassica,und,"","",,Sena,,2014-01-16T05:51:22Z
340093,Nthavu ya mphonda,und,"","",,Sena,,2014-01-16T05:51:27Z
340055,N'angalan'goma,und,"","",,Sena,,2014-01-16T05:51:28Z
340056,Ncanacana,und,"","",,Sena,,2014-01-16T05:51:28Z
340057,N'combego,und,"","",,Sena,,2014-01-16T05:51:29Z
340059,Cagolo,und,"","",,Sena,,2014-01-16T05:51:29Z
340062,Sindza nchuere,und,"","",,Sena,,2014-01-16T05:51:29Z
340067,N'cua,und,"","",,Sena,,2014-01-16T05:51:30Z
169414,N'tengulengu,und,"","",,Sena,,2014-01-16T05:51:32Z
340094,Nhaussanga,und,"","",,Sena,,2014-01-16T05:51:38Z
340096,Ndico za mabhongue,und,"","",,Sena,,2014-01-16T05:51:53Z
340098,Nsiwi,und,"","",,Sena,,2014-01-16T05:51:58Z
340099,Nfazi,und,"","",,Sena,,2014-01-16T05:52:02Z
340100,N'tupa,und,"","",,Sena,,2014-01-16T05:52:23Z
340101,Marigesso,und,"","",,Sena,Tony Rebelo,2014-01-16T05:52:40Z
186043,Tchidzyambuzi,und,"","",,Sena,,2014-01-16T05:53:01Z
129706,Mphangala,und,"","",,Sena,,2014-01-16T05:53:02Z
340106,N'tombanzato,und,"","",,Sena,,2014-01-16T05:53:21Z
340111,Macanga,und,"","",,Sena,,2014-01-16T05:53:26Z
340112,Chimanda,und,"","",,Sena,,2014-01-16T05:53:30Z
340113,Ncalassi,und,"","",,Sena,,2014-01-16T05:53:34Z
340114,Nkhataussalu,und,"","",,Sena,,2014-01-16T05:53:38Z
185477,N'calangua,und,"","",,Sena,,2014-01-16T05:53:39Z
340115,Nhacaluelue,und,"","",,Sena,,2014-01-16T05:53:43Z
340116,Tombo n'thika,und,"","",,Sena,,2014-01-16T05:53:47Z
340123,Nthowe,und,"","",,Sena,,2014-01-16T05:54:47Z
340128,N'dhowa,und,"","",,Sena,,2014-01-16T05:54:59Z
340129,Munomoro,und,"","",,Sena,,2014-01-16T05:55:03Z
340130,N'tongolo,und,"","",,Sena,,2014-01-16T05:55:08Z
163027,N'tchumbutchumbu,und,"","",,Sena,,2014-01-16T05:55:30Z
340136,Nthangalamunhu,und,"","",,Sena,,2014-01-16T05:55:35Z
340137,Viambudzi,und,"","",,Sena,,2014-01-16T05:55:41Z
340138,Tchidyakamba,und,"","",,Sena,,2014-01-16T05:55:46Z
340139,Cassassa,und,"","",,Sena,,2014-01-16T05:55:56Z
340143,N'sossoto,und,"","",,Sena,,2014-01-16T05:56:09Z
147000,Mulumanhyama,und,"","",,Sena,,2014-01-16T05:56:10Z
340144,Nsangala dzinza,und,"","",,Sena,,2014-01-16T05:56:17Z
340146,Nhacatsicana,und,"","",,Sena,,2014-01-16T05:56:21Z
340148,Nyacapumba,und,"","",,Sena,,2014-01-16T05:56:30Z
340151,Chochotse,und,"","",,Sena,,2014-01-16T05:56:52Z
340157,N'toto,und,"","",,Sena,,2014-01-16T05:57:10Z
340159,Tsueua,und,"","",,Sena,,2014-01-16T05:57:30Z
340162,N'solola,und,"","",,Sena,,2014-01-16T05:57:37Z
340163,N'ghuyugyu,und,"","",,Sena,,2014-01-16T05:57:41Z
340164,N'savu,und,"","",,Sena,Yann Kemper,2014-01-16T05:57:45Z
138416,N'tsinda,und,"","",,Sena,,2014-01-16T05:57:46Z
141628,Mulembe,und,"","",,Sena,,2014-01-16T05:57:46Z
340165,Tripadeilo,und,"","",,Sena,,2014-01-16T05:57:51Z
340166,Ntenguene,und,"","",,Sena,,2014-01-16T05:58:05Z
191689,M'tuio,und,"","",,Sena,,2014-01-16T05:58:05Z
340170,N'teme,und,"","",,Sena,,2014-01-16T05:58:10Z
340171,Nhacateme,und,"","",,Sena,,2014-01-16T05:58:15Z
340172,N'tsunzwa,und,"","",,Sena,,2014-01-16T05:58:19Z
340173,M'pimbi,und,"","",,Sena,,2014-01-16T05:58:23Z
340174,Sucuali,und,"","",,Sena,,2014-01-16T05:58:36Z
340175,N'zanga,und,"","",,Sena,,2014-01-16T05:58:40Z
340176,N'dhudhu-nhanga,und,"","",,Sena,,2014-01-16T05:58:45Z
340177,N'dhudhu-nhanga de floresta,und,"","",,Sena,,2014-01-16T05:58:52Z
340180,N'thowe,und,"","",,Sena,,2014-01-16T05:59:11Z
190764,Namangwena,und,"","",,Sena,,2014-01-16T05:59:12Z
340184,Nhantsanga,und,"","",,Sena,,2014-01-16T05:59:29Z
340188,N'zuiro,und,"","",,Sena,,2014-01-16T05:59:33Z
340189,Tripadeilo,und,"","",,Sena,,2014-01-16T05:59:37Z
340190,N'tsunzwa,und,"","",,Sena,,2014-01-16T05:59:43Z
340191,N'gambu-n'gambu,und,"","",,Sena,,2014-01-16T05:59:48Z
340193,Tchinthiko,und,"","",,Sena,,2014-01-16T05:59:56Z
340194,Nhanthomole,und,"","",,Sena,,2014-01-16T06:00:44Z
340199,N'gomo,und,"","",,Sena,,2014-01-16T06:00:51Z
340201,N'culungu,und,"","",,Sena,,2014-01-16T06:00:55Z
143542,Mpepe,und,"","",,Sena,,2014-01-16T06:01:00Z
191296,M'phingwe,und,"","",,Sena,Wynand Uys,2014-01-16T06:01:01Z
340204,M'piao,und,"","",,Sena,,2014-01-16T06:01:36Z
340206,Nchevu,und,"","",,Sena,,2014-01-16T06:01:42Z
340207,Nhongolo,und,"","",,Sena,,2014-01-16T06:01:49Z
340209,N'tchapata,und,"","",,Sena,,2014-01-16T06:01:57Z
340210,N'calala,und,"","",,Sena,,2014-01-16T06:02:01Z
340211,M'phacassa,und,"","",,Sena,,2014-01-16T06:02:06Z
340212,Mulonde,und,"","",,Sena,,2014-01-16T06:02:11Z
340214,N'fuma,und,"","",,Sena,Wynand Uys,2014-01-16T06:02:15Z
340215,N'sangala,und,"","",,Sena,,2014-01-16T06:02:19Z
132904,Namarupovo,und,"","",,Sena,,2014-01-16T06:02:20Z
340218,Deambeva,und,"","",,Sena,,2014-01-16T06:03:39Z
340219,N'codzi,und,"","",,Sena,,2014-01-16T06:03:43Z
340223,Nhandhima,und,"","",,Sena,,2014-01-16T06:04:02Z
340225,Tangatanga,und,"","",,Sena,,2014-01-16T06:04:11Z
322325,N'tsao-tsanga,und,"","",,Sena,,2014-01-16T06:04:12Z
340228,N'tchatchane,und,"","",,Sena,,2014-01-16T06:05:18Z
340231,Tchicala-nherere,und,"","",,Sena,,2014-01-16T06:06:02Z
340233,N'tudza,und,"","",,Sena,,2014-01-16T06:06:25Z
340234,M'bhangawanga,und,"","",,Sena,,2014-01-16T06:06:31Z
81500,himbondeiro,und,"","",,Sena,Tony Rebelo,2014-01-16T06:06:31Z
62844,M'bhwemba,und,"","",,Sena,,2014-01-16T06:06:31Z
340236,N'socossa,und,"","",,Sena,,2014-01-16T06:06:36Z
340237,Nhacathenzua,und,"","",,Sena,,2014-01-16T06:06:39Z
340238,N'simbe,und,"","",,Sena,Marion Maclean,2014-01-16T06:06:45Z
340240,Fititonga,und,"","",,Sena,,2014-01-16T06:06:52Z
336810,N'ghodhoni,und,"","",,Sena,,2014-01-16T06:06:52Z
132978,N'djale,und,"","",,Sena,,2014-01-16T06:06:53Z
133553,N'sikiri,und,"","",,Sena,,2014-01-16T06:06:57Z
340243,Umbila,und,"","",,Sena,,2014-01-16T06:07:01Z
340244,M'bhuembakhoe,und,"","",,Sena,,2014-01-16T06:07:05Z
340245,N'fula,und,"","",,Sena,,2014-01-16T06:07:26Z
340248,N'ghoza,und,"","",,Sena,,2014-01-16T06:07:33Z
132509,N'ghunda,und,"","",,Sena,Jakob Fahr,2014-01-16T06:07:34Z
81491,N'vunguti,und,"","",,Sena,,2014-01-16T06:07:34Z
340250,M'bhaua,und,"","",,Sena,,2014-01-16T06:07:50Z
340251,Mamina a n'gombe,und,"","",,Sena,,2014-01-16T06:07:54Z
340252,Panda,und,"","",,Sena,,2014-01-16T06:07:58Z
186271,N'tun'gundua,und,"","",,Sena,,2014-01-16T06:07:59Z
340253,N'cuniti,und,"","",,Sena,,2014-01-16T06:08:05Z
340255,N'fuvu,und,"","",,Sena,,2014-01-16T06:08:18Z
340259,Nhenze,und,"","",,Sena,,2014-01-16T06:08:22Z
340260,N'tondo,und,"","",,Sena,,2014-01-16T06:08:27Z
340261,N'soconondo,und,"","",,Sena,,2014-01-16T06:08:33Z
339372,M'pangiri,und,"","",,Sena,,2014-01-16T06:08:34Z
340263,Nhacavunguti,und,"","",,Sena,,2014-01-16T06:08:50Z
340265,N'sassa,und,"","",,Sena,,2014-01-16T06:08:54Z
340266,N'caucau,und,"","",,Sena,,2014-01-16T06:08:59Z
340267,Nchincue,und,"","",,Sena,,2014-01-16T06:09:05Z
136358,N'culue,und,"","",,Sena,,2014-01-16T06:09:05Z
340269,N'fiti,und,"","",,Sena,,2014-01-16T06:09:09Z
184611,Mugalangerere,und,"","",,Sena,,2014-01-16T06:09:10Z
211071,N'cotamo,und,"","",,Sena,,2014-01-16T06:09:10Z
340270,Mussicossico,und,"","",,Sena,,2014-01-16T06:09:17Z
340272,N'towe,und,"","",,Sena,,2014-01-16T06:09:21Z
340273,Nfunda,und,"","",,Sena,,2014-01-16T06:09:25Z
340274,Nghona-alendo,und,"","",,Sena,,2014-01-16T06:09:40Z
340276,Mole,und,"","",,Sena,,2014-01-16T06:10:20Z
340279,Medanamwato,und,"","",,Sena,Tony Rebelo,2014-01-16T06:10:27Z
340280,N'ghedhan'khanga,und,"","",,Sena,,2014-01-16T06:10:36Z
340282,Tchiothamafumu,und,"","",,Sena,,2014-01-16T06:10:40Z
340287,Ntutu,und,"","",,Sena,,2014-01-16T06:10:59Z
340289,N'tenja,und,"","",,Sena,,2014-01-16T06:11:19Z
340291,Nhacamphete,und,"","",,Sena,,2014-01-16T06:11:23Z
166729,N'tchiendo,und,"","",,Sena,,2014-01-16T06:11:23Z
340292,M'phatchocolo,und,"","",,Sena,,2014-01-16T06:11:34Z
340295,Tchalolo,und,"","",,Sena,Tony Rebelo,2014-01-16T06:11:51Z
340302,N'tsinga,und,"","",,Sena,,2014-01-16T06:12:09Z
340304,N'towe,und,"","",,Sena,,2014-01-16T06:12:39Z
340305,Tuturuma,und,"","",,Sena,,2014-01-16T06:12:44Z
340312,Tsunda,und,"","",,Sena,,2014-01-16T06:13:44Z
340313,N'salazi,und,"","",,Sena,,2014-01-16T06:13:50Z
340320,N'dhikhua,und,"","",,Sena,,2014-01-16T06:14:26Z
211085,Nhupa,und,"","",,Sena,,2014-01-16T06:14:27Z
340322,Mamina a n'gombe,und,"","",,Sena,,2014-01-16T06:14:52Z
340323,N'tsunzwa,und,"","",,Sena,,2014-01-16T06:14:59Z
340324,N'zuiro,und,"","",,Sena,,2014-01-16T06:15:15Z
340325,Nsinjamachue,und,"","",,Sena,,2014-01-16T06:15:29Z
340330,Tsuimbatsuiru,und,"","",,Sena,,2014-01-16T06:16:04Z
340331,tripadeilo,und,"","",,Sena,,2014-01-16T06:16:08Z
340332,Muhuzu,und,"","",,Sena,,2014-01-16T06:16:22Z
340103,Nhamatubhu,und,"","",,Sena,,2014-01-16T06:19:57Z
340118,N'tchilussua,und,"","",,Sena,,2014-01-16T06:19:57Z
340132,Ncanacana,und,"","",,Sena,,2014-01-16T06:19:58Z
340334,Dembza,und,"","",,Sena,,2014-01-16T06:20:03Z
340217,N'talala,und,"","",,Sena,,2014-01-16T06:20:41Z
340221,N'ghuza,und,"","",,Sena,,2014-01-16T06:20:42Z
340337,N'tamba,und,"","",,Sena,,2014-01-16T06:20:58Z
340338,Nhatchetche,und,"","",,Sena,,2014-01-16T06:21:06Z
340340,Toa,und,"","",,Sena,,2014-01-16T06:21:18Z
340341,Nhandema,und,"","",,Sena,,2014-01-16T06:21:29Z
340346,Ncana-ncana,und,"","",,Sena,,2014-01-16T06:21:40Z
340348,Nhantsonzue,und,"","",,Sena,,2014-01-16T06:21:57Z
340333,N'tsipadzi,und,"","",,Sena,,2014-01-16T06:21:58Z
185941,N'tundunkhadzi,und,"","",,Sena,,2014-01-16T06:21:58Z
340350,Mpeseuere,und,"","",,Sena,,2014-01-16T06:22:03Z
340353,Mashambauala,und,"","",,Sena,,2014-01-16T06:22:12Z
340356,Chumuriro,und,"","",,Sena,,2014-01-16T06:22:22Z
147437,Nunde,und,"","",,Sena,,2014-01-16T06:23:27Z
340372,Tsuimbatsuiru,und,"","",,Sena,,2014-01-16T06:24:01Z
340376,Tsonzoro,und,"","",,Sena,,2014-01-16T06:24:05Z
340380,Tadza,und,"","",,Sena,,2014-01-16T06:24:25Z
348763,Njerenjere,und,"","",,Sena,,2014-04-01T10:04:49Z
557826,N'tchissio,und,"","",,Sena,,2017-08-28T07:43:52Z
594427,Ncunghu,und,"","",,Sena,,2018-07-14T11:54:16Z
785713,N'ghunga,und,"","",,Sena,,2018-10-13T18:44:15Z
587585,Gonadzololo,und,"","",,Sena,,2019-01-07T15:57:14Z
871284,Nsadzi,und,"","",,Sena,,2019-03-05T05:25:59Z
898485,Linghato,und,"","",,Sena,,2019-06-07T02:39:23Z
594431,Nsene,und,"","",,Sena,,2019-06-07T19:40:55Z
594422,N'sheni,und,"","",,Sena,,2019-06-07T20:35:49Z
594429,Ofulula,und,"","",,Sena,,2019-06-07T20:55:14Z
594428,N'ghowe,und,"","",,Sena,,2019-06-07T21:54:37Z
592162,N'sekesse,und,"","",https://www.inaturalist.org/taxon_names/540529/edit,Sena,,2019-09-06T19:26:30Z
68492,panapanda,und,"","",,Sena,Botswanabugs,2021-03-23T12:23:08Z
84996,Madjibundi,und,"","",http://www.catalogueoflife.org/annual-checklist/details/species/id/10055550/common/130060,Sena,Victor HOYEAU,2021-07-13T16:54:10Z
107889,Nkobue,und,"","",http://www.catalogueoflife.org/annual-checklist/details/species/id/10067864/common/96862,Sena,,2021-07-15T15:05:52Z
186271,N’tun’gundua,und,"","",,Sena,Botswanabugs,2021-07-17T18:29:38Z
102692,Nhumi,und,"","",http://www.catalogueoflife.org/annual-checklist/details/species/id/10082217/common/185246,Sena,,2021-07-19T16:50:55Z
159197,Nnhacaswquece,und,"","",,Sena,Botswanabugs,2021-07-23T23:20:13Z
99474,Chenga,und,"","",,Sena,Jeremy Gilmore,2022-04-17T17:20:11Z
30851,tshipiriri,und,"","",,Sena,Botswanabugs,2023-05-13T18:46:10Z
21861,conga,und,"","",,Sena,Botswanabugs,2023-05-14T03:07:41Z
1473181,N'tatcha,und,"","",https://www.inaturalist.org/taxon_names/540534/edit,Sena,,2023-06-09T13:59:11Z
1484783,thetha,und,"","",https://www.inaturalist.org/taxon_names/3086991/edit,Sena,,2023-07-25T18:15:43Z
1508819,Ngolozi,und,"","",https://www.inaturalist.org/taxon_names/540039/edit,Sena,,2023-11-12T14:52:35Z
