id,vernacularName,language,locality,countryCode,source,lexicon,contributor,created
26036,Reptilen,und,"","",,Frisian,John E. Christensen,2017-12-28T08:51:15Z
3857,Bûnte Gril,und,"","",https://eol.org/pages/45509239,Frisian,lwnrngr,2020-10-21T19:44:54Z
4555,Ivoarmiuw,und,"","",,Frisian,Zane Roskoph,2021-08-11T12:11:46Z
469472,appel,und,"","",,Frisian,10423,2022-03-27T04:28:45Z
1286843,Siggetomke,und,"","",,Frisian,max kirsch,2022-04-12T19:22:20Z
1455180,test45,und,"","",,Frisian,Marcel Hospers,2023-05-01T16:57:49Z
