id,vernacularName,language,locality,countryCode,source,lexicon,contributor,created
340245,ol-mangwai,und,"","",,Maasai,Botswanabugs,2020-01-13T06:42:52Z
594568,Ntulele,und,"","",,Maasai,Tony Rebelo,2020-06-05T13:08:21Z
888341,Ol-Morigye,und,"","",,Maasai,brnhn,2020-11-20T21:42:42Z
342743,Olokirdingai,und,"Narok, KE","",,Maasai,Zarek Cockar,2021-05-27T13:44:12Z
343032,Olkinyei,und,Kenya,KE,,Maasai,Zarek Cockar,2021-08-24T09:41:38Z
342713,Olngosua,und,"","",,Maasai,Zarek Cockar,2021-08-30T07:32:22Z
902135,Osoket,und,Kenya,KE,,Maasai,Zarek Cockar,2021-08-30T07:35:02Z
444802,Olsokonoi,und,"Narok, KE | Kajiado, KE","",,Maasai,Zarek Cockar,2021-08-30T07:38:09Z
1276542,Olorrondo,und,Kenya,KE,,Maasai,Zarek Cockar,2021-08-31T05:39:32Z
527007,Oiti,und,Kenya,KE,,Maasai,Zarek Cockar,2021-09-02T05:21:51Z
348763,elerai,und,"","",South African National Biodiversity Institute. 2021. Botanical Database of Southern Africa (BODATSA) [offline dataset]. http://newposa.sanbi.org [Note that these data are not available at this URL as of 2021],Maasai,Ken-ichi Ueda,2021-10-21T20:18:20Z
430600,Ol- morijoi,und,"","",South African National Biodiversity Institute. 2021. Botanical Database of Southern Africa (BODATSA) [offline dataset]. http://newposa.sanbi.org [Note that these data are not available at this URL as of 2021],Maasai,Ken-ichi Ueda,2021-10-21T20:18:20Z
340175,ol mokotan,und,"","",South African National Biodiversity Institute. 2021. Botanical Database of Southern Africa (BODATSA) [offline dataset]. http://newposa.sanbi.org [Note that these data are not available at this URL as of 2021],Maasai,Ken-ichi Ueda,2021-10-21T20:18:21Z
340175,ol mokutan,und,"","",South African National Biodiversity Institute. 2021. Botanical Database of Southern Africa (BODATSA) [offline dataset]. http://newposa.sanbi.org [Note that these data are not available at this URL as of 2021],Maasai,Ken-ichi Ueda,2021-10-21T20:18:21Z
597739,maragurito,und,"","",South African National Biodiversity Institute. 2021. Botanical Database of Southern Africa (BODATSA) [offline dataset]. http://newposa.sanbi.org [Note that these data are not available at this URL as of 2021],Maasai,Ken-ichi Ueda,2021-10-21T20:18:21Z
184342,olarash,und,"","",South African National Biodiversity Institute. 2021. Botanical Database of Southern Africa (BODATSA) [offline dataset]. http://newposa.sanbi.org [Note that these data are not available at this URL as of 2021],Maasai,Ken-ichi Ueda,2021-10-21T20:18:22Z
342724,ol atorode,und,"","",South African National Biodiversity Institute. 2021. Botanical Database of Southern Africa (BODATSA) [offline dataset]. http://newposa.sanbi.org [Note that these data are not available at this URL as of 2021],Maasai,Ken-ichi Ueda,2021-10-21T20:18:22Z
601161,Bsuneute,und,"","",South African National Biodiversity Institute. 2021. Botanical Database of Southern Africa (BODATSA) [offline dataset]. http://newposa.sanbi.org [Note that these data are not available at this URL as of 2021],Maasai,Ken-ichi Ueda,2021-10-21T20:18:22Z
190367,ol meraa,und,"","",South African National Biodiversity Institute. 2021. Botanical Database of Southern Africa (BODATSA) [offline dataset]. http://newposa.sanbi.org [Note that these data are not available at this URL as of 2021],Maasai,Ken-ichi Ueda,2021-10-21T20:18:23Z
160263,o'rosua,und,"","",South African National Biodiversity Institute. 2021. Botanical Database of Southern Africa (BODATSA) [offline dataset]. http://newposa.sanbi.org [Note that these data are not available at this URL as of 2021],Maasai,Ken-ichi Ueda,2021-10-21T20:18:23Z
521451,ol abalasas,und,"","",South African National Biodiversity Institute. 2021. Botanical Database of Southern Africa (BODATSA) [offline dataset]. http://newposa.sanbi.org [Note that these data are not available at this URL as of 2021],Maasai,Ken-ichi Ueda,2021-10-21T20:18:23Z
506952,ol mukuna,und,"","",South African National Biodiversity Institute. 2021. Botanical Database of Southern Africa (BODATSA) [offline dataset]. http://newposa.sanbi.org [Note that these data are not available at this URL as of 2021],Maasai,Ken-ichi Ueda,2021-10-21T20:18:24Z
506952,osongoroi,und,"","",South African National Biodiversity Institute. 2021. Botanical Database of Southern Africa (BODATSA) [offline dataset]. http://newposa.sanbi.org [Note that these data are not available at this URL as of 2021],Maasai,Ken-ichi Ueda,2021-10-21T20:18:24Z
428367,Ol-gerain,und,"","",South African National Biodiversity Institute. 2021. Botanical Database of Southern Africa (BODATSA) [offline dataset]. http://newposa.sanbi.org [Note that these data are not available at this URL as of 2021],Maasai,Ken-ichi Ueda,2021-10-21T20:18:24Z
428367,Ol-orten,und,"","",South African National Biodiversity Institute. 2021. Botanical Database of Southern Africa (BODATSA) [offline dataset]. http://newposa.sanbi.org [Note that these data are not available at this URL as of 2021],Maasai,Ken-ichi Ueda,2021-10-21T20:18:25Z
141177,marau,und,"","",South African National Biodiversity Institute. 2021. Botanical Database of Southern Africa (BODATSA) [offline dataset]. http://newposa.sanbi.org [Note that these data are not available at this URL as of 2021],Maasai,Ken-ichi Ueda,2021-10-21T20:18:25Z
141177,molok,und,"","",South African National Biodiversity Institute. 2021. Botanical Database of Southern Africa (BODATSA) [offline dataset]. http://newposa.sanbi.org [Note that these data are not available at this URL as of 2021],Maasai,Ken-ichi Ueda,2021-10-21T20:18:25Z
141177,molong,und,"","",South African National Biodiversity Institute. 2021. Botanical Database of Southern Africa (BODATSA) [offline dataset]. http://newposa.sanbi.org [Note that these data are not available at this URL as of 2021],Maasai,Ken-ichi Ueda,2021-10-21T20:18:25Z
311268,e'ruguni,und,"","",South African National Biodiversity Institute. 2021. Botanical Database of Southern Africa (BODATSA) [offline dataset]. http://newposa.sanbi.org [Note that these data are not available at this URL as of 2021],Maasai,Ken-ichi Ueda,2021-10-21T20:18:26Z
81491,ol darboi,und,"","",South African National Biodiversity Institute. 2021. Botanical Database of Southern Africa (BODATSA) [offline dataset]. http://newposa.sanbi.org [Note that these data are not available at this URL as of 2021],Maasai,Ken-ichi Ueda,2021-10-21T20:18:26Z
588682,ol marigireni,und,"","",South African National Biodiversity Institute. 2021. Botanical Database of Southern Africa (BODATSA) [offline dataset]. http://newposa.sanbi.org [Note that these data are not available at this URL as of 2021],Maasai,Ken-ichi Ueda,2021-10-21T20:18:26Z
588682,os sinoni,und,"","",South African National Biodiversity Institute. 2021. Botanical Database of Southern Africa (BODATSA) [offline dataset]. http://newposa.sanbi.org [Note that these data are not available at this URL as of 2021],Maasai,Ken-ichi Ueda,2021-10-21T20:18:27Z
343067,ol magirigirieni,und,"","",South African National Biodiversity Institute. 2021. Botanical Database of Southern Africa (BODATSA) [offline dataset]. http://newposa.sanbi.org [Note that these data are not available at this URL as of 2021],Maasai,Ken-ichi Ueda,2021-10-21T20:18:27Z
133587,ol odoa,und,"","",South African National Biodiversity Institute. 2021. Botanical Database of Southern Africa (BODATSA) [offline dataset]. http://newposa.sanbi.org [Note that these data are not available at this URL as of 2021],Maasai,Ken-ichi Ueda,2021-10-21T20:18:27Z
133587,ol onorua,und,"","",South African National Biodiversity Institute. 2021. Botanical Database of Southern Africa (BODATSA) [offline dataset]. http://newposa.sanbi.org [Note that these data are not available at this URL as of 2021],Maasai,Ken-ichi Ueda,2021-10-21T20:18:28Z
133587,ol reteti,und,"","",South African National Biodiversity Institute. 2021. Botanical Database of Southern Africa (BODATSA) [offline dataset]. http://newposa.sanbi.org [Note that these data are not available at this URL as of 2021],Maasai,Ken-ichi Ueda,2021-10-21T20:18:28Z
590061,ol mogongora,und,"","",South African National Biodiversity Institute. 2021. Botanical Database of Southern Africa (BODATSA) [offline dataset]. http://newposa.sanbi.org [Note that these data are not available at this URL as of 2021],Maasai,Ken-ichi Ueda,2021-10-21T20:18:28Z
590061,ol mojongora,und,"","",South African National Biodiversity Institute. 2021. Botanical Database of Southern Africa (BODATSA) [offline dataset]. http://newposa.sanbi.org [Note that these data are not available at this URL as of 2021],Maasai,Ken-ichi Ueda,2021-10-21T20:18:29Z
590061,ol-mogongora,und,"","",South African National Biodiversity Institute. 2021. Botanical Database of Southern Africa (BODATSA) [offline dataset]. http://newposa.sanbi.org [Note that these data are not available at this URL as of 2021],Maasai,Ken-ichi Ueda,2021-10-21T20:18:29Z
590061,ol-mojongora,und,"","",South African National Biodiversity Institute. 2021. Botanical Database of Southern Africa (BODATSA) [offline dataset]. http://newposa.sanbi.org [Note that these data are not available at this URL as of 2021],Maasai,Ken-ichi Ueda,2021-10-21T20:18:29Z
428559,ol dimigomi,und,"","",South African National Biodiversity Institute. 2021. Botanical Database of Southern Africa (BODATSA) [offline dataset]. http://newposa.sanbi.org [Note that these data are not available at this URL as of 2021],Maasai,Ken-ichi Ueda,2021-10-21T20:18:30Z
428559,Ol-kisigang,und,"","",South African National Biodiversity Institute. 2021. Botanical Database of Southern Africa (BODATSA) [offline dataset]. http://newposa.sanbi.org [Note that these data are not available at this URL as of 2021],Maasai,Ken-ichi Ueda,2021-10-21T20:18:30Z
435322,Ol-koijuk,und,"","",South African National Biodiversity Institute. 2021. Botanical Database of Southern Africa (BODATSA) [offline dataset]. http://newposa.sanbi.org [Note that these data are not available at this URL as of 2021],Maasai,Ken-ichi Ueda,2021-10-21T20:18:30Z
133184,olchapukalyan,und,"","",South African National Biodiversity Institute. 2021. Botanical Database of Southern Africa (BODATSA) [offline dataset]. http://newposa.sanbi.org [Note that these data are not available at this URL as of 2021],Maasai,Ken-ichi Ueda,2021-10-21T20:18:31Z
133184,oljabokaryan,und,"","",South African National Biodiversity Institute. 2021. Botanical Database of Southern Africa (BODATSA) [offline dataset]. http://newposa.sanbi.org [Note that these data are not available at this URL as of 2021],Maasai,Ken-ichi Ueda,2021-10-21T20:18:31Z
601021,ol ngeriandus,und,"","",South African National Biodiversity Institute. 2021. Botanical Database of Southern Africa (BODATSA) [offline dataset]. http://newposa.sanbi.org [Note that these data are not available at this URL as of 2021],Maasai,Ken-ichi Ueda,2021-10-21T20:18:31Z
601021,ol ngiriandus,und,"","",South African National Biodiversity Institute. 2021. Botanical Database of Southern Africa (BODATSA) [offline dataset]. http://newposa.sanbi.org [Note that these data are not available at this URL as of 2021],Maasai,Ken-ichi Ueda,2021-10-21T20:18:31Z
496955,ekum,und,"","",South African National Biodiversity Institute. 2021. Botanical Database of Southern Africa (BODATSA) [offline dataset]. http://newposa.sanbi.org [Note that these data are not available at this URL as of 2021],Maasai,Ken-ichi Ueda,2021-10-21T20:18:32Z
474039,ol elelescho,und,"","",South African National Biodiversity Institute. 2021. Botanical Database of Southern Africa (BODATSA) [offline dataset]. http://newposa.sanbi.org [Note that these data are not available at this URL as of 2021],Maasai,Ken-ichi Ueda,2021-10-21T20:18:32Z
474039,ol laluhwa,und,"","",South African National Biodiversity Institute. 2021. Botanical Database of Southern Africa (BODATSA) [offline dataset]. http://newposa.sanbi.org [Note that these data are not available at this URL as of 2021],Maasai,Ken-ichi Ueda,2021-10-21T20:18:32Z
474039,ol leleshwa,und,"","",South African National Biodiversity Institute. 2021. Botanical Database of Southern Africa (BODATSA) [offline dataset]. http://newposa.sanbi.org [Note that these data are not available at this URL as of 2021],Maasai,Ken-ichi Ueda,2021-10-21T20:18:33Z
426287,Ol- nyerima,und,"","",South African National Biodiversity Institute. 2021. Botanical Database of Southern Africa (BODATSA) [offline dataset]. http://newposa.sanbi.org [Note that these data are not available at this URL as of 2021],Maasai,Ken-ichi Ueda,2021-10-21T20:18:33Z
587504,isibaha esimbomvu,und,"","",South African National Biodiversity Institute. 2021. Botanical Database of Southern Africa (BODATSA) [offline dataset]. http://newposa.sanbi.org [Note that these data are not available at this URL as of 2021],Maasai,Ken-ichi Ueda,2021-10-21T20:18:33Z
587504,isibaha esimhlope,und,"","",South African National Biodiversity Institute. 2021. Botanical Database of Southern Africa (BODATSA) [offline dataset]. http://newposa.sanbi.org [Note that these data are not available at this URL as of 2021],Maasai,Ken-ichi Ueda,2021-10-21T20:18:34Z
587504,olsogonoi,und,"","",South African National Biodiversity Institute. 2021. Botanical Database of Southern Africa (BODATSA) [offline dataset]. http://newposa.sanbi.org [Note that these data are not available at this URL as of 2021],Maasai,Ken-ichi Ueda,2021-10-21T20:18:34Z
182206,msokonoi,und,"","",South African National Biodiversity Institute. 2021. Botanical Database of Southern Africa (BODATSA) [offline dataset]. http://newposa.sanbi.org [Note that these data are not available at this URL as of 2021],Maasai,Ken-ichi Ueda,2021-10-21T20:18:34Z
182206,olmsogoni,und,"","",South African National Biodiversity Institute. 2021. Botanical Database of Southern Africa (BODATSA) [offline dataset]. http://newposa.sanbi.org [Note that these data are not available at this URL as of 2021],Maasai,Ken-ichi Ueda,2021-10-21T20:18:35Z
182206,Olosogoni,und,"","",South African National Biodiversity Institute. 2021. Botanical Database of Southern Africa (BODATSA) [offline dataset]. http://newposa.sanbi.org [Note that these data are not available at this URL as of 2021],Maasai,Ken-ichi Ueda,2021-10-21T20:18:35Z
431063,Oltakurukuriet,und,"","",,Maasai,Botswanabugs,2021-11-29T06:28:50Z
431063,Oltgurguriet,und,"","",,Maasai,Botswanabugs,2021-11-29T06:29:43Z
136323,Olbiribiri,und,"","",,Maasai,Tammo Reichgelt,2022-07-19T02:28:42Z
582302,Olkisushet,und,"","",,Maasai,Tammo Reichgelt,2022-07-20T15:32:20Z
1077573,Olekikuuni,und,"","",,Maasai,Tammo Reichgelt,2022-07-20T15:36:57Z
582499,Olyeniyeni,und,"","",,Maasai,Tammo Reichgelt,2022-07-20T15:39:43Z
146808,Oloiyobo-Igeek,und,"","",,Maasai,Tammo Reichgelt,2022-07-20T15:43:16Z
146808,Ndabararia,und,"","",,Maasai,Tammo Reichgelt,2022-07-20T15:43:27Z
507100,Oloireroi,und,"","",,Maasai,Tammo Reichgelt,2022-07-20T15:51:30Z
467985,Engamuluki,und,"","",,Maasai,Tammo Reichgelt,2022-07-20T15:55:26Z
184346,Olamalogi,und,"","",,Maasai,Tammo Reichgelt,2022-07-20T19:25:07Z
430781,Olatunde,und,"","",,Maasai,Tammo Reichgelt,2022-07-20T19:35:04Z
342721,Olaturdei,und,"","",,Maasai,Tammo Reichgelt,2022-07-20T19:41:42Z
342724,Olaturdei,und,"","",,Maasai,Tammo Reichgelt,2022-07-20T19:52:29Z
186043,Ol-Amaloki,und,"","",,Maasai,Tammo Reichgelt,2022-07-20T19:59:23Z
589548,Olkemet-me,und,"","",,Maasai,Tammo Reichgelt,2022-07-20T20:06:51Z
803245,Ol-Oirerio,und,"","",,Maasai,Tammo Reichgelt,2022-07-20T20:13:02Z
589547,Ol-Amalogi,und,"","",,Maasai,Tammo Reichgelt,2022-07-20T20:18:26Z
582852,Ol-Masiligi,und,"","",,Maasai,Tammo Reichgelt,2022-07-21T02:03:23Z
593398,Enkaiswishoi,und,"","",,Maasai,Tammo Reichgelt,2022-07-21T02:10:00Z
48598,Oldiangaras,und,"","",,Maasai,Tammo Reichgelt,2022-07-21T02:11:20Z
493047,Ol-Nyarusa,und,"","",,Maasai,Tammo Reichgelt,2022-07-21T02:17:36Z
590768,Ol-Kirenyi,und,"","",,Maasai,Tammo Reichgelt,2022-07-21T19:48:57Z
343065,Ol-keleliet,und,"","",,Maasai,Tammo Reichgelt,2022-07-21T20:03:30Z
584493,Olgirisiyai,und,"","",,Maasai,Tammo Reichgelt,2022-07-21T20:07:14Z
1296864,Nguirigiriyai,und,"","",,Maasai,Tammo Reichgelt,2022-07-21T20:08:29Z
568506,Enungomani,und,"","",,Maasai,Tammo Reichgelt,2022-07-21T20:16:42Z
348763,Olerai,und,Kenya,KE,,Maasai,Zarek Cockar,2023-02-08T10:48:06Z
135875,Oltarakwai,und,"Narok, KE | Nakuru, KE | Kajiado, KE","",,Maasai,Zarek Cockar,2023-03-08T07:15:19Z
322082,Ol-Oirien,und,"Narok, KE | Kajiado, KE","",,Maasai,Zarek Cockar,2023-03-08T08:01:19Z
489563,Oltepesi,und,"Kajiado, KE | Narok, KE | Laikipia, KE","",,Maasai,Zarek Cockar,2023-08-29T06:58:53Z
472094,Olchartuyian,und,"Narok, KE","",,Maasai,Zarek Cockar,2023-10-06T06:48:26Z
779322,Olmasiligi,und,"Narok, KE","",,Maasai,Zarek Cockar,2023-10-06T07:39:10Z
593902,Olmisigiyoi,und,"Narok, KE","",,Maasai,Zarek Cockar,2024-02-06T12:39:23Z
