id,vernacularName,language,locality,countryCode,source,lexicon,contributor,created
20978,Amphibia,und,"","",,Neapolitan,John E. Christensen,2017-12-01T10:18:31Z
48222,Chromista,und,"","",,Neapolitan,John E. Christensen,2017-12-20T15:53:52Z
26036,Rettile,und,"","",,Neapolitan,John E. Christensen,2017-12-28T08:52:05Z
10070,Frungillo,und,"","",,Neapolitan,John E. Christensen,2018-02-12T12:54:23Z
121943,Févece,und,"","",,Neapolitan,John E. Christensen,2018-08-12T07:11:14Z
57278,Cazzipocchio,und,"","",,Neapolitan,John E. Christensen,2018-10-31T08:25:09Z
162161,Cucuzzigl,und,"","",,Neapolitan,John E. Christensen,2018-11-16T08:48:44Z
64261,Cepriesso,und,"","",,Neapolitan,Alessandro G.,2021-03-16T21:27:14Z
27035,Serpo,und,"","",,Neapolitan,Dino Biancolini,2022-06-10T21:12:30Z
