id,vernacularName,language,locality,countryCode,source,lexicon,contributor,created
123070,ᱢᱮᱨᱚᱢ,sat,"","",,Santali,John E. Christensen,2018-12-30T16:06:50Z
123356,ᱡᱟ.ᱢᱵᱤᱨ ᱫᱟᱨᱮ,sat,"","",,Santali,Zane Roskoph,2021-08-10T13:00:58Z
41644,ᱦᱤᱢ ᱵᱟᱱᱟ,sat,"","",,Santali,Zane Roskoph,2021-08-11T17:00:25Z
41964,ᱡᱟᱴᱟᱠᱩᱞ,sat,"","",,Santali,Zane Roskoph,2021-08-24T15:11:57Z
41967,ᱪᱮᱴᱨᱟ,sat,"","",,Santali,Zane Roskoph,2021-08-26T16:29:40Z
41967,ᱛᱟᱹᱨᱩᱵ,sat,"","",,Santali,Zane Roskoph,2021-08-26T16:29:52Z
48872,ᱥᱟᱫᱷᱨᱚᱬ ᱩᱞ,sat,"","",,Santali,Prasanta Hembram,2022-02-26T14:25:29Z
62876,ᱢᱟᱱᱫᱟᱨ,sat,"","",,Santali,Prasanta Hembram,2022-02-27T03:01:21Z
345556,ᱛᱟᱞᱮ,sat,"","",,Santali,Prasanta Hembram,2022-03-17T13:10:17Z
56739,ᱡᱟᱲᱟ,sat,"","",,Santali,Prasanta Hembram,2022-04-07T05:01:49Z
48875,ᱩᱞ,sat,"","",,Santali,Prasanta Hembram,2022-04-07T06:36:34Z
41944,ᱯᱩᱥᱤ,sat,"","",,Santali,Prasanta Hembram,2022-04-07T07:14:03Z
42043,ᱥᱮᱛᱟ,sat,"","",,Santali,Prasanta Hembram,2022-04-07T07:14:40Z
56739,Jada,sat,"","",,Santali,Prasanta Hembram,2022-04-08T12:23:13Z
48514,ᱢᱟᱹᱨᱤᱪ,sat,"","",,Santali,Prasanta Hembram,2022-04-08T12:27:23Z
160766,ᱛᱟᱦᱮᱨ,sat,"","",,Santali,Prasanta Hembram,2022-04-08T12:28:43Z
52329,ᱱᱟᱹᱲᱤ ᱜᱟᱹᱱᱫᱷᱟᱹᱨᱤ,sat,"","",,Santali,Prasanta Hembram,2022-04-08T12:38:11Z
122835,ᱥᱟᱹᱨᱩ,sat,"","",,Santali,Prasanta Hembram,2022-04-08T12:54:00Z
48891,ᱢᱟᱱᱫᱟᱨ,sat,"","",,Santali,Prasanta Hembram,2022-04-21T13:55:36Z
72295,ᱠᱷᱤᱡᱩᱨ,sat,"","",,Santali,Prasanta Hembram,2022-04-21T13:57:17Z
68702,ᱟᱶᱨᱟ,sat,"","",,Santali,Prasanta Hembram,2022-04-21T14:01:16Z
166746,ᱟᱶᱨᱟ ᱥᱩᱲᱤ,sat,"","",,Santali,Prasanta Hembram,2022-04-21T14:02:30Z
62910,ᱠᱟᱭᱨᱟ,sat,"","",,Santali,Prasanta Hembram,2022-04-21T18:59:36Z
169518,ᱠᱩᱫ,sat,"","",,Santali,Prasanta Hembram,2022-04-22T03:00:02Z
169518,ᱰᱟᱹᱣᱠᱟᱹ,sat,"","",,Santali,Prasanta Hembram,2022-04-22T03:00:38Z
47170,ᱜᱩᱢᱟᱹ,sat,"","",,Santali,Prasanta Hembram,2022-04-22T03:05:01Z
47169,ᱩᱫ,sat,"","",,Santali,Prasanta Hembram,2022-04-22T03:07:58Z
68687,ᱢᱩᱨᱩᱫ,sat,"","",,Santali,Prasanta Hembram,2022-04-22T03:09:04Z
68681,ᱢᱩᱨᱩᱫ,sat,"","",,Santali,Prasanta Hembram,2022-04-22T03:20:36Z
78555,ᱠᱷᱤᱡᱩᱨ,sat,"","",,Santali,Prasanta Hembram,2022-04-22T03:21:16Z
79312,ᱠᱩᱥᱩᱢᱵᱤ,sat,"","",,Santali,Prasanta Hembram,2022-04-22T03:23:22Z
181060,ᱛᱩᱞᱥᱤ,sat,"","",,Santali,Prasanta Hembram,2022-04-22T03:25:55Z
61398,ᱠᱟᱹᱯᱤᱨ ᱢᱟᱹᱞᱤ,sat,"","",,Santali,Prasanta Hembram,2022-04-22T03:29:10Z
61398,ᱵᱷᱟᱨᱵᱷᱟᱨᱤ,sat,"","",,Santali,Prasanta Hembram,2022-04-22T03:29:23Z
61398,ᱰᱷᱤᱢᱯᱩ ᱵᱟᱦᱟ,sat,"","",,Santali,Prasanta Hembram,2022-04-22T03:29:35Z
61398,ᱢᱟᱹᱞᱤ ᱵᱟᱦᱟ,sat,"","",,Santali,Prasanta Hembram,2022-04-22T03:29:48Z
61398,ᱢᱚᱱᱫᱚᱨ ᱢᱟᱹᱞᱤ ᱵᱟᱦᱟ,sat,"","",,Santali,Prasanta Hembram,2022-04-22T03:29:58Z
365733,ᱠᱷᱤᱡᱩᱨ,sat,"","",,Santali,Prasanta Hembram,2022-04-22T03:31:16Z
58991,ᱩᱨᱤᱪ ᱟᱞᱟᱝ,sat,"","",,Santali,Prasanta Hembram,2022-04-22T03:32:49Z
58991,ᱢᱚᱴᱟ ᱩᱨᱤᱪ ᱟᱞᱟᱝ,sat,"","",,Santali,Prasanta Hembram,2022-04-22T03:33:00Z
426476,ᱱᱟᱱᱦᱟ ᱩᱨᱤᱪ ᱟᱞᱟᱝ,sat,"","",,Santali,Prasanta Hembram,2022-04-22T03:34:21Z
203980,ᱥᱟᱨᱡᱳᱢ,sat,"","",,Santali,Prasanta Hembram,2022-04-22T03:39:19Z
203980,ᱥᱟᱞ,sat,"","",,Santali,Prasanta Hembram,2022-04-22T03:39:34Z
203980,ᱡᱟᱦᱮᱨ ᱫᱟᱨᱮ,sat,"","",,Santali,Prasanta Hembram,2022-04-22T03:39:55Z
186561,ᱦᱟᱴ,sat,"","",,Santali,Prasanta Hembram,2022-11-26T12:28:14Z
369294,ᱜᱩᱞᱟᱹ,sat,"","",,Santali,Prasanta Hembram,2022-11-26T17:17:31Z
122099,ᱠᱟᱣᱮᱛ,sat,"","",,Santali,Prasanta Hembram,2022-11-26T17:22:00Z
714985,ᱤᱥᱣᱟᱹᱨ,sat,"","",,Santali,Prasanta Hembram,2022-11-27T08:04:40Z
143423,ᱠᱟᱞᱢᱮᱜᱽᱷ,sat,"","",,Santali,Prasanta Hembram,2022-11-27T08:08:15Z
370028,ᱨᱟᱹᱱᱰᱚᱭᱤ,sat,"","",,Santali,Prasanta Hembram,2022-11-27T08:11:14Z
139444,ᱵᱟᱨᱮᱫᱟᱨᱮ,sat,"","",,Santali,Prasanta Hembram,2022-11-27T08:17:49Z
62887,ᱞᱚᱴᱯᱚᱴᱚ ᱫᱟᱨᱮ,sat,"","",,Santali,Prasanta Hembram,2022-11-27T08:28:40Z
62887,ᱥᱟᱹᱜᱩᱱ,sat,"","",,Santali,Prasanta Hembram,2022-11-27T08:29:00Z
62887,ᱥᱟᱹᱜᱩᱱᱟᱹ,sat,"","",,Santali,Prasanta Hembram,2022-11-27T08:29:21Z
62887,ᱥᱟᱜᱽᱣᱟᱹᱱ,sat,"","",,Santali,Prasanta Hembram,2022-11-27T08:29:43Z
48444,ᱯᱩᱴᱠᱟᱹ,sat,"","",,Santali,Prasanta Hembram,2022-11-27T14:43:27Z
154340,ᱥᱩᱶᱟᱹᱨᱤᱱ,sat,"","",,Santali,Prasanta Hembram,2022-11-27T15:06:27Z
413842,ᱥᱤ,sat,"","",,Santali,Prasanta Hembram,2022-11-27T15:07:42Z
413842,ᱛᱮᱞᱮ,sat,"","",,Santali,Prasanta Hembram,2022-11-27T15:07:53Z
550609,ᱨᱮᱨᱮᱧ,sat,"","",,Santali,Prasanta Hembram,2022-11-27T15:08:54Z
549064,ᱥᱟᱹᱱᱥᱩᱱᱤᱭᱟ,sat,"","",,Santali,Prasanta Hembram,2022-11-27T15:10:44Z
549064,ᱥᱩᱱᱥᱩᱱᱤᱭᱟ.,sat,"","",,Santali,Prasanta Hembram,2022-11-27T15:10:59Z
539844,ᱥᱩᱱᱩᱢ ᱵᱤᱝ,sat,"","",,Santali,Prasanta Hembram,2022-11-27T15:12:50Z
509800,ᱞᱩᱢᱟᱹᱢ,sat,"","",,Santali,Prasanta Hembram,2022-11-27T15:16:12Z
509800,ᱴᱤᱨᱟᱹ (male),sat,"","",,Santali,Prasanta Hembram,2022-11-27T15:16:30Z
509800,ᱯᱟᱹᱴᱱᱟᱹ (female),sat,"","",,Santali,Prasanta Hembram,2022-11-27T15:16:41Z
125071,ᱵᱷᱟᱹᱨᱩᱣᱟᱹ,sat,"","",,Santali,Prasanta Hembram,2022-11-27T15:21:02Z
40917,ᱠᱟᱹᱦᱩ ᱵᱟᱨᱫᱩᱲᱩᱸᱪ,sat,"","",,Santali,Prasanta Hembram,2022-11-27T15:22:59Z
119291,ᱜᱩᱥᱤ,sat,"","",,Santali,Prasanta Hembram,2022-11-28T15:06:06Z
119291,ᱜᱩᱥᱤ ᱟᱲᱟᱜ,sat,"","",,Santali,Prasanta Hembram,2022-11-28T15:06:20Z
76610,ᱜᱟᱡᱚᱨ,sat,"","",,Santali,Prasanta Hembram,2022-11-28T15:12:36Z
63190,ᱵᱮᱝᱜᱟᱲ,sat,"","",,Santali,Prasanta Hembram,2022-11-28T15:14:49Z
157765,ᱵᱷᱤᱱᱰᱤ,sat,"","",,Santali,Prasanta Hembram,2022-11-28T15:18:54Z
157765,ᱵᱷᱮᱱᱰᱤ,sat,"","",,Santali,Prasanta Hembram,2022-11-28T15:19:06Z
119267,ᱥᱟᱥᱟᱝ ᱫᱟᱨᱮ,sat,"","",,Santali,Prasanta Hembram,2022-11-28T15:20:07Z
119386,ᱥᱟᱥᱟᱝ,sat,"","",,Santali,Prasanta Hembram,2022-11-28T15:20:36Z
48592,ᱯᱮᱭᱟᱡᱽ,sat,"","",,Santali,Prasanta Hembram,2022-11-28T15:22:01Z
122866,ᱠᱚᱦᱚᱱᱰᱟ,sat,"","",,Santali,Prasanta Hembram,2022-11-28T15:22:57Z
122869,ᱠᱚᱦᱚᱱᱰᱟ,sat,"","",,Santali,Prasanta Hembram,2022-11-28T15:23:10Z
170883,ᱠᱟᱭᱨᱟ,sat,"","",,Santali,Prasanta Hembram,2022-11-28T15:25:21Z
61369,ᱠᱟᱨᱞᱟ,sat,"","",,Santali,Prasanta Hembram,2022-11-28T15:25:58Z
70054,ᱫᱟᱜ ᱠᱚᱦᱚᱱᱰᱟ,sat,"","",,Santali,Prasanta Hembram,2022-11-28T15:26:46Z
122988,ᱥᱚᱥᱚ,sat,"","",,Santali,Prasanta Hembram,2022-11-28T15:27:39Z
67574,ᱟᱠᱟᱣᱱᱟ,sat,"","",,Santali,Prasanta Hembram,2022-11-28T15:32:53Z
54880,ᱵᱟᱲᱮ,sat,"","",,Santali,Prasanta Hembram,2022-11-28T15:37:55Z
127514,ᱦᱮᱥᱟᱜ,sat,"","",,Santali,Prasanta Hembram,2022-11-28T15:38:24Z
127514,ᱡᱟᱢᱲᱚ ᱦᱮᱥᱟᱜ,sat,"","",,Santali,Prasanta Hembram,2022-11-28T15:38:34Z
354664,ᱥᱮᱜᱟ ᱡᱟᱹᱱᱩᱢ,sat,"","",,Santali,Prasanta Hembram,2022-11-28T15:39:51Z
54522,ᱢᱚᱴᱚᱨ,sat,"","",,Santali,Prasanta Hembram,2022-11-28T15:53:00Z
4871,Crvenoliki vivak,sat,Serbia,RS,,Santali,ГоКуле,2023-10-28T12:58:44Z
