id,vernacularName,language,locality,countryCode,source,lexicon,contributor,created
42412,Oomingmak,und,"","","FA Bisby, YR Roskov, MA Ruggiero, TM Orrell, LE Paglinawan, PW Brewer, N Bailly, J van Hertum, eds (2007). Species 2000 & ITIS Catalogue of Life: 2007 Annual Checklist Taxonomic Classification. CD-ROM; Species 2000: Reading, U.K.",Inupiaq,Alec Cowles,2008-03-19T00:43:23Z
47126,Nautchiat,und,"","",,Inupiaq,John E. Christensen,2017-12-13T15:23:09Z
53352,Nunaŋiak,und,"","",,Inupiaq,John E. Christensen,2019-07-12T20:09:14Z
113155,Siigruaq,und,"","",,Inupiaq,Zane Roskoph,2021-07-16T12:25:34Z
41644,Nanuq,und,"","",,Inupiaq,Zane Roskoph,2021-08-11T16:27:22Z
41461,Sisuaq,und,"","",,Inupiaq,Zane Roskoph,2021-08-15T18:13:15Z
41461,Qiḷalugaq,und,"","",,Inupiaq,Zane Roskoph,2021-08-15T18:13:35Z
153003,ᐊᖅᐱᒃ,und,"","",,Inupiaq,Zane Roskoph,2021-08-18T16:21:17Z
153003,Aqpik,und,"","",,Inupiaq,Zane Roskoph,2021-08-18T16:21:30Z
163580,Masu,und,"","",,Iñupiaq,ekmes,2022-09-27T21:24:52Z
