id,vernacularName,language,locality,countryCode,source,lexicon,contributor,created
340245,kàqé,und,"","",,Ju|'hoan,Botswanabugs,2020-01-13T06:11:10Z
340245,gchi,und,"","",,Ju|'hoan,Botswanabugs,2020-01-13T06:12:00Z
450851,!Norogom,und,"Ngamiland West, NC, BW","",,Ju|'hoan,Dewald du Plessis,2020-11-21T00:32:49Z
340162,Masapo,und,"","",,Juǀ'Hoan,Botswanabugs,2020-01-11T08:27:04Z
142774,!huma-n|ai-g!ka,und,"","",,Juǀ'Hoan,Botswanabugs,2022-01-09T04:45:17Z
340162,sau,und,"","",,Ju|'Hoan,Botswanabugs,2020-01-11T08:26:14Z
201031,nǁaba,und,"","",,Ju|'Hoan,Botswanabugs,2023-07-14T09:11:10Z
583246,kari,und,"","",,Ju|'Hoan,Botswanabugs,2024-01-09T07:18:45Z
583246,ǂumagárí,und,"","",,Ju|'Hoan,Botswanabugs,2024-01-09T07:20:04Z
333945,ǃo mnǀaí,und,"","",,Ju|'Hoan,Botswanabugs,2024-01-09T07:26:51Z
592652,/A'arqa,und,"","",,Ju Hoan,Botswanabugs,2020-01-11T16:11:26Z
318903,!Gãũ,und,"Ngamiland West, NC, BW | Makgadikgadi Pans","",,Ju Hoan,Dewald du Plessis,2020-03-14T12:12:49Z
1484786,N/oan,und,"","",https://www.inaturalist.org/taxon_names/1914773/edit,Ju Hoan,Riaan Stals,2023-07-25T18:15:57Z
527007,gǃáún,und,"","",,Juǀ'hoan,Botswanabugs,2020-03-14T18:47:06Z
