id,vernacularName,language,locality,countryCode,source,lexicon,contributor,created
53692,St'thkway',und,"","",http://www.catalogueoflife.org/annual-checklist/details/species/id/10078652/common/19333,Salish,,2021-07-09T13:38:31Z
48648,St'thkway',und,"","",http://www.catalogueoflife.org/annual-checklist/details/species/id/10078694/common/45850,Salish,,2021-07-09T13:38:31Z
107572,Schaanexw,und,"","",http://www.catalogueoflife.org/annual-checklist/details/species/id/10078651/common/19249,Salish,,2021-07-09T13:41:14Z
53692,Schaanexw,und,"","",http://www.catalogueoflife.org/annual-checklist/details/species/id/10078652/common/19347,Salish,,2021-07-09T13:41:14Z
69922,Schaanexw,und,"","",http://www.catalogueoflife.org/annual-checklist/details/species/id/10078655/common/19027,Salish,,2021-07-09T13:41:14Z
54191,Schaanexw,und,"","",http://www.catalogueoflife.org/annual-checklist/details/species/id/10078657/common/18951,Salish,,2021-07-09T13:41:15Z
48648,Schaanexw,und,"","",http://www.catalogueoflife.org/annual-checklist/details/species/id/10078694/common/45718,Salish,,2021-07-09T13:41:15Z
107570,Schaanexw,und,"","",http://www.catalogueoflife.org/annual-checklist/details/species/id/10078648/common/19429,Salish,,2021-07-09T13:41:15Z
54191,K'wolexw,und,"","",http://www.catalogueoflife.org/annual-checklist/details/species/id/10078657/common/18977,Salish,,2021-07-09T13:41:30Z
48648,K'wolexw,und,"","",http://www.catalogueoflife.org/annual-checklist/details/species/id/10078694/common/45792,Salish,,2021-07-09T13:41:31Z
107570,K'wolexw,und,"","",http://www.catalogueoflife.org/annual-checklist/details/species/id/10078648/common/19469,Salish,,2021-07-09T13:41:31Z
107572,K'wolexw,und,"","",http://www.catalogueoflife.org/annual-checklist/details/species/id/10078651/common/19272,Salish,,2021-07-09T13:41:32Z
53692,K'wolexw,und,"","",http://www.catalogueoflife.org/annual-checklist/details/species/id/10078652/common/19359,Salish,,2021-07-09T13:41:32Z
69922,K'wolexw,und,"","",http://www.catalogueoflife.org/annual-checklist/details/species/id/10078655/common/19061,Salish,,2021-07-09T13:41:32Z
107572,K'wit'thet,und,"","",http://www.catalogueoflife.org/annual-checklist/details/species/id/10078651/common/19273,Salish,,2021-07-09T13:41:33Z
69922,K'wit'thet,und,"","",http://www.catalogueoflife.org/annual-checklist/details/species/id/10078655/common/19060,Salish,,2021-07-09T13:41:34Z
48648,K'wit'thet,und,"","",http://www.catalogueoflife.org/annual-checklist/details/species/id/10078694/common/45793,Salish,,2021-07-09T13:41:34Z
111991,K'wit'thet,und,"","",http://www.catalogueoflife.org/annual-checklist/details/species/id/10078736/common/45163,Salish,,2021-07-09T13:41:35Z
232769,K'wit'thet,und,"","",http://www.catalogueoflife.org/annual-checklist/details/species/id/10064545/common/206537,Salish,,2021-07-09T13:41:35Z
107570,K'wit'thet,und,"","",http://www.catalogueoflife.org/annual-checklist/details/species/id/10078648/common/19471,Salish,,2021-07-09T13:41:35Z
53692,Sináech,und,"","",http://www.catalogueoflife.org/annual-checklist/details/species/id/10078652/common/19340,Salish,,2021-07-09T13:42:17Z
111991,Spak'ws schaanexw,und,"","",http://www.catalogueoflife.org/annual-checklist/details/species/id/10078736/common/45204,Salish,,2021-07-09T13:42:17Z
69922,Sináech,und,"","",http://www.catalogueoflife.org/annual-checklist/details/species/id/10078655/common/19022,Salish,,2021-07-09T13:42:17Z
107572,Spak'ws schaanexw,und,"","",http://www.catalogueoflife.org/annual-checklist/details/species/id/10078651/common/19238,Salish,,2021-07-09T13:42:18Z
54191,Sináech,und,"","",http://www.catalogueoflife.org/annual-checklist/details/species/id/10078657/common/18949,Salish,,2021-07-09T13:42:18Z
54191,Slhop' schaanexw,und,"","",http://www.catalogueoflife.org/annual-checklist/details/species/id/10078657/common/18946,Salish,,2021-07-09T13:42:18Z
53692,Spak'ws schaanexw,und,"","",http://www.catalogueoflife.org/annual-checklist/details/species/id/10078652/common/19335,Salish,,2021-07-09T13:42:18Z
111991,Sk'wel'eng's schaanexw,und,"","",http://www.catalogueoflife.org/annual-checklist/details/species/id/10078736/common/45207,Salish,,2021-07-09T13:42:18Z
69922,Spak'ws schaanexw,und,"","",http://www.catalogueoflife.org/annual-checklist/details/species/id/10078655/common/19014,Salish,,2021-07-09T13:42:18Z
48648,Sináech,und,"","",http://www.catalogueoflife.org/annual-checklist/details/species/id/10078694/common/45710,Salish,,2021-07-09T13:42:18Z
232769,Slhop' schaanexw,und,"","",http://www.catalogueoflife.org/annual-checklist/details/species/id/10064545/common/206531,Salish,,2021-07-09T13:42:18Z
54191,Spak'ws schaanexw,und,"","",http://www.catalogueoflife.org/annual-checklist/details/species/id/10078657/common/18945,Salish,,2021-07-09T13:42:19Z
107572,Sk'wel'eng's schaanexw,und,"","",http://www.catalogueoflife.org/annual-checklist/details/species/id/10078651/common/19240,Salish,,2021-07-09T13:42:19Z
48648,Slhop' schaanexw,und,"","",http://www.catalogueoflife.org/annual-checklist/details/species/id/10078694/common/45706,Salish,,2021-07-09T13:42:19Z
107570,Sináech,und,"","",http://www.catalogueoflife.org/annual-checklist/details/species/id/10078648/common/19426,Salish,,2021-07-09T13:42:19Z
232769,Spak'ws schaanexw,und,"","",http://www.catalogueoflife.org/annual-checklist/details/species/id/10064545/common/206530,Salish,,2021-07-09T13:42:19Z
107572,Sináech,und,"","",http://www.catalogueoflife.org/annual-checklist/details/species/id/10078651/common/19244,Salish,,2021-07-09T13:42:19Z
53692,Sk'wel'eng's schaanexw,und,"","",http://www.catalogueoflife.org/annual-checklist/details/species/id/10078652/common/19339,Salish,,2021-07-09T13:42:19Z
107570,Slhop' schaanexw,und,"","",http://www.catalogueoflife.org/annual-checklist/details/species/id/10078648/common/19425,Salish,,2021-07-09T13:42:19Z
48648,Spak'ws schaanexw,und,"","",http://www.catalogueoflife.org/annual-checklist/details/species/id/10078694/common/45698,Salish,,2021-07-09T13:42:19Z
111991,Slhop' schaanexw,und,"","",http://www.catalogueoflife.org/annual-checklist/details/species/id/10078736/common/45206,Salish,,2021-07-09T13:42:20Z
69922,Sk'wel'eng's schaanexw,und,"","",http://www.catalogueoflife.org/annual-checklist/details/species/id/10078655/common/19019,Salish,,2021-07-09T13:42:20Z
107570,Spak'ws schaanexw,und,"","",http://www.catalogueoflife.org/annual-checklist/details/species/id/10078648/common/19422,Salish,,2021-07-09T13:42:20Z
107572,Slhop' schaanexw,und,"","",http://www.catalogueoflife.org/annual-checklist/details/species/id/10078651/common/19239,Salish,,2021-07-09T13:42:20Z
54191,Sk'wel'eng's schaanexw,und,"","",http://www.catalogueoflife.org/annual-checklist/details/species/id/10078657/common/18948,Salish,,2021-07-09T13:42:20Z
53692,Slhop' schaanexw,und,"","",http://www.catalogueoflife.org/annual-checklist/details/species/id/10078652/common/19337,Salish,,2021-07-09T13:42:20Z
48648,Sk'wel'eng's schaanexw,und,"","",http://www.catalogueoflife.org/annual-checklist/details/species/id/10078694/common/45707,Salish,,2021-07-09T13:42:21Z
107570,Sk'wel'eng's schaanexw,und,"","",http://www.catalogueoflife.org/annual-checklist/details/species/id/10078648/common/19427,Salish,,2021-07-09T13:42:21Z
69922,Slhop' schaanexw,und,"","",http://www.catalogueoflife.org/annual-checklist/details/species/id/10078655/common/19018,Salish,,2021-07-09T13:42:21Z
111991,Shmexwalsh,und,"","",http://www.catalogueoflife.org/annual-checklist/details/species/id/10078736/common/45215,Salish,,2021-07-09T13:42:35Z
107572,Shmexwalsh,und,"","",http://www.catalogueoflife.org/annual-checklist/details/species/id/10078651/common/19245,Salish,,2021-07-09T13:42:35Z
53692,Shmexwalsh,und,"","",http://www.catalogueoflife.org/annual-checklist/details/species/id/10078652/common/19343,Salish,,2021-07-09T13:42:36Z
69922,Shmexwalsh,und,"","",http://www.catalogueoflife.org/annual-checklist/details/species/id/10078655/common/19024,Salish,,2021-07-09T13:42:36Z
54191,Shmexwalsh,und,"","",http://www.catalogueoflife.org/annual-checklist/details/species/id/10078657/common/18950,Salish,,2021-07-09T13:42:37Z
48648,Shamet skelex,und,"","",http://www.catalogueoflife.org/annual-checklist/details/species/id/10078694/common/45713,Salish,,2021-07-09T13:42:37Z
232769,Shmexwalsh,und,"","",http://www.catalogueoflife.org/annual-checklist/details/species/id/10064545/common/206533,Salish,,2021-07-09T13:42:37Z
48648,Shmexwalsh,und,"","",http://www.catalogueoflife.org/annual-checklist/details/species/id/10078694/common/45712,Salish,,2021-07-09T13:42:37Z
107570,Shamet skelex,und,"","",http://www.catalogueoflife.org/annual-checklist/details/species/id/10078648/common/19430,Salish,,2021-07-09T13:42:37Z
107570,Shmexwalsh,und,"","",http://www.catalogueoflife.org/annual-checklist/details/species/id/10078648/common/19428,Salish,,2021-07-09T13:42:38Z
111991,Shamet skelex,und,"","",http://www.catalogueoflife.org/annual-checklist/details/species/id/10078736/common/45214,Salish,,2021-07-09T13:42:38Z
107572,Shamet skelex,und,"","",http://www.catalogueoflife.org/annual-checklist/details/species/id/10078651/common/19246,Salish,,2021-07-09T13:42:38Z
53692,Shamet skelex,und,"","",http://www.catalogueoflife.org/annual-checklist/details/species/id/10078652/common/19345,Salish,,2021-07-09T13:42:39Z
69922,Shamet skelex,und,"","",http://www.catalogueoflife.org/annual-checklist/details/species/id/10078655/common/19023,Salish,,2021-07-09T13:42:39Z
54191,Shamet skelex,und,"","",http://www.catalogueoflife.org/annual-checklist/details/species/id/10078657/common/18952,Salish,,2021-07-09T13:42:39Z
232769,Shamet skelex,und,"","",http://www.catalogueoflife.org/annual-checklist/details/species/id/10064545/common/206534,Salish,,2021-07-09T13:42:40Z
93696,K'wet'thenéchte,und,"","",http://www.catalogueoflife.org/annual-checklist/details/species/id/10064520/common/203980,Salish,,2021-07-13T19:28:52Z
94439,K'wet'thenéchte,und,"","",http://www.catalogueoflife.org/annual-checklist/details/species/id/10055593/common/79334,Salish,,2021-07-13T19:28:53Z
82128,K'wet'thenéchte,und,"","",http://www.catalogueoflife.org/annual-checklist/details/species/id/10064527/common/259034,Salish,,2021-07-13T19:28:53Z
102743,K'wet'thenéchte,und,"","",http://www.catalogueoflife.org/annual-checklist/details/species/id/10064510/common/218097,Salish,,2021-07-13T19:28:53Z
112842,K'wet'thenéchte,und,"","",http://www.catalogueoflife.org/annual-checklist/details/species/id/10083922/common/148566,Salish,,2021-07-13T19:28:54Z
107194,K'wet'thenéchte,und,"","",http://www.catalogueoflife.org/annual-checklist/details/species/id/10064512/common/232774,Salish,,2021-07-13T19:28:54Z
56764,K'wet'thenéchte,und,"","",http://www.catalogueoflife.org/annual-checklist/details/species/id/10055536/common/158304,Salish,,2021-07-13T19:28:55Z
50873,K'wet'thenéchte,und,"","",http://www.catalogueoflife.org/annual-checklist/details/species/id/10064513/common/239596,Salish,,2021-07-13T19:28:55Z
101176,K'wet'thenéchte,und,"","",http://www.catalogueoflife.org/annual-checklist/details/species/id/10055543/common/203682,Salish,,2021-07-13T19:28:55Z
62739,K'wet'thenéchte,und,"","",http://www.catalogueoflife.org/annual-checklist/details/species/id/10064516/common/179122,Salish,,2021-07-13T19:28:56Z
110361,K'wet'thenéchte,und,"","",http://www.catalogueoflife.org/annual-checklist/details/species/id/10055576/common/237937,Salish,,2021-07-13T19:28:56Z
47517,K'wsech,und,"","",http://www.catalogueoflife.org/annual-checklist/details/species/id/10085789/common/350610,Salish,Adrian Kreft,2021-07-19T12:29:31Z
47516,K'wsech,und,"","",http://www.catalogueoflife.org/annual-checklist/details/species/id/10078654/common/19186,Salish,,2021-07-19T12:29:34Z
69922,K'wsech,und,"","",http://www.catalogueoflife.org/annual-checklist/details/species/id/10078655/common/19059,Salish,,2021-07-19T12:29:35Z
111991,K'wsech,und,"","",http://www.catalogueoflife.org/annual-checklist/details/species/id/10078736/common/45160,Salish,,2021-07-19T12:29:36Z
51361,K'wsech,und,"","",http://www.catalogueoflife.org/annual-checklist/details/species/id/10078755/common/93206,Salish,,2021-07-19T12:29:36Z
47516,Sxew'k'em,und,"","",http://www.catalogueoflife.org/annual-checklist/details/species/id/10078654/common/19143,Salish,,2021-07-19T12:29:41Z
53435,p'əp'ayəqəd.,und,"","",,Salish,,2021-11-24T00:44:27Z
68077,K'wsech,und,"","",http://www.catalogueoflife.org/annual-checklist/details/species/id/10085796/common/350993,Salish,,2022-05-18T06:13:38Z
68075,K'wsech,und,"","",http://www.catalogueoflife.org/annual-checklist/details/species/id/10085689/common/350430,Salish,Sean Cozart,2023-12-24T16:47:43Z
