id,vernacularName,language,locality,countryCode,source,lexicon,contributor,created
319218,Imekurs,und,"","",,Palauan,sea-kangaroo,2020-03-25T03:10:47Z
883857,Bedel,und,"","",,Palauan,sea-kangaroo,2020-03-25T03:16:04Z
4314,Dudek,und,Palau,PW,,Palauan,sea-kangaroo,2020-03-25T03:18:26Z
8070,Charmelachull,und,Palau,PW,,Palauan,sea-kangaroo,2020-03-26T01:59:05Z
11901,Tsubame,und,Palau,PW,,Palauan,sea-kangaroo,2020-03-26T01:59:48Z
339705,Wuul,und,Palau,PW,,Palauan,sea-kangaroo,2020-03-26T02:00:18Z
339705,Chesisebarsech,und,Palau,PW,,Palauan,sea-kangaroo,2020-03-26T02:00:33Z
732599,Charmbedel,und,Palau,PW,,Palauan,sea-kangaroo,2020-03-26T02:01:21Z
17471,Chetitalial,und,Palau,PW,,Palauan,sea-kangaroo,2020-03-26T02:02:27Z
73017,Charmbedel,und,Palau,PW,,Palauan,sea-kangaroo,2020-03-26T02:02:52Z
542786,Kiuid,und,Palau,PW,,Palauan,sea-kangaroo,2020-03-26T02:03:19Z
4988,Melabaob,und,Palau,PW,,Palauan,sea-kangaroo,2020-03-26T02:04:04Z
5008,Cheloteachel,und,Palau,PW,,Palauan,sea-kangaroo,2020-03-26T02:04:42Z
4947,Sechou,und,Palau,PW,,Palauan,sea-kangaroo,2020-03-26T02:05:02Z
5017,Keremlal Sechou,und,Palau,PW,,Palauan,sea-kangaroo,2020-03-26T02:05:32Z
723963,Teriid,und,Palau,PW,,Palauan,sea-kangaroo,2020-03-26T02:06:15Z
201282,Debar,und,Palau,PW,,Palauan,sea-kangaroo,2020-03-26T02:06:41Z
475033,Uek,und,Palau,PW,,Palauan,sea-kangaroo,2020-03-26T02:08:20Z
719202,Debar,und,Palau,PW,,Palauan,sea-kangaroo,2020-03-26T02:09:39Z
4896,Derariik,und,Palau,PW,,Palauan,sea-kangaroo,2020-03-26T02:10:09Z
3978,Bengobaingukl,und,Palau,PW,,Palauan,sea-kangaroo,2020-03-26T02:10:41Z
3901,Okak,und,Palau,PW,,Palauan,sea-kangaroo,2020-03-26T02:11:07Z
370351,Deroech,und,Palau,PW,,Palauan,sea-kangaroo,2020-03-26T02:11:31Z
4453,Kerkirs,und,Palau,PW,,Palauan,sea-kangaroo,2020-03-26T02:11:57Z
144527,Bedebedechakl,und,Palau,PW,,Palauan,sea-kangaroo,2020-03-26T02:12:25Z
4535,Mechadelbedaoch,und,Palau,PW,,Palauan,sea-kangaroo,2020-03-26T02:12:51Z
4537,Bedaoch,und,Palau,PW,,Palauan,sea-kangaroo,2020-03-26T02:13:14Z
144540,Roall,und,Palau,PW,,Palauan,sea-kangaroo,2020-03-26T02:13:35Z
470775,Sechosech,und,Palau,PW,,Palauan,sea-kangaroo,2020-03-26T02:14:01Z
979927,Ochaieu,und,Palau,PW,,Palauan,sea-kangaroo,2020-03-26T02:14:47Z
3797,Kuel,und,Palau,PW,,Palauan,sea-kangaroo,2020-03-26T02:15:09Z
3793,Kuel,und,Palau,PW,,Palauan,sea-kangaroo,2020-03-26T02:15:28Z
4636,Kedam,und,Palau,PW,,Palauan,sea-kangaroo,2020-03-26T02:15:46Z
41360,Chesisualik,und,Palau,PW,,Palauan,sea-kangaroo,2020-03-26T02:16:14Z
74984,Olik,und,Palau,PW,,Palauan,sea-kangaroo,2020-03-26T02:17:12Z
136153,Remiang,und,Palau,PW,,Palauan,sea-kangaroo,2020-03-26T02:17:49Z
343875,Dort,und,Palau,PW,,Palauan,sea-kangaroo,2020-03-26T02:18:31Z
345585,Chedebsachel,und,Palau,PW,,Palauan,sea-kangaroo,2020-03-26T02:18:52Z
169518,Mesekerrak,und,Palau,PW,,Palauan,sea-kangaroo,2020-03-26T02:19:17Z
70025,Ongor,und,Palau,PW,,Palauan,sea-kangaroo,2020-03-26T02:19:52Z
62888,Ngas,und,Palau,PW,,Palauan,sea-kangaroo,2020-03-26T02:21:50Z
8155,Melimdelebteb,und,Palau,PW,,Palauan,sea-kangaroo,2020-03-26T02:22:50Z
8155,Chesisrech,und,Palau,PW,,Palauan,sea-kangaroo,2020-03-26T02:23:04Z
144292,Tutau,und,Palau,PW,,Palauan,sea-kangaroo,2020-03-26T02:23:23Z
558771,Kiuidukall,und,Palau,PW,,Palauan,sea-kangaroo,2020-03-26T02:23:54Z
719716,Mengaluliu,und,Palau,PW,,Palauan,sea-kangaroo,2020-03-26T02:24:53Z
542785,Chesisebangiau,und,Palau,PW,,Palauan,sea-kangaroo,2020-03-26T02:25:28Z
542784,Tengadidik,und,Palau,PW,,Palauan,sea-kangaroo,2020-03-26T02:26:00Z
480358,Cherosech,und,Palau,PW,,Palauan,sea-kangaroo,2020-03-26T02:27:47Z
480358,Ongelimadech,und,Palau,PW,,Palauan,sea-kangaroo,2020-03-26T02:27:59Z
144624,Chesisekiad,und,Palau,PW,,Palauan,sea-kangaroo,2020-03-26T02:28:25Z
1927,Charmudrenges,und,Palau,PW,,Palauan,sea-kangaroo,2020-03-26T02:30:57Z
19225,Iakkotsiang,und,Palau,PW,,Palauan,sea-kangaroo,2020-03-26T02:31:20Z
116834,Iakkotsiang,und,Palau,PW,,Palauan,sea-kangaroo,2020-03-26T02:31:47Z
3228,Belochel,und,Palau,PW,,Palauan,sea-kangaroo,2020-03-26T02:32:05Z
3643,Laib,und,Palau,PW,,Palauan,sea-kangaroo,2020-03-26T02:34:03Z
2849,Biib,und,Palau,PW,,Palauan,sea-kangaroo,2020-03-26T02:34:26Z
266,Kok,und,Palau,PW,,Palauan,sea-kangaroo,2020-03-26T02:35:30Z
266,Och,und,Palau,PW,,Palauan,sea-kangaroo,2020-03-26T02:35:38Z
266,Ulerratel,und,Palau,PW,,Palauan,sea-kangaroo,2020-03-26T02:35:54Z
505478,Malkureomel,und,Palau,PW,,Palauan,sea-kangaroo,2020-03-26T02:36:27Z
542781,Bekai,und,Palau,PW,,Palauan,sea-kangaroo,2020-03-26T02:37:12Z
52315,besachel,und,"","",,Palauan,sea-kangaroo,2020-03-28T00:43:41Z
551307,chedeng,und,"","",,Palauan,sea-kangaroo,2020-03-28T00:44:03Z
67964,matukeyoll,und,"","",,Palauan,sea-kangaroo,2020-03-28T00:44:27Z
52299,mochelas,und,Palau,PW,,Palauan,sea-kangaroo,2020-03-28T00:44:44Z
106649,metal,und,"","",,Palauan,sea-kangaroo,2020-03-28T00:45:09Z
52314,ulupsuchl,und,"","",,Palauan,sea-kangaroo,2020-03-28T00:45:36Z
67970,mederart,und,Palau,PW,,Palauan,sea-kangaroo,2020-03-28T00:45:58Z
67970,teongt,und,Palau,PW,,Palauan,sea-kangaroo,2020-03-28T00:46:05Z
50591,Ribkungal,und,"","",,Palauan,sea-kangaroo,2020-07-20T22:38:28Z
67973,Duadeb,und,"","",,Palauan,sea-kangaroo,2020-07-20T22:39:11Z
67978,Duadou,und,"","",,Palauan,sea-kangaroo,2020-07-20T22:39:29Z
50590,Oruer,und,"","",,Palauan,sea-kangaroo,2020-07-20T22:39:50Z
50593,Kism,und,"","",,Palauan,sea-kangaroo,2020-07-20T22:40:08Z
114396,Oktang,und,"","",,Palauan,sea-kangaroo,2020-07-20T22:40:22Z
1123190,Rur,und,"","",,Palauan,sea-kangaroo,2020-08-23T07:30:28Z
360343,Bangerenguis,und,"","",,Palauan,sea-kangaroo,2020-08-23T07:37:21Z
162982,Kerngimesked,und,"","",,Palauan,sea-kangaroo,2020-08-23T07:37:43Z
136153,Kokeal,und,"","",,Palauan,sea-kangaroo,2020-08-23T07:38:07Z
517585,Albeluu,und,"","",,Palauan,sea-kangaroo,2020-08-23T07:39:47Z
369875,Teroter,und,"","",,Palauan,sea-kangaroo,2020-08-23T07:40:20Z
84356,Bukel beluu,und,"","",,Palauan,sea-kangaroo,2020-08-23T07:42:30Z
64058,Ebechab,und,"","",,Palauan,sea-kangaroo,2020-08-23T07:42:53Z
636753,Orredakl,und,"","",,Palauan,sea-kangaroo,2020-08-23T07:43:36Z
365383,Ebouch,und,"","",,Palauan,sea-kangaroo,2020-08-23T07:45:52Z
425741,Uaoch,und,"","",,Palauan,sea-kangaroo,2020-08-23T07:46:20Z
776172,Kesiamel,und,"","",,Palauan,sea-kangaroo,2020-08-23T07:46:51Z
509307,Bungaruau,und,"","",,Palauan,sea-kangaroo,2020-08-23T07:47:31Z
604462,Esemiich,und,"","",,Palauan,sea-kangaroo,2020-08-23T07:50:56Z
62821,Miich,und,"","",,Palauan,sea-kangaroo,2020-08-23T07:51:38Z
196657,Meduulokebong,und,"","",,Palauan,sea-kangaroo,2020-08-23T07:52:36Z
62868,Chermal,und,"","",,Palauan,sea-kangaroo,2020-08-23T07:53:03Z
937293,Kisakes,und,"","",,Palauan,sea-kangaroo,2020-08-23T07:53:44Z
278899,Dokou,und,"","",,Palauan,sea-kangaroo,2020-08-23T07:58:56Z
159698,Btaches,und,"","",,Palauan,sea-kangaroo,2020-08-23T07:59:18Z
70027,Meduu,und,"","",,Palauan,sea-kangaroo,2020-08-23T08:01:36Z
427454,Kertaku,und,"","",,Palauan,sea-kangaroo,2020-08-23T08:02:47Z
162774,Kesiil,und,Palau,PW,,Palauan,sea-kangaroo,2020-08-23T08:03:12Z
1123213,Rtertiil,und,"","",,Palauan,sea-kangaroo,2020-08-23T08:03:33Z
1123214,Ralm,und,"","",,Palauan,sea-kangaroo,2020-08-23T08:03:49Z
348343,Meliik,und,"","",,Palauan,sea-kangaroo,2020-08-23T08:04:22Z
193529,Chersachel,und,"","",,Palauan,sea-kangaroo,2020-08-23T08:07:23Z
485345,Oseked,und,"","",,Palauan,sea-kangaroo,2020-08-23T08:07:57Z
1123220,Chemeklachel,und,"","",,Palauan,sea-kangaroo,2020-08-23T08:08:02Z
1064531,Tielar bekai,und,"","",,Palauan,sea-kangaroo,2020-08-23T08:09:02Z
1064531,Odoid,und,"","",,Palauan,sea-kangaroo,2020-08-23T08:09:10Z
1064531,Meldii,und,"","",,Palauan,sea-kangaroo,2020-08-23T08:09:15Z
602317,Ebtui,und,"","",,Palauan,sea-kangaroo,2020-08-23T08:09:58Z
552390,Tebudel,und,"","",,Palauan,sea-kangaroo,2020-08-23T08:10:21Z
552390,Rau,und,"","",,Palauan,sea-kangaroo,2020-08-23T08:10:25Z
1123221,Elsau,und,"","",,Palauan,sea-kangaroo,2020-08-23T08:10:43Z
1123222,Eruei,und,"","",,Palauan,sea-kangaroo,2020-08-23T08:11:19Z
1123222,Keruiau,und,"","",,Palauan,sea-kangaroo,2020-08-23T08:11:25Z
363303,Dub,und,"","",,Palauan,sea-kangaroo,2020-08-23T08:11:58Z
363303,Rtachel,und,"","",,Palauan,sea-kangaroo,2020-08-23T08:12:13Z
476350,Dechedch,und,"","",,Palauan,sea-kangaroo,2020-08-23T08:12:49Z
553515,Dechedch,und,"","",,Palauan,sea-kangaroo,2020-08-23T08:13:13Z
46311,Mesekiu,und,"","",,Palauan,sea-kangaroo,2020-08-23T08:14:16Z
38302,Chemaidechedui,und,"","",,Palauan,sea-kangaroo,2020-08-23T08:15:00Z
96703,Bersoech,und,"","",,Palauan,sea-kangaroo,2020-08-23T08:15:36Z
539613,Nguis,und,"","",,Palauan,sea-kangaroo,2020-08-23T08:16:00Z
68343,Mengernger,und,"","",,Palauan,sea-kangaroo,2020-08-23T08:16:15Z
371057,Berebur,und,"","",,Palauan,sea-kangaroo,2020-08-23T08:16:34Z
371057,Sechesech,und,"","",,Palauan,sea-kangaroo,2020-08-23T08:16:41Z
39672,Ngas,und,"","",,Palauan,sea-kangaroo,2020-08-23T08:17:01Z
39659,Melob,und,"","",,Palauan,sea-kangaroo,2020-08-23T08:17:06Z
61373,Rereek,und,"","",,Palauan,sea-kangaroo,2020-08-23T08:20:12Z
82585,Rekung el daob,und,"","",,Palauan,sea-kangaroo,2020-08-23T08:20:44Z
706838,Chesechol,und,"","",,Palauan,sea-kangaroo,2020-10-29T17:41:23Z
962782,Sumum,und,"","",https://www.inaturalist.org/taxon_names/2210308/edit,Palauan,,2020-11-01T06:35:13Z
962782,Okeok,und,"","",https://www.inaturalist.org/taxon_names/2210307/edit,Palauan,,2020-11-01T06:35:14Z
367510,Chebacheb,und,"","",,Palauan,rjq,2021-03-29T12:44:17Z
367509,Chebacheb,und,"","",,Palauan,rjq,2021-03-29T13:53:14Z
121375,Louch,und,"","",http://www.catalogueoflife.org/annual-checklist/details/species/id/10079528/common/204336,Palauan,,2021-07-12T15:32:51Z
64490,Louch,und,"","",http://www.catalogueoflife.org/annual-checklist/details/species/id/10079697/common/116463,Palauan,,2021-07-12T15:32:51Z
67971,Rrull,und,"","",,Palauan,Zane Roskoph,2021-07-19T14:45:44Z
113985,Ngot,und,"","",http://www.catalogueoflife.org/annual-checklist/details/species/id/10076605/common/93957,Palauan,,2021-07-20T12:57:42Z
113990,Ngot,und,"","",http://www.catalogueoflife.org/annual-checklist/details/species/id/10076611/common/93843,Palauan,,2021-07-20T12:57:42Z
50984,Ngot,und,"","",http://www.catalogueoflife.org/annual-checklist/details/species/id/10070184/common/256372,Palauan,lwnrngr,2021-07-20T12:57:43Z
47578,Merirchesengl,und,"","",http://www.catalogueoflife.org/annual-checklist/details/species/id/10066482/common/226618,Palauan,,2021-07-27T15:53:50Z
52508,Merirchesengl,und,"","",http://www.catalogueoflife.org/annual-checklist/details/species/id/10076322/common/200237,Palauan,,2021-07-27T15:53:50Z
94016,Udoudungelel,und,"","",http://www.catalogueoflife.org/annual-checklist/details/species/id/10076137/common/200122,Palauan,,2021-07-27T17:00:45Z
111000,Udoudungelel,und,"","",http://www.catalogueoflife.org/annual-checklist/details/species/id/10076536/common/228952,Palauan,,2021-07-27T17:00:46Z
135283,Alogo,und,"","",http://www.catalogueoflife.org/annual-checklist/details/species/id/10066658/common/54870,Palauan,,2021-07-27T18:13:45Z
180389,Alogo,und,"","",http://www.catalogueoflife.org/annual-checklist/details/species/id/10066683/common/143561,Palauan,,2021-07-27T18:13:45Z
135283,Belai,und,"","",http://www.catalogueoflife.org/annual-checklist/details/species/id/10066658/common/54860,Palauan,,2021-07-27T18:19:50Z
52323,Dudalm,und,"","",http://www.catalogueoflife.org/annual-checklist/details/species/id/10076294/common/142046,Palauan,,2021-07-27T19:31:19Z
63597,Dudalm,und,"","",http://www.catalogueoflife.org/annual-checklist/details/species/id/10076469/common/36334,Palauan,,2021-07-27T19:31:19Z
424818,Bisch,und,"","",http://www.catalogueoflife.org/annual-checklist/details/species/id/10066720/common/55463,Palauan,,2021-07-28T13:27:32Z
49641,Masch,und,"","",http://www.catalogueoflife.org/annual-checklist/details/species/id/10066719/common/55525,Palauan,,2021-07-28T13:47:31Z
132410,Masch,und,"","",http://www.catalogueoflife.org/annual-checklist/details/species/id/10066664/common/54434,Palauan,,2021-07-28T13:47:31Z
187002,Masch,und,"","",http://www.catalogueoflife.org/annual-checklist/details/species/id/10066665/common/54389,Palauan,,2021-07-28T13:47:32Z
187279,Masch,und,"","",http://www.catalogueoflife.org/annual-checklist/details/species/id/10066678/common/143602,Palauan,,2021-07-28T13:47:32Z
180389,Masch,und,"","",http://www.catalogueoflife.org/annual-checklist/details/species/id/10066683/common/143520,Palauan,,2021-07-28T13:47:32Z
96940,Ngemngumk,und,"","",http://www.catalogueoflife.org/annual-checklist/details/species/id/10070593/common/3753,Palauan,,2021-07-28T14:18:48Z
111389,Ngemngumk,und,"","",http://www.catalogueoflife.org/annual-checklist/details/species/id/10070659/common/301901,Palauan,,2021-07-28T14:18:48Z
49639,Rumekei,und,"","",http://www.catalogueoflife.org/annual-checklist/details/species/id/10073047/common/60723,Palauan,,2021-07-29T00:51:43Z
135218,Reked,und,"","",http://www.catalogueoflife.org/annual-checklist/details/species/id/10073521/common/100802,Palauan,Victor HOYEAU,2021-07-30T16:12:49Z
318323,Reked,und,"","",http://www.catalogueoflife.org/annual-checklist/details/species/id/10073534/common/100112,Palauan,Victor HOYEAU,2021-07-30T16:12:49Z
180397,Reked,und,"","",http://www.catalogueoflife.org/annual-checklist/details/species/id/10073510/common/101339,Palauan,Victor HOYEAU,2021-07-30T16:12:50Z
180396,Reked,und,"","",http://www.catalogueoflife.org/annual-checklist/details/species/id/10073511/common/101274,Palauan,,2021-07-30T16:12:50Z
121576,Tungch,und,"","",http://www.catalogueoflife.org/annual-checklist/details/species/id/10084960/common/134675,Palauan,,2021-07-30T19:26:04Z
83884,Tungch,und,"","",http://www.catalogueoflife.org/annual-checklist/details/species/id/10084953/common/180608,Palauan,,2021-07-30T19:26:05Z
52449,Tungch,und,"","",http://www.catalogueoflife.org/annual-checklist/details/species/id/10084957/common/180534,Palauan,,2021-07-30T19:26:05Z
325499,Tungch,und,"","",http://www.catalogueoflife.org/annual-checklist/details/species/id/10084958/common/180497,Palauan,,2021-07-30T19:26:05Z
52456,Gatala uli,und,"","",http://www.catalogueoflife.org/annual-checklist/details/species/id/10073036/common/61454,Palauan,,2021-08-01T13:46:07Z
52456,Mardelucheb,und,"","",http://www.catalogueoflife.org/annual-checklist/details/species/id/10073036/common/61427,Palauan,,2021-08-01T13:54:42Z
101780,Mardelucheb,und,"","",http://www.catalogueoflife.org/annual-checklist/details/species/id/10073172/common/221236,Palauan,,2021-08-01T13:54:43Z
52456,Mengardelucheb,und,"","",http://www.catalogueoflife.org/annual-checklist/details/species/id/10073036/common/61423,Palauan,,2021-08-01T13:55:03Z
52456,Mengardeluu,und,"","",http://www.catalogueoflife.org/annual-checklist/details/species/id/10073036/common/61424,Palauan,,2021-08-01T13:55:10Z
123227,Klels,und,"","",http://www.catalogueoflife.org/annual-checklist/details/species/id/10073516/common/100952,Palauan,,2021-08-03T12:11:54Z
123227,Kelsebuul,und,"","",,Palauan,Zane Roskoph,2021-08-03T12:12:19Z
123227,Klsbuul,und,"","",http://www.catalogueoflife.org/annual-checklist/details/species/id/10073516/common/100951,Palauan,,2021-08-03T12:12:29Z
123227,Klsebuul,und,"","",http://www.catalogueoflife.org/annual-checklist/details/species/id/10073516/common/100950,Palauan,,2021-08-03T12:12:38Z
52451,Cherangel,und,"","",,Palauan,Zane Roskoph,2021-08-03T16:24:09Z
52451,Cherangl,und,"","",http://www.catalogueoflife.org/annual-checklist/details/species/id/10066695/common/8297,Palauan,,2021-08-03T16:24:18Z
52451,Erangel,und,"","",http://www.catalogueoflife.org/annual-checklist/details/species/id/10066695/common/8289,Palauan,,2021-08-03T16:24:28Z
52451,Umulei,und,"","",http://www.catalogueoflife.org/annual-checklist/details/species/id/10066695/common/8202,Palauan,,2021-08-03T16:24:35Z
322878,Rebotel,und,Palau,PW,,Palauan,sea-kangaroo,2021-08-14T04:48:22Z
1123211,Orenged,und,Palau,PW,,Palauan,sea-kangaroo,2021-08-14T04:48:51Z
84370,Kidel,und,Palau,PW,,Palauan,sea-kangaroo,2021-08-14T04:49:12Z
62859,Kuabang,und,Palau,PW,,Palauan,sea-kangaroo,2021-08-14T04:52:55Z
966171,Kertaku,und,Palau,PW,,Palauan,sea-kangaroo,2021-08-14T04:53:45Z
1123218,Kertaku,und,Palau,PW,,Palauan,sea-kangaroo,2021-08-14T04:54:17Z
425852,Blangtalos,und,"","",,Palauan,sea-kangaroo,2021-08-14T04:58:21Z
170883,Tuu,und,"","",,Palauan,sea-kangaroo,2021-08-14T04:58:35Z
346156,Bungeltuu,und,"","",,Palauan,sea-kangaroo,2021-08-14T04:58:50Z
166914,Chemoi,und,"","",,Palauan,sea-kangaroo,2021-08-14T05:01:21Z
166914,Mesbesibech,und,"","",,Palauan,sea-kangaroo,2021-08-14T05:01:29Z
165586,Budo,und,"","",,Palauan,sea-kangaroo,2021-08-14T05:02:34Z
165529,Malungkai,und,"","",,Palauan,sea-kangaroo,2021-08-14T05:02:50Z
243723,Meduuliei,und,"","",,Palauan,sea-kangaroo,2021-08-14T05:04:59Z
243723,Chebieil,und,"","",,Palauan,sea-kangaroo,2021-08-14T05:05:11Z
123003,Baramits,und,"","",,Palauan,sea-kangaroo,2021-08-14T05:05:21Z
60218,Uosechelkall,und,"","",,Palauan,sea-kangaroo,2021-08-14T05:06:09Z
369423,Uosechrarechlid,und,"","",,Palauan,sea-kangaroo,2021-08-14T05:06:27Z
126507,Komunoki,und,"","",,Palauan,sea-kangaroo,2021-08-14T05:07:21Z
54982,Lulk,und,"","",,Palauan,sea-kangaroo,2021-08-14T05:07:30Z
503865,Lulk,und,"","",,Palauan,sea-kangaroo,2021-08-14T05:08:50Z
425621,Kulul,und,"","",,Palauan,sea-kangaroo,2021-08-14T05:08:59Z
129546,Lulk,und,"","",,Palauan,sea-kangaroo,2021-08-14T05:09:08Z
189051,Mesecheues,und,"","",,Palauan,sea-kangaroo,2021-08-14T05:11:26Z
497641,Mahongani,und,"","",,Palauan,sea-kangaroo,2021-08-14T05:12:27Z
1144705,Mesekui,und,"","",,Palauan,sea-kangaroo,2021-08-14T05:13:40Z
1144706,Teketekel,und,"","",,Palauan,sea-kangaroo,2021-08-14T05:13:50Z
1144706,Demedemkur,und,"","",,Palauan,sea-kangaroo,2021-08-14T05:13:58Z
165230,Matakui,und,"","",,Palauan,sea-kangaroo,2021-08-14T05:14:11Z
122319,Dermarm,und,"","",,Palauan,sea-kangaroo,2021-08-14T05:15:11Z
1002040,Dermarm,und,"","",,Palauan,sea-kangaroo,2021-08-14T05:15:19Z
328408,Temring,und,"","",,Palauan,sea-kangaroo,2021-08-14T05:16:01Z
1123221,Chelsau,und,"","",,Palauan,sea-kangaroo,2021-08-14T05:17:35Z
82768,Baderirt,und,"","",,Palauan,sea-kangaroo,2021-08-14T05:18:07Z
64340,Sukelatei,und,"","",,Palauan,sea-kangaroo,2021-08-14T05:18:53Z
79077,Keak,und,"","",,Palauan,sea-kangaroo,2021-08-14T05:19:11Z
168922,Keak,und,"","",,Palauan,sea-kangaroo,2021-08-14T05:19:34Z
154852,Miichrangebard,und,"","",,Palauan,sea-kangaroo,2021-08-14T05:20:24Z
553614,Chermalleucheang,und,"","",,Palauan,sea-kangaroo,2021-08-14T05:20:57Z
62809,Kalngebard,und,"","",,Palauan,sea-kangaroo,2021-08-14T05:22:04Z
157765,Okura,und,"","",,Palauan,sea-kangaroo,2021-08-14T05:23:08Z
62868,Cheremall,und,"","",,Palauan,sea-kangaroo,2021-08-14T05:24:11Z
62876,Bussonge,und,"","",,Palauan,sea-kangaroo,2021-08-14T05:24:47Z
1144703,Chuchab,und,"","",,Palauan,sea-kangaroo,2021-08-14T05:25:43Z
193310,Chebicheb,und,"","",,Palauan,sea-kangaroo,2021-08-14T05:26:27Z
343895,Lab,und,"","",,Palauan,sea-kangaroo,2021-08-14T05:26:51Z
362460,Chermallucheang,und,"","",,Palauan,sea-kangaroo,2021-08-14T05:27:30Z
362460,Bebechelut,und,"","",,Palauan,sea-kangaroo,2021-08-14T05:27:38Z
346180,Madudiu,und,"","",,Palauan,sea-kangaroo,2021-08-14T05:28:06Z
189205,Ngaseltoi,und,"","",,Palauan,sea-kangaroo,2021-08-14T05:33:31Z
58300,Keralladang,und,"","",,Palauan,sea-kangaroo,2021-08-14T05:34:23Z
425753,Ngis,und,"","",,Palauan,sea-kangaroo,2021-08-14T05:34:40Z
196661,Urur,und,"","",,Palauan,sea-kangaroo,2021-08-14T05:35:00Z
872706,Ngidech,und,"","",,Palauan,sea-kangaroo,2021-08-14T05:36:50Z
164986,Osuchedechui,und,"","",,Palauan,sea-kangaroo,2021-08-14T05:37:09Z
427096,Ngidech,und,"","",,Palauan,sea-kangaroo,2021-08-14T05:37:23Z
1144635,iutekill,und,"","",,Palauan,sea-kangaroo,2021-08-14T05:39:52Z
736268,Teroter,und,"","",,Palauan,sea-kangaroo,2021-08-14T05:41:20Z
425736,Delimes,und,"","",,Palauan,sea-kangaroo,2021-08-14T05:42:17Z
165684,Teroter,und,"","",,Palauan,sea-kangaroo,2021-08-14T05:42:24Z
185643,Ralm,und,"","",,Palauan,sea-kangaroo,2021-08-14T05:43:14Z
185643,Kalm,und,"","",,Palauan,sea-kangaroo,2021-08-14T05:43:20Z
196659,Koranges,und,"","",,Palauan,sea-kangaroo,2021-08-14T05:48:39Z
189657,Bduul,und,"","",,Palauan,sea-kangaroo,2021-08-14T05:48:50Z
62831,Bata,und,"","",,Palauan,sea-kangaroo,2021-08-14T05:49:36Z
160172,Techellelachull,und,"","",,Palauan,sea-kangaroo,2021-08-14T05:49:47Z
160172,Kukiut,und,"","",,Palauan,sea-kangaroo,2021-08-14T05:49:56Z
1144567,Ochod,und,"","",,Palauan,sea-kangaroo,2021-08-14T05:50:28Z
122777,Ochodrangebard,und,"","",,Palauan,sea-kangaroo,2021-08-14T05:50:49Z
363301,Dub,und,"","",,Palauan,sea-kangaroo,2021-08-14T05:51:19Z
363301,Rtachel,und,"","",,Palauan,sea-kangaroo,2021-08-14T05:51:27Z
1123222,Chereui,und,"","",,Palauan,sea-kangaroo,2021-08-14T05:51:54Z
425648,Kalngebard,und,"","",,Palauan,sea-kangaroo,2021-08-14T05:52:26Z
940731,Blacheos,und,"","",,Palauan,sea-kangaroo,2021-08-14T05:52:40Z
62887,Tsik,und,"","",,Palauan,sea-kangaroo,2021-08-14T05:52:58Z
185264,Chemadecharebub,und,"","",,Palauan,sea-kangaroo,2021-08-14T05:53:43Z
61398,Ruraked,und,"","",,Palauan,sea-kangaroo,2021-08-14T05:54:09Z
1107431,Beoki,und,"","",,Palauan,sea-kangaroo,2021-08-14T05:55:08Z
1107431,Bars,und,"","",,Palauan,sea-kangaroo,2021-08-14T05:55:14Z
133332,Kelsechedui,und,"","",,Palauan,sea-kangaroo,2021-08-14T05:55:39Z
775466,Chemrert,und,"","",,Palauan,sea-kangaroo,2021-08-14T05:56:33Z
343901,Butecherechar,und,"","",,Palauan,sea-kangaroo,2021-08-14T05:57:03Z
343820,Clung,und,"","",,Palauan,sea-kangaroo,2021-08-14T05:57:18Z
369642,Chosm,und,"","",,Palauan,sea-kangaroo,2021-08-14T05:58:30Z
1150350,Leam,und,"","",,Palauan,sea-kangaroo,2021-08-14T06:02:07Z
50360,Char,und,"","",,Palauan,sea-kangaroo,2021-08-14T06:04:50Z
370835,Doko,und,"","",,Palauan,sea-kangaroo,2021-08-14T06:05:42Z
1144555,Kobesos,und,"","",,Palauan,sea-kangaroo,2021-08-14T06:06:28Z
346611,Euais,und,"","",,Palauan,sea-kangaroo,2021-08-14T06:07:45Z
363481,Kirrai,und,"","",,Palauan,sea-kangaroo,2021-08-14T06:08:22Z
363481,Korrai,und,"","",,Palauan,sea-kangaroo,2021-08-14T06:08:28Z
363481,Railechol,und,"","",,Palauan,sea-kangaroo,2021-08-14T06:08:36Z
52492,itouch,und,"","",,Palauan,sea-kangaroo,2021-08-14T06:09:03Z
1144633,Melkii,und,"","",,Palauan,sea-kangaroo,2021-08-14T06:09:48Z
123681,Chelilai,und,"","",,Palauan,sea-kangaroo,2021-08-14T06:10:56Z
123681,Ksid,und,"","",,Palauan,sea-kangaroo,2021-08-14T06:11:21Z
360343,Bangarnguis,und,"","",,Palauan,sea-kangaroo,2021-08-14T06:11:53Z
1144623,Dekemerir,und,"","",,Palauan,sea-kangaroo,2021-08-14T06:16:34Z
504035,Dekemerir,und,"","",,Palauan,sea-kangaroo,2021-08-14T06:16:56Z
348327,Matib,und,"","",,Palauan,sea-kangaroo,2021-08-14T06:17:59Z
161930,Telngot,und,"","",,Palauan,sea-kangaroo,2021-08-14T06:19:28Z
84537,Belloi,und,"","",,Palauan,sea-kangaroo,2021-08-14T06:19:39Z
475628,Chesiach,und,"","",,Palauan,sea-kangaroo,2021-08-14T06:19:53Z
1272164,Likerbedaoch,und,"","",,Palauan,sea-kangaroo,2021-08-14T06:23:07Z
425336,Luukbedaoch,und,"","",,Palauan,sea-kangaroo,2021-08-14T06:23:37Z
129783,Remiang,und,"","",,Palauan,sea-kangaroo,2021-08-14T06:25:13Z
136213,Remiang,und,"","",,Palauan,sea-kangaroo,2021-08-14T06:25:32Z
136213,Kokeal,und,"","",,Palauan,sea-kangaroo,2021-08-14T06:25:38Z
472136,Cheluu,und,"","",,Palauan,sea-kangaroo,2021-08-14T06:26:09Z
1272166,Cheluu,und,"","",,Palauan,sea-kangaroo,2021-08-14T06:26:28Z
76538,Uri,und,"","",,Palauan,sea-kangaroo,2021-08-14T06:27:23Z
70054,Sandiang,und,"","",,Palauan,sea-kangaroo,2021-08-14T06:27:38Z
54919,Kiuri,und,"","",,Palauan,sea-kangaroo,2021-08-14T06:27:51Z
122866,Tongang,und,"","",,Palauan,sea-kangaroo,2021-08-14T06:28:03Z
61369,Markosong,und,"","",,Palauan,sea-kangaroo,2021-08-14T06:28:47Z
764909,isebab,und,"","",,Palauan,sea-kangaroo,2021-08-14T06:29:58Z
348466,Ongchutelrarekung,und,"","",,Palauan,sea-kangaroo,2021-08-14T06:30:41Z
945393,Kebeas,und,"","",,Palauan,sea-kangaroo,2021-08-14T06:31:36Z
164077,Kangkum,und,"","",,Palauan,sea-kangaroo,2021-08-14T06:32:39Z
62941,Chemutii,und,"","",,Palauan,sea-kangaroo,2021-08-14T06:32:57Z
873827,Torech,und,"","",,Palauan,sea-kangaroo,2021-08-14T06:34:27Z
77496,Oliimad,und,"","",,Palauan,sea-kangaroo,2021-08-14T06:35:00Z
164087,Torech,und,"","",,Palauan,sea-kangaroo,2021-08-14T06:35:21Z
60879,Kebeaschol,und,"","",,Palauan,sea-kangaroo,2021-08-14T06:35:57Z
126869,Asangao,und,"","",,Palauan,sea-kangaroo,2021-08-14T06:36:23Z
428204,Chemcherasech,und,"","",,Palauan,sea-kangaroo,2021-08-14T06:36:54Z
196656,Mekekad,und,"","",,Palauan,sea-kangaroo,2021-08-14T06:37:54Z
1144621,Chesemiich,und,"","",,Palauan,sea-kangaroo,2021-08-14T06:38:17Z
604462,Chesemiich,und,"","",,Palauan,sea-kangaroo,2021-08-14T06:38:36Z
1123206,Tilol,und,"","",,Palauan,sea-kangaroo,2021-08-14T06:39:58Z
123001,Mangosti,und,"","",,Palauan,sea-kangaroo,2021-08-14T06:40:19Z
1109527,Tilol,und,"","",,Palauan,sea-kangaroo,2021-08-14T06:41:40Z
1272169,Ketenguit,und,"","",,Palauan,sea-kangaroo,2021-08-14T06:43:50Z
511065,Ongolbesachel,und,"","",,Palauan,sea-kangaroo,2021-08-14T06:45:02Z
511065,Kodebisech,und,"","",,Palauan,sea-kangaroo,2021-08-14T06:45:11Z
190155,Olebtaches,und,"","",,Palauan,sea-kangaroo,2021-08-14T06:45:54Z
1144618,Chesemolech,und,"","",,Palauan,sea-kangaroo,2021-08-14T06:46:14Z
425716,Bkau,und,"","",,Palauan,sea-kangaroo,2021-08-14T06:46:46Z
427979,Cheritem,und,"","",,Palauan,sea-kangaroo,2021-08-14T06:46:58Z
1116923,Keikei,und,"","",,Palauan,sea-kangaroo,2021-08-14T06:47:27Z
425782,Detimel,und,"","",,Palauan,sea-kangaroo,2021-08-14T06:47:40Z
1272170,Kerangel,und,"","",,Palauan,sea-kangaroo,2021-08-14T06:49:02Z
62811,Bobai,und,"","",,Palauan,sea-kangaroo,2021-08-14T06:50:39Z
1123196,Kelelamengerenger,und,"","",,Palauan,sea-kangaroo,2021-08-14T06:51:42Z
427391,Cheltobkau,und,"","",,Palauan,sea-kangaroo,2021-08-14T06:52:08Z
427391,Chedebsungelbeluu,und,"","",,Palauan,sea-kangaroo,2021-08-14T06:52:20Z
1036925,Chelidu,und,"","",,Palauan,sea-kangaroo,2021-08-14T06:53:51Z
370005,Chelodechoel,und,"","",,Palauan,sea-kangaroo,2021-08-14T06:54:04Z
147425,Chelodechoel,und,"","",,Palauan,sea-kangaroo,2021-08-14T06:54:15Z
154827,Udelrabadrei,und,"","",,Palauan,sea-kangaroo,2021-08-14T06:54:58Z
165876,Chesbocheb,und,"","",,Palauan,sea-kangaroo,2021-08-14T06:55:27Z
1109946,Mesecheues,und,"","",,Palauan,sea-kangaroo,2021-08-14T06:56:15Z
345572,Mesecheues,und,"","",,Palauan,sea-kangaroo,2021-08-14T06:56:41Z
122965,Ongolngebard,und,"","",,Palauan,sea-kangaroo,2021-08-14T06:57:26Z
160878,Kelau,und,"","",,Palauan,sea-kangaroo,2021-08-14T06:58:44Z
126840,Baderirt,und,"","",,Palauan,sea-kangaroo,2021-08-14T06:58:59Z
769957,Rirs,und,"","",,Palauan,sea-kangaroo,2021-08-14T06:59:44Z
345928,Klorouikl,und,"","",,Palauan,sea-kangaroo,2021-08-14T07:03:29Z
127676,Birk,und,"","",,Palauan,sea-kangaroo,2021-08-14T07:04:00Z
191683,Rriu,und,"","",,Palauan,sea-kangaroo,2021-08-14T07:04:35Z
133350,Hosengka,und,"","",,Palauan,sea-kangaroo,2021-08-14T07:06:19Z
75723,Dadaiit,und,"","",,Palauan,sea-kangaroo,2021-08-14T07:06:48Z
426351,Etngeong,und,"","",,Palauan,sea-kangaroo,2021-08-14T07:07:35Z
708121,Ngesil,und,"","",,Palauan,sea-kangaroo,2021-08-14T07:10:28Z
143422,Ngmak,und,"","",,Palauan,sea-kangaroo,2021-08-14T07:11:43Z
199400,Ngesgnesil,und,"","",,Palauan,sea-kangaroo,2021-08-14T07:14:44Z
130374,Etngeong,und,"","",,Palauan,sea-kangaroo,2021-08-14T07:16:06Z
130374,Edngeong,und,"","",,Palauan,sea-kangaroo,2021-08-14T07:16:14Z
76765,Deberebelela,und,"","",,Palauan,sea-kangaroo,2021-08-14T07:16:38Z
76765,Tengadidik,und,"","",,Palauan,sea-kangaroo,2021-08-14T07:16:48Z
84356,Bukelbeluu,und,"","",,Palauan,sea-kangaroo,2021-08-14T07:19:25Z
566716,Kitelel,und,"","",,Palauan,sea-kangaroo,2021-08-14T07:20:50Z
365816,Chebouch,und,"","",,Palauan,sea-kangaroo,2021-08-14T07:34:21Z
83106,Touechel,und,"","",,Palauan,sea-kangaroo,2021-08-14T07:34:39Z
365383,bochelauchererak,und,"","",,Palauan,sea-kangaroo,2021-08-14T07:46:31Z
365318,Beokl,und,"","",,Palauan,sea-kangaroo,2021-08-14T07:46:51Z
365318,Demailei,und,"","",,Palauan,sea-kangaroo,2021-08-14T07:47:03Z
365318,Chebouch,und,"","",,Palauan,sea-kangaroo,2021-08-14T07:47:14Z
133599,Buuch,und,"","",,Palauan,sea-kangaroo,2021-08-14T07:47:33Z
48865,Lius,und,"","",,Palauan,sea-kangaroo,2021-08-14T07:48:03Z
83108,Buuch,und,"","",,Palauan,sea-kangaroo,2021-08-14T07:48:43Z
1123193,Omechidel,und,"","",,Palauan,sea-kangaroo,2021-08-14T07:49:29Z
1144600,Kesiamel,und,"","",,Palauan,sea-kangaroo,2021-08-14T07:50:39Z
1144599,Kesiamel,und,"","",,Palauan,sea-kangaroo,2021-08-14T07:51:02Z
370131,Bngei,und,"","",,Palauan,sea-kangaroo,2021-08-14T07:52:12Z
167273,Kob,und,"","",,Palauan,sea-kangaroo,2021-08-14T07:52:23Z
1268661,bungaruau,und,"","",,Palauan,sea-kangaroo,2021-08-14T07:53:45Z
141386,Beodech,und,"","",,Palauan,sea-kangaroo,2021-08-14T07:54:17Z
1125030,Zuiki,und,"","",,Palauan,sea-kangaroo,2021-08-14T07:54:46Z
154794,Cheball,und,"","",,Palauan,sea-kangaroo,2021-08-14T07:54:56Z
498746,Klebngelabeab,und,"","",,Palauan,sea-kangaroo,2021-08-14T07:55:51Z
122835,Kukau,und,"","",,Palauan,sea-kangaroo,2021-08-14T07:56:13Z
126165,Bisechrabelau,und,"","",,Palauan,sea-kangaroo,2021-08-14T07:56:44Z
1144562,Oliich,und,"","",,Palauan,sea-kangaroo,2021-08-14T07:57:00Z
1144563,Bischerad,und,"","",,Palauan,sea-kangaroo,2021-08-14T07:57:25Z
1144561,Toilalech,und,"","",,Palauan,sea-kangaroo,2021-08-14T07:57:53Z
210278,Brak,und,"","",,Palauan,sea-kangaroo,2021-08-14T07:58:38Z
1005671,Uralanguis,und,"","",,Palauan,sea-kangaroo,2021-08-14T07:59:06Z
1144602,Uralanguis,und,"","",,Palauan,sea-kangaroo,2021-08-14T08:00:05Z
344616,Kemramer,und,"","",,Palauan,sea-kangaroo,2021-08-14T08:01:04Z
852641,Omechidel,und,"","",,Palauan,sea-kangaroo,2021-08-14T08:01:55Z
336787,Chemeridech,und,"","",,Palauan,sea-kangaroo,2021-08-14T08:03:09Z
336787,Kameduangel,und,"","",,Palauan,sea-kangaroo,2021-08-14T08:03:17Z
516210,Kameduangel,und,"","",,Palauan,sea-kangaroo,2021-08-14T08:03:40Z
167075,Chelilairangebard,und,"","",,Palauan,sea-kangaroo,2021-08-14T08:04:46Z
1185590,Uralanguis,und,"","",,Palauan,sea-kangaroo,2021-08-14T08:07:25Z
160294,Elisichur,und,"","",,Palauan,sea-kangaroo,2021-08-14T08:08:22Z
154842,irang,und,"","",,Palauan,sea-kangaroo,2021-08-14T08:08:43Z
284503,Sausab,und,"","",,Palauan,sea-kangaroo,2021-08-14T08:10:12Z
69973,Ngelrangebard,und,"","",,Palauan,sea-kangaroo,2021-08-14T08:10:33Z
284506,Ngelrangebard,und,"","",,Palauan,sea-kangaroo,2021-08-14T08:10:46Z
1144592,Omail,und,"","",,Palauan,sea-kangaroo,2021-08-14T08:11:23Z
1144593,Omail,und,"","",,Palauan,sea-kangaroo,2021-08-14T08:11:33Z
48872,iedel,und,"","",,Palauan,sea-kangaroo,2021-08-14T08:12:17Z
548260,Cheues,und,"","",,Palauan,sea-kangaroo,2021-08-14T08:12:38Z
345967,Meseiedel,und,"","",,Palauan,sea-kangaroo,2021-08-14T08:13:06Z
426701,Titimel,und,"","",,Palauan,sea-kangaroo,2021-08-14T08:13:19Z
161124,Bisechrangebard,und,"","",,Palauan,sea-kangaroo,2021-08-14T08:15:46Z
48592,Sebulias,und,"","",,Palauan,sea-kangaroo,2021-08-14T08:16:56Z
122343,Nira,und,"","",,Palauan,sea-kangaroo,2021-08-14T08:17:06Z
128268,Botang,und,"","",,Palauan,sea-kangaroo,2021-08-14T08:17:30Z
158232,Okulabeluulechad,und,"","",,Palauan,sea-kangaroo,2021-08-14T08:20:16Z
160259,Chesechilamalk,und,"","",,Palauan,sea-kangaroo,2021-08-14T08:21:16Z
290891,iakorang,und,"","",,Palauan,sea-kangaroo,2021-08-14T08:21:51Z
347673,Riamel,und,"","",,Palauan,sea-kangaroo,2021-08-14T08:24:22Z
188925,Kollil,und,"","",,Palauan,sea-kangaroo,2021-08-14T08:24:54Z
116351,Bakllild,und,"","",,Palauan,sea-kangaroo,2021-08-14T08:32:35Z
426625,Deskim,und,"","",,Palauan,sea-kangaroo,2021-08-14T08:33:03Z
290649,Desumramesei,und,"","",,Palauan,sea-kangaroo,2021-08-14T08:33:29Z
736568,Keskuseldekel,und,"","",,Palauan,sea-kangaroo,2021-08-14T08:33:56Z
736568,Chesecheseding,und,"","",,Palauan,sea-kangaroo,2021-08-14T08:34:05Z
141162,Kerngimesked,und,"","",,Palauan,sea-kangaroo,2021-08-14T08:35:13Z
162985,Kerngimes,und,"","",,Palauan,sea-kangaroo,2021-08-14T08:36:05Z
427668,Kerngimes,und,"","",,Palauan,sea-kangaroo,2021-08-14T08:36:31Z
161453,Euaiskederang,und,"","",,Palauan,sea-kangaroo,2021-08-14T08:38:48Z
63329,Torkltoi,und,"","",,Palauan,sea-kangaroo,2021-08-14T08:40:13Z
63329,Keskurabelau,und,"","",,Palauan,sea-kangaroo,2021-08-14T08:40:22Z
76589,Badelaud,und,"","",,Palauan,sea-kangaroo,2021-08-14T08:41:03Z
168658,Bakllild,und,"","",,Palauan,sea-kangaroo,2021-08-14T08:42:54Z
370167,Bakllild,und,"","",,Palauan,sea-kangaroo,2021-08-14T08:43:07Z
426631,Loloi,und,"","",,Palauan,sea-kangaroo,2021-08-14T08:44:38Z
165138,Telngot,und,"","",,Palauan,sea-kangaroo,2021-08-14T08:46:02Z
127387,Kesuk,und,"","",,Palauan,sea-kangaroo,2021-08-14T08:47:11Z
56739,Cheluch,und,"","",,Palauan,sea-kangaroo,2021-08-14T08:48:36Z
56739,Uluchulaskoki,und,"","",,Palauan,sea-kangaroo,2021-08-14T08:48:46Z
157887,Klekel,und,"","",,Palauan,sea-kangaroo,2021-08-14T08:49:07Z
507658,Kerkar,und,"","",,Palauan,sea-kangaroo,2021-08-14T08:50:06Z
275384,Kerkar,und,"","",,Palauan,sea-kangaroo,2021-08-14T08:51:22Z
192360,ias,und,"","",,Palauan,sea-kangaroo,2021-08-14T08:55:04Z
192362,meskerekur,und,"","",,Palauan,sea-kangaroo,2021-08-14T08:55:23Z
47444,ianangi,und,"","",,Palauan,sea-kangaroo,2021-08-14T08:57:10Z
158007,telengtungdallel,und,"","",,Palauan,sea-kangaroo,2021-08-14T08:58:21Z
427865,ukallrangebard,und,"","",,Palauan,sea-kangaroo,2021-08-14T08:59:17Z
280568,tochedulik,und,"","",,Palauan,sea-kangaroo,2021-08-14T09:03:50Z
280568,sersmekemad,und,"","",,Palauan,sea-kangaroo,2021-08-14T09:03:59Z
851888,tochedulik,und,"","",,Palauan,sea-kangaroo,2021-08-14T09:04:30Z
851888,sersmekemad,und,"","",,Palauan,sea-kangaroo,2021-08-14T09:04:37Z
159808,Keldellel,und,"","",,Palauan,sea-kangaroo,2021-08-14T09:05:46Z
131242,Keldellel,und,"","",,Palauan,sea-kangaroo,2021-08-14T09:05:53Z
160171,Korriu,und,"","",,Palauan,sea-kangaroo,2021-08-14T09:06:20Z
68679,Korriu,und,"","",,Palauan,sea-kangaroo,2021-08-14T09:06:35Z
53263,Ukellelachedib,und,"","",,Palauan,sea-kangaroo,2021-08-14T09:07:22Z
131569,Kuroteraria,und,"","",,Palauan,sea-kangaroo,2021-08-14T09:08:10Z
161146,Kuroteraria,und,"","",,Palauan,sea-kangaroo,2021-08-14T09:08:50Z
161150,Kuroteraria,und,"","",,Palauan,sea-kangaroo,2021-08-14T09:09:02Z
1144643,Karuspeagatt,und,"","",,Palauan,sea-kangaroo,2021-08-14T09:09:25Z
132923,Ketenguit,und,"","",,Palauan,sea-kangaroo,2021-08-14T09:09:47Z
133652,iult,und,"","",,Palauan,sea-kangaroo,2021-08-14T09:11:58Z
1144645,Bangikoi,und,"","",,Palauan,sea-kangaroo,2021-08-14T09:12:22Z
62839,Naniosakura,und,"","",,Palauan,sea-kangaroo,2021-08-14T09:16:12Z
370052,Babeluu,und,"","",,Palauan,sea-kangaroo,2021-08-14T09:16:34Z
354252,Kemokem,und,"","",,Palauan,sea-kangaroo,2021-08-14T09:16:58Z
162325,Kesebekuu,und,"","",,Palauan,sea-kangaroo,2021-08-14T09:20:23Z
119672,Roro,und,"","",,Palauan,sea-kangaroo,2021-08-14T09:20:49Z
139168,Rororangebard,und,"","",,Palauan,sea-kangaroo,2021-08-14T09:21:03Z
1230463,Ukallrangebard,und,"","",,Palauan,sea-kangaroo,2021-08-14T09:21:29Z
163033,Besunglaiei,und,"","",,Palauan,sea-kangaroo,2021-08-14T09:21:59Z
48870,keam,und,"","",,Palauan,sea-kangaroo,2021-08-14T09:23:50Z
48870,boui,und,"","",,Palauan,sea-kangaroo,2021-08-14T09:23:55Z
47447,Telengtungd,und,"","",,Palauan,sea-kangaroo,2021-08-14T09:24:39Z
937293,kisaks,und,"","",,Palauan,sea-kangaroo,2021-08-14T09:25:19Z
126584,mechiuaiu,und,"","",,Palauan,sea-kangaroo,2021-08-14T09:25:48Z
51921,mechiuaiu,und,"","",,Palauan,sea-kangaroo,2021-08-14T09:26:05Z
165535,keldellel,und,"","",,Palauan,sea-kangaroo,2021-08-14T09:26:54Z
441674,Kmekumer,und,"","",,Palauan,sea-kangaroo,2021-08-14T09:28:31Z
348101,Las,und,"","",,Palauan,sea-kangaroo,2021-08-14T09:29:56Z
81515,Kerulabesokel,und,"","",,Palauan,sea-kangaroo,2021-08-14T09:30:51Z
168863,katurai,und,"","",,Palauan,sea-kangaroo,2021-08-14T09:31:44Z
127036,Dudurs,und,"","",,Palauan,sea-kangaroo,2021-08-14T09:32:05Z
131582,Keldellel,und,"","",,Palauan,sea-kangaroo,2021-08-14T09:36:43Z
83832,Kerekurlechol,und,"","",,Palauan,sea-kangaroo,2021-08-14T09:38:13Z
164861,erur,und,"","",,Palauan,sea-kangaroo,2021-08-14T09:39:37Z
332970,Oredekal,und,"","",,Palauan,sea-kangaroo,2021-08-14T09:40:07Z
965903,ruus,und,"","",,Palauan,sea-kangaroo,2021-08-14T09:40:23Z
275568,ruus,und,"","",,Palauan,sea-kangaroo,2021-08-14T09:41:19Z
903546,bangeraruchel,und,"","",,Palauan,sea-kangaroo,2021-08-14T09:50:14Z
1144524,chatburek,und,"","",,Palauan,sea-kangaroo,2021-08-14T09:50:42Z
1144522,sachalchaninein,und,"","",,Palauan,sea-kangaroo,2021-08-14T09:51:05Z
1144531,odabterengul,und,"","",,Palauan,sea-kangaroo,2021-08-14T09:52:45Z
1144513,bukitang,und,"","",,Palauan,sea-kangaroo,2021-08-14T09:59:04Z
1144514,bukitang,und,"","",,Palauan,sea-kangaroo,2021-08-14T09:59:12Z
53168,omis,und,"","",,Palauan,sea-kangaroo,2021-08-14T10:00:26Z
146977,kemim,und,"","",,Palauan,sea-kangaroo,2021-08-14T10:00:43Z
146977,oderteboteb,und,"","",,Palauan,sea-kangaroo,2021-08-14T10:00:53Z
319218,oterebekii,und,"","",,Palauan,sea-kangaroo,2021-08-14T10:01:13Z
559795,iul,und,"","",,Palauan,sea-kangaroo,2021-08-14T10:01:57Z
70026,ongor,und,"","",,Palauan,sea-kangaroo,2021-08-14T10:02:36Z
1144540,ongor,und,"","",,Palauan,sea-kangaroo,2021-08-14T10:02:57Z
427311,ongor,und,"","",,Palauan,sea-kangaroo,2021-08-14T10:03:38Z
1144541,buuk,und,"","",,Palauan,sea-kangaroo,2021-08-14T10:04:35Z
84150,Bekuu,und,"","",,Palauan,sea-kangaroo,2021-08-14T10:04:54Z
128637,tsiam,und,"","",,Palauan,sea-kangaroo,2021-08-14T10:07:48Z
166747,ukellelachedib,und,"","",,Palauan,sea-kangaroo,2021-08-14T10:08:53Z
166747,ukallaruchel,und,"","",,Palauan,sea-kangaroo,2021-08-14T10:09:03Z
1144691,dudurs,und,"","",,Palauan,sea-kangaroo,2021-08-14T10:09:41Z
1144691,udoud,und,"","",,Palauan,sea-kangaroo,2021-08-14T10:09:51Z
1144690,delulrarubak,und,"","",,Palauan,sea-kangaroo,2021-08-14T10:10:11Z
166494,rtertiil,und,"","",,Palauan,sea-kangaroo,2021-08-14T10:16:25Z
1144560,kesebibui,und,"","",,Palauan,sea-kangaroo,2021-08-14T10:16:57Z
1144559,kesebibui,und,"","",,Palauan,sea-kangaroo,2021-08-14T10:17:15Z
166895,etol,und,"","",,Palauan,sea-kangaroo,2021-08-14T10:17:31Z
912444,kesebibui,und,"","",,Palauan,sea-kangaroo,2021-08-14T10:17:54Z
167198,keskusramekesong,und,"","",,Palauan,sea-kangaroo,2021-08-14T10:18:48Z
153890,buklbeluu,und,"","",,Palauan,sea-kangaroo,2021-08-14T10:19:53Z
64058,chebechab,und,"","",,Palauan,sea-kangaroo,2021-08-14T10:20:53Z
344665,albeluu,und,"","",,Palauan,sea-kangaroo,2021-08-14T10:21:15Z
962637,bungelralm,und,"","",,Palauan,sea-kangaroo,2021-08-14T10:23:50Z
58991,bungaruaurasers,und,"","",,Palauan,sea-kangaroo,2021-08-14T10:24:20Z
1123210,bleached,und,"","",,Palauan,sea-kangaroo,2021-08-14T10:25:40Z
1144697,kulsill,und,"","",,Palauan,sea-kangaroo,2021-08-14T10:25:53Z
1144695,bleached,und,"","",,Palauan,sea-kangaroo,2021-08-14T10:26:02Z
136915,okkuam,und,"","",,Palauan,sea-kangaroo,2021-08-14T10:27:56Z
196664,okkuam,und,"","",,Palauan,sea-kangaroo,2021-08-14T10:28:16Z
138352,oecherelakesebekuu,und,"","",,Palauan,sea-kangaroo,2021-08-14T10:30:05Z
160357,tielauek,und,"","",,Palauan,sea-kangaroo,2021-08-14T10:30:36Z
1272191,luukbedaoch,und,"","",,Palauan,sea-kangaroo,2021-08-14T10:31:41Z
167543,luukbedaoch,und,"","",,Palauan,sea-kangaroo,2021-08-14T10:32:02Z
370447,aoas,und,"","",,Palauan,sea-kangaroo,2021-08-14T10:32:21Z
167546,luukbedaoch,und,"","",,Palauan,sea-kangaroo,2021-08-14T10:32:56Z
1123198,keuert,und,"","",,Palauan,sea-kangaroo,2021-08-14T10:34:40Z
940168,itol,und,"","",,Palauan,sea-kangaroo,2021-08-14T10:34:59Z
51593,derikel,und,"","",,Palauan,sea-kangaroo,2021-08-14T10:35:35Z
51593,ongaitong,und,"","",,Palauan,sea-kangaroo,2021-08-14T10:35:43Z
1144698,chelebiob,und,"","",,Palauan,sea-kangaroo,2021-08-14T10:36:00Z
190475,biut,und,"","",,Palauan,sea-kangaroo,2021-08-14T10:36:49Z
196660,bngaol,und,"","",,Palauan,sea-kangaroo,2021-08-14T10:37:07Z
196667,tebechel,und,"","",,Palauan,sea-kangaroo,2021-08-14T10:37:25Z
196666,bngaol,und,"","",,Palauan,sea-kangaroo,2021-08-14T10:37:44Z
426302,derikel,und,"","",,Palauan,sea-kangaroo,2021-08-14T10:38:26Z
426302,ongaitong,und,"","",,Palauan,sea-kangaroo,2021-08-14T10:38:35Z
291695,ulechouch,und,"","",,Palauan,sea-kangaroo,2021-08-14T10:40:44Z
426640,kuat,und,"","",,Palauan,sea-kangaroo,2021-08-14T10:41:19Z
1064531,tielabekai,und,"","",,Palauan,sea-kangaroo,2021-08-14T10:47:24Z
834743,redilkelelamalk,und,"","",,Palauan,sea-kangaroo,2021-08-14T10:49:24Z
1144669,kesengelngel,und,"","",,Palauan,sea-kangaroo,2021-08-14T10:50:31Z
1144670,kesengelngel,und,"","",,Palauan,sea-kangaroo,2021-08-14T10:50:39Z
121022,ngel,und,"","",,Palauan,sea-kangaroo,2021-08-14T10:51:00Z
133309,kerdeurangebard,und,"","",,Palauan,sea-kangaroo,2021-08-14T10:51:40Z
327746,kerdeu,und,"","",,Palauan,sea-kangaroo,2021-08-14T10:51:54Z
1144667,chemudelach,und,"","",,Palauan,sea-kangaroo,2021-08-14T10:52:58Z
1144665,leblebul,und,"","",,Palauan,sea-kangaroo,2021-08-14T10:53:35Z
1144665,lebleb,und,"","",,Palauan,sea-kangaroo,2021-08-14T10:53:45Z
1144664,leblebul,und,"","",,Palauan,sea-kangaroo,2021-08-14T10:54:00Z
1144664,lebleb,und,"","",,Palauan,sea-kangaroo,2021-08-14T10:54:08Z
1144663,daerrot,und,"","",,Palauan,sea-kangaroo,2021-08-14T10:56:46Z
210990,kadenia,und,"","",,Palauan,sea-kangaroo,2021-08-14T10:57:57Z
370069,kerumes,und,"","",,Palauan,sea-kangaroo,2021-08-14T11:00:33Z
343924,kertub,und,"","",,Palauan,sea-kangaroo,2021-08-14T11:01:30Z
1144655,beror,und,"","",,Palauan,sea-kangaroo,2021-08-14T11:01:43Z
54299,siabong,und,"","",,Palauan,sea-kangaroo,2021-08-14T11:03:41Z
54299,meradel,und,"","",,Palauan,sea-kangaroo,2021-08-14T11:03:48Z
54299,malechianged,und,"","",,Palauan,sea-kangaroo,2021-08-14T11:03:55Z
708697,kingkang,und,"","",,Palauan,sea-kangaroo,2021-08-14T11:04:14Z
331122,kerekur,und,"","",,Palauan,sea-kangaroo,2021-08-14T11:04:43Z
344271,chemechong,und,"","",,Palauan,sea-kangaroo,2021-08-14T11:05:32Z
344840,chemechong,und,"","",,Palauan,sea-kangaroo,2021-08-14T11:05:41Z
1143812,ngiwoden,und,"","",,Palauan,sea-kangaroo,2021-08-14T11:06:41Z
1143812,kesengelngloem,und,"","",,Palauan,sea-kangaroo,2021-08-14T11:06:49Z
1143812,ngiuodel,und,"","",,Palauan,sea-kangaroo,2021-08-14T11:06:55Z
278605,rambotang,und,"","",,Palauan,sea-kangaroo,2021-08-14T11:07:56Z
122711,mesechelangel,und,"","",,Palauan,sea-kangaroo,2021-08-14T11:08:23Z
510316,chebeludes,und,"","",,Palauan,sea-kangaroo,2021-08-14T11:08:40Z
425757,chelangel,und,"","",,Palauan,sea-kangaroo,2021-08-14T11:09:56Z
48876,kaimito,und,"","",,Palauan,sea-kangaroo,2021-08-14T11:10:22Z
1144652,udeuid,und,"","",,Palauan,sea-kangaroo,2021-08-14T11:10:45Z
83603,omokot,und,"","",,Palauan,sea-kangaroo,2021-08-14T11:11:23Z
244828,iaml,und,"","",,Palauan,sea-kangaroo,2021-08-14T11:23:08Z
223776,ulekelakel,und,"","",,Palauan,sea-kangaroo,2021-08-14T11:23:36Z
774058,ulekelakel,und,"","",,Palauan,sea-kangaroo,2021-08-14T11:23:47Z
852222,ilemelakel,und,"","",,Palauan,sea-kangaroo,2021-08-14T11:24:26Z
169410,ngauldruda,und,"","",,Palauan,sea-kangaroo,2021-08-14T11:26:26Z
1144653,dekemerat,und,"","",,Palauan,sea-kangaroo,2021-08-14T11:30:47Z
48514,meringel,und,"","",,Palauan,sea-kangaroo,2021-08-14T11:31:37Z
873768,dekool,und,"","",,Palauan,sea-kangaroo,2021-08-14T11:32:03Z
61374,bubeubedul,und,"","",,Palauan,sea-kangaroo,2021-08-14T11:32:28Z
63190,nas,und,"","",,Palauan,sea-kangaroo,2021-08-14T11:33:27Z
890428,ngmui,und,"","",,Palauan,sea-kangaroo,2021-08-14T11:36:16Z
602317,chebtui,und,"","",,Palauan,sea-kangaroo,2021-08-14T11:37:32Z
140999,seboseb,und,"","",,Palauan,sea-kangaroo,2021-08-14T11:38:11Z
140999,ubechub,und,"","",,Palauan,sea-kangaroo,2021-08-14T11:38:16Z
544088,cheskiik,und,"","",,Palauan,sea-kangaroo,2021-08-14T11:39:31Z
369396,kilkuld,und,"","",,Palauan,sea-kangaroo,2021-08-14T11:42:26Z
159288,rami,und,"","",,Palauan,sea-kangaroo,2021-08-14T11:46:53Z
504341,dechus,und,"","",,Palauan,sea-kangaroo,2021-08-14T11:47:11Z
1144649,dechus,und,"","",,Palauan,sea-kangaroo,2021-08-14T11:47:21Z
574919,ongekad,und,"","",,Palauan,sea-kangaroo,2021-08-14T11:47:42Z
360351,oleiulakerasus,und,"","",,Palauan,sea-kangaroo,2021-08-14T11:48:18Z
169322,louchelbeluu,und,"","",,Palauan,sea-kangaroo,2021-08-14T11:50:09Z
126569,louchelbeluu,und,"","",,Palauan,sea-kangaroo,2021-08-14T11:50:14Z
1064536,berdakl,und,"","",,Palauan,sea-kangaroo,2021-08-14T11:51:16Z
344730,sengall,und,"","",,Palauan,sea-kangaroo,2021-08-14T11:51:35Z
346376,sengall,und,"","",,Palauan,sea-kangaroo,2021-08-14T11:51:44Z
1144582,delebedebes,und,"","",,Palauan,sea-kangaroo,2021-08-14T11:53:41Z
1144582,sui,und,"","",,Palauan,sea-kangaroo,2021-08-14T11:53:49Z
119386,kesol,und,"","",,Palauan,sea-kangaroo,2021-08-14T11:54:15Z
122971,sionga,und,"","",,Palauan,sea-kangaroo,2021-08-14T11:55:50Z
122971,kesolrangebard,und,"","",,Palauan,sea-kangaroo,2021-08-14T11:55:59Z
170436,terriabek,und,"","",,Palauan,sea-kangaroo,2021-08-14T11:56:09Z
1275045,Okulabeluu,und,"","",https://www.inaturalist.org/taxon_names/2643433/edit,Palauan,,2021-08-23T21:34:05Z
1243255,Olumud,und,"","",https://www.inaturalist.org/taxon_names/2643435/edit,Palauan,,2021-08-23T23:17:51Z
153280,Chederobk,und,"","",http://www.catalogueoflife.org/annual-checklist/details/species/id/10069945/common/133334,Palauan,,2021-08-29T12:44:55Z
153280,Cherobk,und,"","",http://www.catalogueoflife.org/annual-checklist/details/species/id/10069945/common/133333,Palauan,,2021-08-29T12:45:06Z
153280,Eropk,und,"","",http://www.catalogueoflife.org/annual-checklist/details/species/id/10069945/common/133327,Palauan,,2021-08-29T12:45:21Z
153280,Erobk,und,"","",,Palauan,Zane Roskoph,2021-08-29T12:46:01Z
196838,Bang,und,"","",,Palauan,Zane Roskoph,2021-09-12T23:20:13Z
84181,Klbou,und,"","",http://www.catalogueoflife.org/annual-checklist/2012/details/species/id/9741333,Palauan,,2021-09-13T12:44:53Z
83879,Demrechl,und,"","",http://www.catalogueoflife.org/annual-checklist/2012/details/species/id/9741333,Palauan,,2021-09-15T23:42:03Z
83879,Sechou,und,"","",,Palauan,Zane Roskoph,2021-09-15T23:42:30Z
132366,Mesekuuk,und,"","",http://www.catalogueoflife.org/annual-checklist/2012/details/species/id/9741333,Palauan,,2021-09-17T19:19:31Z
132366,Palagi,und,"","",,Palauan,Zane Roskoph,2021-09-17T19:19:54Z
47257,Keskas,und,"","",http://www.catalogueoflife.org/annual-checklist/2012/details/species/id/9741333,Palauan,,2021-09-20T00:40:03Z
47257,Mersad,und,"","",http://www.catalogueoflife.org/annual-checklist/2012/details/species/id/9741333,Palauan,,2021-09-20T00:40:11Z
97098,Beyadel,und,"","",,Palauan,Zane Roskoph,2021-09-25T15:27:11Z
97098,Beadel,und,"","",,Palauan,Zane Roskoph,2021-09-25T15:27:29Z
153279,Uais,und,"","",,Palauan,Zane Roskoph,2021-09-30T00:31:03Z
196936,Tiaultelbudl,und,"","",http://www.catalogueoflife.org/annual-checklist/2012/details/species/id/9741333,Palauan,,2021-10-16T16:22:58Z
49498,Lung,und,"","",,Palauan,Zane Roskoph,2021-10-17T14:39:39Z
179870,Meai,und,"","",http://www.catalogueoflife.org/annual-checklist/2012/details/species/id/9741333,Palauan,,2021-10-17T23:44:19Z
58467,Meai,und,"","",http://www.catalogueoflife.org/annual-checklist/2012/details/species/id/9741333,Palauan,,2021-10-17T23:44:20Z
418233,Meai,und,"","",http://www.catalogueoflife.org/annual-checklist/2012/details/species/id/9741333,Palauan,,2021-10-17T23:44:20Z
136601,Meai,und,"","",http://www.catalogueoflife.org/annual-checklist/2012/details/species/id/9741333,Palauan,,2021-10-17T23:44:20Z
47251,Meai,und,"","",http://www.catalogueoflife.org/annual-checklist/2012/details/species/id/9741333,Palauan,,2021-10-17T23:44:21Z
47251,Ai,und,"","",,Palauan,Zane Roskoph,2021-10-17T23:45:10Z
47251,Aii,und,"","",,Palauan,Zane Roskoph,2021-10-17T23:45:50Z
47251,Chai,und,"","",http://www.catalogueoflife.org/annual-checklist/2012/details/species/id/9741333,Palauan,,2021-10-17T23:46:09Z
47251,Mersaod,und,"","",http://www.catalogueoflife.org/annual-checklist/2012/details/species/id/9741333,Palauan,,2021-10-17T23:46:22Z
47251,Mordubch,und,"","",http://www.catalogueoflife.org/annual-checklist/2012/details/species/id/9741333,Palauan,,2021-10-17T23:46:30Z
1293231,Kui,und,"","",https://www.inaturalist.org/taxon_names/2643032/edit,Palauan,Donald Davesne,2021-10-26T03:12:52Z
49269,Drutm,und,"","",http://www.catalogueoflife.org/annual-checklist/2012/details/species/id/9741333,Palauan,Małgorzata Śliż,2021-11-07T23:46:04Z
52313,Drutm,und,"","",http://www.catalogueoflife.org/annual-checklist/2012/details/species/id/9741333,Palauan,Victor HOYEAU,2021-11-07T23:46:05Z
122514,Oiachd,und,"","",http://www.catalogueoflife.org/annual-checklist/2012/details/species/id/9741333,Palauan,Donald Davesne,2021-12-06T00:58:01Z
122514,Turanglbang,und,"","",http://www.catalogueoflife.org/annual-checklist/2012/details/species/id/9741333,Palauan,Donald Davesne,2021-12-06T00:58:15Z
173412,Kingyo,und,"","",,Palauan,Zane Roskoph,2021-12-24T00:27:16Z
121661,Karamasus,und,"","",http://www.catalogueoflife.org/annual-checklist/2012/details/species/id/9741333,Palauan,,2021-12-28T15:45:04Z
867069,berdakl,und,"","",https://www.inaturalist.org/taxon_names/2643662/edit,Palauan,,2022-01-18T01:51:43Z
184336,Kui,und,"","",https://www.inaturalist.org/taxon_names/2643350/edit,Palauan,,2022-01-19T03:16:21Z
184336,Kelelacharm,und,"","",https://www.inaturalist.org/taxon_names/2643349/edit,Palauan,,2022-01-19T03:16:23Z
82400,Olcheiulabeab,und,"","",https://www.inaturalist.org/taxon_names/2643073/edit,Palauan,Yoshimasa Uchiyama,2022-02-16T06:37:04Z
1361284,denges,und,"","",https://www.inaturalist.org/taxon_names/2643546/edit,Palauan,Thomas Mesaglio,2022-02-23T08:01:11Z
1361284,kodenges,und,"","",https://www.inaturalist.org/taxon_names/2643545/edit,Palauan,Thomas Mesaglio,2022-02-23T08:01:14Z
1289626,Sngorech,und,"","",https://www.inaturalist.org/taxon_names/2018656/edit,Palauan,Victor HOYEAU,2022-03-16T18:58:58Z
52399,Luleu,und,"","",http://www.catalogueoflife.org/annual-checklist/2012/details/species/id/9741333,Palauan,,2022-04-03T23:46:07Z
1413397,kilkuld,und,"","",https://www.inaturalist.org/taxon_names/2643633/edit,Palauan,,2022-09-04T20:01:52Z
1413398,kilkuld,und,"","",https://www.inaturalist.org/taxon_names/2643641/edit,Palauan,,2022-09-04T20:03:21Z
1416645,Udeuidarbekai,und,"","",https://www.inaturalist.org/taxon_names/2643017/edit,Palauan,,2022-09-23T23:28:34Z
1424399,Chesuch,und,"","",https://www.inaturalist.org/taxon_names/2018708/edit,Palauan,Sean Cozart,2022-11-01T16:25:34Z
1505928,Doldol,und,"","",https://www.inaturalist.org/taxon_names/2018716/edit,Palauan,Sam Gordon,2023-10-30T16:32:35Z
1505928,Omekrengukl,und,"","",https://www.inaturalist.org/taxon_names/2018717/edit,Palauan,Sam Gordon,2023-10-30T16:32:35Z
185643,Aralm,und,"","",https://www.inaturalist.org/taxon_names/2210233/edit,Palauan,,2023-12-03T05:22:47Z
995125,Daikong,und,"","",https://www.inaturalist.org/taxon_names/2643227/edit,Palauan,Dmitriy Bochkov,2024-03-27T02:49:10Z
940625,sechalkelelamalk,und,"","",https://www.inaturalist.org/taxon_names/2643560/edit,Palauan,,2024-04-23T17:34:57Z
