id,vernacularName,language,locality,countryCode,source,lexicon,contributor,created
136173,Tushku,und,"","",,Tzeltal,Carlos Galindo-Leal,2013-12-03T20:54:34Z
277226,Pal pal,und,"","",,Tzeltal,Carlos Galindo-Leal,2014-12-17T23:04:00Z
277633,sakil poshil majben,und,"","",,Tzeltal,Bodo Nuñez Oberg,2018-10-23T02:51:27Z
78247,Tzajal nich wamal,und,"","",,Tzeltal,Elizabeth Torres Bahena,2021-08-31T15:24:44Z
78247,tlailochtia,und,"México, MX","",,Tzeltal,Elizabeth Torres Bahena,2021-08-31T15:25:28Z
155315,cheshesh,und,"","",,Tzeltal,Bodo Nuñez Oberg,2021-11-22T18:39:35Z
