id,vernacularName,language,locality,countryCode,source,lexicon,contributor,created
53884,ToopO,und,"","",,Mono,anneliese merrigan,2020-07-20T03:56:48Z
118243,Seexayu',und,"","",,Mono,anneliese merrigan,2020-07-20T04:06:22Z
311292,Sorog,und,"","",,Mono,anneliese merrigan,2020-07-20T04:10:33Z
61395,Pagu',und,"","",,Mono,anneliese merrigan,2020-07-20T04:11:54Z
1062676,Cuyu',und,"","",,Mono,anneliese merrigan,2020-07-27T16:16:35Z
102742,Riki,und,"","",,Mono,Zane Roskoph,2021-07-16T16:08:11Z
1348155,Naqa',und,"","",https://www.inaturalist.org/taxon_names/2174845/edit,Mono,,2022-01-06T06:39:21Z
