id,vernacularName,language,locality,countryCode,source,lexicon,contributor,created
160697,Алмышәӡахәа,und,"","",,Abkhazian,John E. Christensen,2017-12-21T13:09:48Z
56091,Амжәа,und,"","",,Abkhazian,John E. Christensen,2018-02-18T13:58:59Z
55563,Адәыкакаҷ,und,"","",,Abkhazian,John E. Christensen,2018-05-10T16:55:38Z
102975,Абарзал,und,"","",,Abkhazian,Zane Roskoph,2021-08-14T18:40:48Z
41964,Алым,und,"","",,Abkhazian,Zane Roskoph,2021-08-24T12:54:35Z
558429,Аҷҷа,und,"","",,Abkhazian,Марина Горбунова-Ëлкина,2022-12-30T03:44:53Z
