id,vernacularName,language,locality,countryCode,source,lexicon,contributor,created
55203,Kodo,und,"","",http://www.catalogueoflife.org/annual-checklist/details/species/id/10055879/common/69089,Shilluk,lwnrngr,2021-07-15T14:11:55Z
55199,Kodo,und,"","",http://www.catalogueoflife.org/annual-checklist/details/species/id/10055881/common/69053,Shilluk,lwnrngr,2021-07-15T14:11:55Z
102742,Olak,und,"","",http://www.catalogueoflife.org/annual-checklist/details/species/id/10066252/common/233207,Shilluk,,2021-07-15T14:18:20Z
371437,Luth,und,"","",,Shilluk,Zane Roskoph,2021-07-19T15:20:46Z
102692,Coro,und,"","",,Shilluk,Zane Roskoph,2021-07-19T16:51:17Z
205917,Otwel,und,"","",http://www.catalogueoflife.org/annual-checklist/2012/details/species/id/9741333,Shilluk,,2021-09-11T19:35:40Z
493799,Otwel,und,"","",,Shilluk,Zane Roskoph,2021-09-11T19:36:05Z
113934,Apudo,und,"","",http://www.catalogueoflife.org/annual-checklist/2012/details/species/id/9741333,Shilluk,,2021-12-23T20:11:56Z
613045,Acany,und,"","",http://www.catalogueoflife.org/annual-checklist/2012/details/species/id/9741333,Shilluk,,2024-02-29T01:00:06Z
103801,Acany,und,"","",http://www.catalogueoflife.org/annual-checklist/2012/details/species/id/9741333,Shilluk,,2024-02-29T01:00:06Z
