id,vernacularName,language,locality,countryCode,source,lexicon,contributor,created
431063,Shiuna,und,"","",,Luhya,Botswanabugs,2021-11-29T06:27:31Z
1048773,Lusolokho,und,"","",,Luhya,Tammo Reichgelt,2022-07-20T14:31:31Z
1048773,Ikoyi,und,"","",,Luhya,Tammo Reichgelt,2022-07-20T14:31:51Z
514394,Lubushi,und,"","",,Luhya,Tammo Reichgelt,2022-07-20T14:48:43Z
582302,Lunyili,und,"","",,Luhya,Tammo Reichgelt,2022-07-20T15:31:42Z
147437,Liwongo,und,"","",,Luhya,Tammo Reichgelt,2022-07-20T15:44:51Z
342724,Shikumbumbu,und,"","",,Luhya,Tammo Reichgelt,2022-07-20T19:51:48Z
584493,Mugangagu,und,"","",,Luhya,Tammo Reichgelt,2022-07-21T20:07:04Z
428367,Kumuyekwe,und,"","",,Luhya,Tammo Reichgelt,2022-07-21T20:12:11Z
428367,Mugonju,und,"","",,Luhya,Tammo Reichgelt,2022-07-21T20:12:21Z
507322,Kumulelalele,und,"","",,Luhya,Tammo Reichgelt,2022-07-21T20:17:30Z
1046695,Luburiko,und,"","",,Luhya,Tammo Reichgelt,2022-10-24T12:09:49Z
1046695,Lusarari,und,"","",,Luhya,Tammo Reichgelt,2022-10-24T12:10:06Z
41963,Ingwe,und,"","",,Luhya,Botswanabugs,2023-11-20T06:43:19Z
8038,Shamakhokho,und,"Vihiga, KE","",,Luhya,Mike Plagens,2024-01-08T16:20:47Z
1428,Likhanga,und,"","",,Luhya,Botswanabugs,2024-01-31T10:10:28Z
