id,vernacularName,language,locality,countryCode,source,lexicon,contributor,created
485445,omusii,und,"","",,Oshiwambo,Botswanabugs,2020-01-11T07:50:23Z
431074,Omuhonga,und,"","",,Oshiwambo,Botswanabugs,2020-01-11T08:00:24Z
340324,Omumbu,und,"","",,Oshiwambo,Botswanabugs,2020-01-11T08:11:15Z
579375,Omumbala,und,"","",,Oshiwambo,Botswanabugs,2020-01-11T08:16:10Z
340228,Omukekete,und,"","",,Oshiwambo,Botswanabugs,2020-01-11T08:31:34Z
83832,Omheke,und,"","",,Oshiwambo,Botswanabugs,2020-01-11T08:48:28Z
431063,Omulayi,und,"","",,Oshiwambo,Botswanabugs,2020-01-11T08:57:26Z
430533,Omuhama,und,"","",,Oshiwambo,Botswanabugs,2020-01-11T14:20:06Z
138688,Omupalala,und,"","",,Oshiwambo,Botswanabugs,2020-01-11T14:55:41Z
546911,Oshilalanamwadi,und,"","",,Oshiwambo,Botswanabugs,2020-01-11T15:49:36Z
527004,Osapati,und,"","",,Oshiwambo,Botswanabugs,2020-01-11T16:04:17Z
340166,Ombyu,und,"","",,Oshiwambo,Botswanabugs,2020-01-11T16:14:24Z
340245,ongongo,und,"","",,Oshiwambo,Botswanabugs,2020-01-13T07:05:31Z
47158,Uupuka,und,"","",,Oshiwambo,Botswanabugs,2021-03-30T04:22:20Z
144281,Epumputu,und,"","",,Oshiwambo,Jacob Henry,2021-04-01T21:38:42Z
340245,omwoongo,und,"","",,Oshiwambo,Botswanabugs,2021-04-23T10:21:35Z
340245,omuongo,und,"","",,Oshiwambo,Botswanabugs,2021-04-23T10:22:55Z
581977,omubutu,und,"","",,Oshiwambo,Botswanabugs,2021-04-23T10:27:41Z
581977,yanamukuto,und,"","",,Oshiwambo,Botswanabugs,2021-04-23T10:28:46Z
78589,okambodi,und,"","",,Oshiwambo,Botswanabugs,2021-04-23T10:31:22Z
595138,okukato lekadi,und,"","",,Oshiwambo,Botswanabugs,2021-04-23T10:33:08Z
595138,olukato lendume,und,"","",,Oshiwambo,Botswanabugs,2021-04-23T10:34:53Z
513962,ekoka,und,"","",,Oshiwambo,Botswanabugs,2021-04-23T10:36:30Z
586616,etamupya,und,"","",,Oshiwambo,Botswanabugs,2021-04-23T10:39:32Z
202342,Mahangu,und,"","",https://www.inaturalist.org/taxon_names/2498825/edit,Oshiwambo,,2021-06-04T18:27:54Z
737438,omumbu,und,"","",,Oshiwambo,Botswanabugs,2021-06-12T14:28:59Z
579914,omutyaalale,und,"","",,Oshiwambo,Botswanabugs,2021-06-12T14:30:11Z
70065,omunkunzi,und,"","",,Oshiwambo,Botswanabugs,2021-06-12T14:38:39Z
583617,omufimba,und,"","",,Oshiwambo,Botswanabugs,2021-06-12T14:39:59Z
340214,omwandi,und,"","",,Oshiwambo,Botswanabugs,2021-06-12T14:41:28Z
469308,oshimumu,und,"","",,Oshiwambo,Botswanabugs,2021-06-12T14:43:11Z
340164,omukwiyu,und,"","",,Oshiwambo,Botswanabugs,2021-06-12T14:44:52Z
336861,Omukopakopa,und,"","",,Oshiwambo,Botswanabugs,2021-06-12T14:46:37Z
431075,omushe,und,"","",,Oshiwambo,Botswanabugs,2021-06-12T14:47:25Z
586644,omushe,und,"","",,Oshiwambo,Botswanabugs,2021-06-12T14:48:48Z
485445,omushii,und,"","",,Oshiwambo,Botswanabugs,2021-06-12T14:50:06Z
342681,omulunga,und,"","",,Oshiwambo,Botswanabugs,2021-06-12T14:51:15Z
569017,Omukokofi,und,"","",,Oshiwambo,Botswanabugs,2021-06-12T14:53:36Z
593607,Okandongondongo,und,"","",,Oshiwambo,Botswanabugs,2021-06-12T14:55:15Z
340199,Omunkete,und,"","",,Oshiwambo,Botswanabugs,2021-06-12T14:56:13Z
340245,Omugongo,und,"","",,Oshiwambo,Botswanabugs,2021-06-12T14:57:10Z
546326,Omupombo,und,"","",,Oshiwambo,Botswanabugs,2021-06-12T14:58:57Z
340253,Omuhongo,und,"","",,Oshiwambo,Botswanabugs,2021-06-12T15:00:17Z
595012,Omupwaka,und,"","",,Oshiwambo,Botswanabugs,2021-06-12T15:01:54Z
169414,Omuuni,und,"","",,Oshiwambo,Botswanabugs,2021-06-12T15:02:40Z
83832,Oshikukulu,und,"","",,Oshiwambo,Botswanabugs,2021-06-12T15:04:13Z
340166,Oshimbyupeke,und,"","",,Oshiwambo,Botswanabugs,2021-06-12T15:05:44Z
427214,omumbaganyana,und,"","",,Oshiwambo,Botswanabugs,2021-07-25T10:55:43Z
595941,omuliamenje,und,"","",South African National Biodiversity Institute. 2021. Botanical Database of Southern Africa (BODATSA) [offline dataset]. http://newposa.sanbi.org [Note that these data are not available at this URL as of 2021],Oshiwambo,Ken-ichi Ueda,2021-10-21T20:21:17Z
595941,omulyamenye,und,"","",South African National Biodiversity Institute. 2021. Botanical Database of Southern Africa (BODATSA) [offline dataset]. http://newposa.sanbi.org [Note that these data are not available at this URL as of 2021],Oshiwambo,Ken-ichi Ueda,2021-10-21T20:21:17Z
567417,enghono,und,"","",South African National Biodiversity Institute. 2021. Botanical Database of Southern Africa (BODATSA) [offline dataset]. http://newposa.sanbi.org [Note that these data are not available at this URL as of 2021],Oshiwambo,Ken-ichi Ueda,2021-10-21T20:21:18Z
567417,omudhilankono,und,"","",South African National Biodiversity Institute. 2021. Botanical Database of Southern Africa (BODATSA) [offline dataset]. http://newposa.sanbi.org [Note that these data are not available at this URL as of 2021],Oshiwambo,Ken-ichi Ueda,2021-10-21T20:21:18Z
567417,omunghono,und,"","",South African National Biodiversity Institute. 2021. Botanical Database of Southern Africa (BODATSA) [offline dataset]. http://newposa.sanbi.org [Note that these data are not available at this URL as of 2021],Oshiwambo,Ken-ichi Ueda,2021-10-21T20:21:18Z
595946,omuonde,und,"","",South African National Biodiversity Institute. 2021. Botanical Database of Southern Africa (BODATSA) [offline dataset]. http://newposa.sanbi.org [Note that these data are not available at this URL as of 2021],Oshiwambo,Ken-ichi Ueda,2021-10-21T20:21:19Z
595946,omuthiya,und,"","",South African National Biodiversity Institute. 2021. Botanical Database of Southern Africa (BODATSA) [offline dataset]. http://newposa.sanbi.org [Note that these data are not available at this URL as of 2021],Oshiwambo,Ken-ichi Ueda,2021-10-21T20:21:19Z
861928,omumangandjaba,und,"","",South African National Biodiversity Institute. 2021. Botanical Database of Southern Africa (BODATSA) [offline dataset]. http://newposa.sanbi.org [Note that these data are not available at this URL as of 2021],Oshiwambo,Ken-ichi Ueda,2021-10-21T20:21:19Z
861928,omumangandjamba,und,"","",South African National Biodiversity Institute. 2021. Botanical Database of Southern Africa (BODATSA) [offline dataset]. http://newposa.sanbi.org [Note that these data are not available at this URL as of 2021],Oshiwambo,Ken-ichi Ueda,2021-10-21T20:21:19Z
601533,omutėkano,und,"","",South African National Biodiversity Institute. 2021. Botanical Database of Southern Africa (BODATSA) [offline dataset]. http://newposa.sanbi.org [Note that these data are not available at this URL as of 2021],Oshiwambo,Ken-ichi Ueda,2021-10-21T20:21:20Z
601534,munyinda,und,"","",South African National Biodiversity Institute. 2021. Botanical Database of Southern Africa (BODATSA) [offline dataset]. http://newposa.sanbi.org [Note that these data are not available at this URL as of 2021],Oshiwambo,Ken-ichi Ueda,2021-10-21T20:21:20Z
601534,omutoka,und,"","",South African National Biodiversity Institute. 2021. Botanical Database of Southern Africa (BODATSA) [offline dataset]. http://newposa.sanbi.org [Note that these data are not available at this URL as of 2021],Oshiwambo,Ken-ichi Ueda,2021-10-21T20:21:20Z
601535,ehaluveya,und,"","",South African National Biodiversity Institute. 2021. Botanical Database of Southern Africa (BODATSA) [offline dataset]. http://newposa.sanbi.org [Note that these data are not available at this URL as of 2021],Oshiwambo,Ken-ichi Ueda,2021-10-21T20:21:21Z
601535,omutyuula,und,"","",South African National Biodiversity Institute. 2021. Botanical Database of Southern Africa (BODATSA) [offline dataset]. http://newposa.sanbi.org [Note that these data are not available at this URL as of 2021],Oshiwambo,Ken-ichi Ueda,2021-10-21T20:21:21Z
601154,okadhilankono,und,"","",South African National Biodiversity Institute. 2021. Botanical Database of Southern Africa (BODATSA) [offline dataset]. http://newposa.sanbi.org [Note that these data are not available at this URL as of 2021],Oshiwambo,Ken-ichi Ueda,2021-10-21T20:21:22Z
601154,okano,und,"","",South African National Biodiversity Institute. 2021. Botanical Database of Southern Africa (BODATSA) [offline dataset]. http://newposa.sanbi.org [Note that these data are not available at this URL as of 2021],Oshiwambo,Ken-ichi Ueda,2021-10-21T20:21:22Z
527006,ehaluweya,und,"","",South African National Biodiversity Institute. 2021. Botanical Database of Southern Africa (BODATSA) [offline dataset]. http://newposa.sanbi.org [Note that these data are not available at this URL as of 2021],Oshiwambo,Ken-ichi Ueda,2021-10-21T20:21:22Z
527006,muhaloweya,und,"","",South African National Biodiversity Institute. 2021. Botanical Database of Southern Africa (BODATSA) [offline dataset]. http://newposa.sanbi.org [Note that these data are not available at this URL as of 2021],Oshiwambo,Ken-ichi Ueda,2021-10-21T20:21:22Z
527006,muhorohera,und,"","",South African National Biodiversity Institute. 2021. Botanical Database of Southern Africa (BODATSA) [offline dataset]. http://newposa.sanbi.org [Note that these data are not available at this URL as of 2021],Oshiwambo,Ken-ichi Ueda,2021-10-21T20:21:23Z
527006,omhalohela,und,"","",South African National Biodiversity Institute. 2021. Botanical Database of Southern Africa (BODATSA) [offline dataset]. http://newposa.sanbi.org [Note that these data are not available at this URL as of 2021],Oshiwambo,Ken-ichi Ueda,2021-10-21T20:21:23Z
601538,omutsiyamatsi,und,"","",South African National Biodiversity Institute. 2021. Botanical Database of Southern Africa (BODATSA) [offline dataset]. http://newposa.sanbi.org [Note that these data are not available at this URL as of 2021],Oshiwambo,Ken-ichi Ueda,2021-10-21T20:21:23Z
568252,muhengeva,und,"","",South African National Biodiversity Institute. 2021. Botanical Database of Southern Africa (BODATSA) [offline dataset]. http://newposa.sanbi.org [Note that these data are not available at this URL as of 2021],Oshiwambo,Ken-ichi Ueda,2021-10-21T20:21:24Z
568252,omeyele,und,"","",South African National Biodiversity Institute. 2021. Botanical Database of Southern Africa (BODATSA) [offline dataset]. http://newposa.sanbi.org [Note that these data are not available at this URL as of 2021],Oshiwambo,Ken-ichi Ueda,2021-10-21T20:21:24Z
568252,omuyele,und,"","",South African National Biodiversity Institute. 2021. Botanical Database of Southern Africa (BODATSA) [offline dataset]. http://newposa.sanbi.org [Note that these data are not available at this URL as of 2021],Oshiwambo,Ken-ichi Ueda,2021-10-21T20:21:24Z
567419,kamutaka,und,"","",South African National Biodiversity Institute. 2021. Botanical Database of Southern Africa (BODATSA) [offline dataset]. http://newposa.sanbi.org [Note that these data are not available at this URL as of 2021],Oshiwambo,Ken-ichi Ueda,2021-10-21T20:21:25Z
567419,omushu,und,"","",South African National Biodiversity Institute. 2021. Botanical Database of Southern Africa (BODATSA) [offline dataset]. http://newposa.sanbi.org [Note that these data are not available at this URL as of 2021],Oshiwambo,Ken-ichi Ueda,2021-10-21T20:21:25Z
567419,omutshu,und,"","",South African National Biodiversity Institute. 2021. Botanical Database of Southern Africa (BODATSA) [offline dataset]. http://newposa.sanbi.org [Note that these data are not available at this URL as of 2021],Oshiwambo,Ken-ichi Ueda,2021-10-21T20:21:25Z
81500,omudhu,und,"","",South African National Biodiversity Institute. 2021. Botanical Database of Southern Africa (BODATSA) [offline dataset]. http://newposa.sanbi.org [Note that these data are not available at this URL as of 2021],Oshiwambo,Ken-ichi Ueda,2021-10-21T20:21:26Z
338691,eshuwo,und,"","",South African National Biodiversity Institute. 2021. Botanical Database of Southern Africa (BODATSA) [offline dataset]. http://newposa.sanbi.org [Note that these data are not available at this URL as of 2021],Oshiwambo,Ken-ichi Ueda,2021-10-21T20:21:26Z
338691,oudhiyo,und,"","",South African National Biodiversity Institute. 2021. Botanical Database of Southern Africa (BODATSA) [offline dataset]. http://newposa.sanbi.org [Note that these data are not available at this URL as of 2021],Oshiwambo,Ken-ichi Ueda,2021-10-21T20:21:26Z
338691,oudiyo,und,"","",South African National Biodiversity Institute. 2021. Botanical Database of Southern Africa (BODATSA) [offline dataset]. http://newposa.sanbi.org [Note that these data are not available at this URL as of 2021],Oshiwambo,Ken-ichi Ueda,2021-10-21T20:21:27Z
338691,oudyo,und,"","",South African National Biodiversity Institute. 2021. Botanical Database of Southern Africa (BODATSA) [offline dataset]. http://newposa.sanbi.org [Note that these data are not available at this URL as of 2021],Oshiwambo,Ken-ichi Ueda,2021-10-21T20:21:27Z
338691,ouviyo,und,"","",South African National Biodiversity Institute. 2021. Botanical Database of Southern Africa (BODATSA) [offline dataset]. http://newposa.sanbi.org [Note that these data are not available at this URL as of 2021],Oshiwambo,Ken-ichi Ueda,2021-10-21T20:21:27Z
340175,omuhanguti,und,"","",South African National Biodiversity Institute. 2021. Botanical Database of Southern Africa (BODATSA) [offline dataset]. http://newposa.sanbi.org [Note that these data are not available at this URL as of 2021],Oshiwambo,Ken-ichi Ueda,2021-10-21T20:21:27Z
579375,ondongo,und,"","",South African National Biodiversity Institute. 2021. Botanical Database of Southern Africa (BODATSA) [offline dataset]. http://newposa.sanbi.org [Note that these data are not available at this URL as of 2021],Oshiwambo,Ken-ichi Ueda,2021-10-21T20:21:28Z
340136,ofufe,und,"","",South African National Biodiversity Institute. 2021. Botanical Database of Southern Africa (BODATSA) [offline dataset]. http://newposa.sanbi.org [Note that these data are not available at this URL as of 2021],Oshiwambo,Ken-ichi Ueda,2021-10-21T20:21:28Z
189622,omukalati,und,"","",South African National Biodiversity Institute. 2021. Botanical Database of Southern Africa (BODATSA) [offline dataset]. http://newposa.sanbi.org [Note that these data are not available at this URL as of 2021],Oshiwambo,Ken-ichi Ueda,2021-10-21T20:21:29Z
67321,omutsanguta,und,"","",South African National Biodiversity Institute. 2021. Botanical Database of Southern Africa (BODATSA) [offline dataset]. http://newposa.sanbi.org [Note that these data are not available at this URL as of 2021],Oshiwambo,Ken-ichi Ueda,2021-10-21T20:21:30Z
67321,omutwanghuta,und,"","",South African National Biodiversity Institute. 2021. Botanical Database of Southern Africa (BODATSA) [offline dataset]. http://newposa.sanbi.org [Note that these data are not available at this URL as of 2021],Oshiwambo,Ken-ichi Ueda,2021-10-21T20:21:31Z
70065,omunghudi,und,"","",South African National Biodiversity Institute. 2021. Botanical Database of Southern Africa (BODATSA) [offline dataset]. http://newposa.sanbi.org [Note that these data are not available at this URL as of 2021],Oshiwambo,Ken-ichi Ueda,2021-10-21T20:21:32Z
598012,omunawele,und,"","",South African National Biodiversity Institute. 2021. Botanical Database of Southern Africa (BODATSA) [offline dataset]. http://newposa.sanbi.org [Note that these data are not available at this URL as of 2021],Oshiwambo,Ken-ichi Ueda,2021-10-21T20:21:33Z
147002,ofothi,und,"","",South African National Biodiversity Institute. 2021. Botanical Database of Southern Africa (BODATSA) [offline dataset]. http://newposa.sanbi.org [Note that these data are not available at this URL as of 2021],Oshiwambo,Ken-ichi Ueda,2021-10-21T20:21:33Z
70059,okalyadi,und,"","",South African National Biodiversity Institute. 2021. Botanical Database of Southern Africa (BODATSA) [offline dataset]. http://newposa.sanbi.org [Note that these data are not available at this URL as of 2021],Oshiwambo,Ken-ichi Ueda,2021-10-21T20:21:34Z
70059,okalyanzi,und,"","",South African National Biodiversity Institute. 2021. Botanical Database of Southern Africa (BODATSA) [offline dataset]. http://newposa.sanbi.org [Note that these data are not available at this URL as of 2021],Oshiwambo,Ken-ichi Ueda,2021-10-21T20:21:34Z
428749,omufyati,und,"","",South African National Biodiversity Institute. 2021. Botanical Database of Southern Africa (BODATSA) [offline dataset]. http://newposa.sanbi.org [Note that these data are not available at this URL as of 2021],Oshiwambo,Ken-ichi Ueda,2021-10-21T20:21:34Z
428749,omusati,und,"","",South African National Biodiversity Institute. 2021. Botanical Database of Southern Africa (BODATSA) [offline dataset]. http://newposa.sanbi.org [Note that these data are not available at this URL as of 2021],Oshiwambo,Ken-ichi Ueda,2021-10-21T20:21:35Z
582587,omulama,und,"","",South African National Biodiversity Institute. 2021. Botanical Database of Southern Africa (BODATSA) [offline dataset]. http://newposa.sanbi.org [Note that these data are not available at this URL as of 2021],Oshiwambo,Ken-ichi Ueda,2021-10-21T20:21:35Z
340060,katikuku,und,"","",South African National Biodiversity Institute. 2021. Botanical Database of Southern Africa (BODATSA) [offline dataset]. http://newposa.sanbi.org [Note that these data are not available at this URL as of 2021],Oshiwambo,Ken-ichi Ueda,2021-10-21T20:21:35Z
340060,omunaluko,und,"","",South African National Biodiversity Institute. 2021. Botanical Database of Southern Africa (BODATSA) [offline dataset]. http://newposa.sanbi.org [Note that these data are not available at this URL as of 2021],Oshiwambo,Ken-ichi Ueda,2021-10-21T20:21:36Z
340060,omunaruko,und,"","",South African National Biodiversity Institute. 2021. Botanical Database of Southern Africa (BODATSA) [offline dataset]. http://newposa.sanbi.org [Note that these data are not available at this URL as of 2021],Oshiwambo,Ken-ichi Ueda,2021-10-21T20:21:36Z
426118,omupupwaheke,und,"","",South African National Biodiversity Institute. 2021. Botanical Database of Southern Africa (BODATSA) [offline dataset]. http://newposa.sanbi.org [Note that these data are not available at this URL as of 2021],Oshiwambo,Ken-ichi Ueda,2021-10-21T20:21:36Z
582590,omulondaxuxua,und,"","",South African National Biodiversity Institute. 2021. Botanical Database of Southern Africa (BODATSA) [offline dataset]. http://newposa.sanbi.org [Note that these data are not available at this URL as of 2021],Oshiwambo,Ken-ichi Ueda,2021-10-21T20:21:37Z
340062,omukadhikuku,und,"","",South African National Biodiversity Institute. 2021. Botanical Database of Southern Africa (BODATSA) [offline dataset]. http://newposa.sanbi.org [Note that these data are not available at this URL as of 2021],Oshiwambo,Ken-ichi Ueda,2021-10-21T20:21:37Z
340408,omukadikuku,und,"","",South African National Biodiversity Institute. 2021. Botanical Database of Southern Africa (BODATSA) [offline dataset]. http://newposa.sanbi.org [Note that these data are not available at this URL as of 2021],Oshiwambo,Ken-ichi Ueda,2021-10-21T20:21:37Z
340408,omukuku,und,"","",South African National Biodiversity Institute. 2021. Botanical Database of Southern Africa (BODATSA) [offline dataset]. http://newposa.sanbi.org [Note that these data are not available at this URL as of 2021],Oshiwambo,Ken-ichi Ueda,2021-10-21T20:21:38Z
340408,omumbolombonga,und,"","",South African National Biodiversity Institute. 2021. Botanical Database of Southern Africa (BODATSA) [offline dataset]. http://newposa.sanbi.org [Note that these data are not available at this URL as of 2021],Oshiwambo,Ken-ichi Ueda,2021-10-21T20:21:38Z
553599,omushendye,und,"","",South African National Biodiversity Institute. 2021. Botanical Database of Southern Africa (BODATSA) [offline dataset]. http://newposa.sanbi.org [Note that these data are not available at this URL as of 2021],Oshiwambo,Ken-ichi Ueda,2021-10-21T20:21:39Z
582613,ehohė,und,"","",South African National Biodiversity Institute. 2021. Botanical Database of Southern Africa (BODATSA) [offline dataset]. http://newposa.sanbi.org [Note that these data are not available at this URL as of 2021],Oshiwambo,Ken-ichi Ueda,2021-10-21T20:21:39Z
582614,oshiwėwė,und,"","",South African National Biodiversity Institute. 2021. Botanical Database of Southern Africa (BODATSA) [offline dataset]. http://newposa.sanbi.org [Note that these data are not available at this URL as of 2021],Oshiwambo,Ken-ichi Ueda,2021-10-21T20:21:40Z
582622,omukanga,und,"","",South African National Biodiversity Institute. 2021. Botanical Database of Southern Africa (BODATSA) [offline dataset]. http://newposa.sanbi.org [Note that these data are not available at this URL as of 2021],Oshiwambo,Ken-ichi Ueda,2021-10-21T20:21:40Z
582639,oshiziwowo,und,"","",South African National Biodiversity Institute. 2021. Botanical Database of Southern Africa (BODATSA) [offline dataset]. http://newposa.sanbi.org [Note that these data are not available at this URL as of 2021],Oshiwambo,Ken-ichi Ueda,2021-10-21T20:21:40Z
342742,kaliko,und,"","",South African National Biodiversity Institute. 2021. Botanical Database of Southern Africa (BODATSA) [offline dataset]. http://newposa.sanbi.org [Note that these data are not available at this URL as of 2021],Oshiwambo,Ken-ichi Ueda,2021-10-21T20:21:41Z
342742,omuku yumbwa,und,"","",South African National Biodiversity Institute. 2021. Botanical Database of Southern Africa (BODATSA) [offline dataset]. http://newposa.sanbi.org [Note that these data are not available at this URL as of 2021],Oshiwambo,Ken-ichi Ueda,2021-10-21T20:21:41Z
598569,omwaango,und,"","",South African National Biodiversity Institute. 2021. Botanical Database of Southern Africa (BODATSA) [offline dataset]. http://newposa.sanbi.org [Note that these data are not available at this URL as of 2021],Oshiwambo,Ken-ichi Ueda,2021-10-21T20:21:41Z
583617,mufimba,und,"","",South African National Biodiversity Institute. 2021. Botanical Database of Southern Africa (BODATSA) [offline dataset]. http://newposa.sanbi.org [Note that these data are not available at this URL as of 2021],Oshiwambo,Ken-ichi Ueda,2021-10-21T20:21:42Z
583617,omuthimba,und,"","",South African National Biodiversity Institute. 2021. Botanical Database of Southern Africa (BODATSA) [offline dataset]. http://newposa.sanbi.org [Note that these data are not available at this URL as of 2021],Oshiwambo,Ken-ichi Ueda,2021-10-21T20:21:42Z
349756,omwege,und,"","",South African National Biodiversity Institute. 2021. Botanical Database of Southern Africa (BODATSA) [offline dataset]. http://newposa.sanbi.org [Note that these data are not available at this URL as of 2021],Oshiwambo,Ken-ichi Ueda,2021-10-21T20:21:42Z
349756,onyege,und,"","",South African National Biodiversity Institute. 2021. Botanical Database of Southern Africa (BODATSA) [offline dataset]. http://newposa.sanbi.org [Note that these data are not available at this URL as of 2021],Oshiwambo,Ken-ichi Ueda,2021-10-21T20:21:43Z
598741,oshilugulu,und,"","",South African National Biodiversity Institute. 2021. Botanical Database of Southern Africa (BODATSA) [offline dataset]. http://newposa.sanbi.org [Note that these data are not available at this URL as of 2021],Oshiwambo,Ken-ichi Ueda,2021-10-21T20:21:43Z
340214,omyandi,und,"","",South African National Biodiversity Institute. 2021. Botanical Database of Southern Africa (BODATSA) [offline dataset]. http://newposa.sanbi.org [Note that these data are not available at this URL as of 2021],Oshiwambo,Ken-ichi Ueda,2021-10-21T20:21:44Z
598816,omushadi,und,"","",South African National Biodiversity Institute. 2021. Botanical Database of Southern Africa (BODATSA) [offline dataset]. http://newposa.sanbi.org [Note that these data are not available at this URL as of 2021],Oshiwambo,Ken-ichi Ueda,2021-10-21T20:21:44Z
598816,oshadi,und,"","",South African National Biodiversity Institute. 2021. Botanical Database of Southern Africa (BODATSA) [offline dataset]. http://newposa.sanbi.org [Note that these data are not available at this URL as of 2021],Oshiwambo,Ken-ichi Ueda,2021-10-21T20:21:44Z
584388,omudengambwa,und,"","",South African National Biodiversity Institute. 2021. Botanical Database of Southern Africa (BODATSA) [offline dataset]. http://newposa.sanbi.org [Note that these data are not available at this URL as of 2021],Oshiwambo,Ken-ichi Ueda,2021-10-21T20:21:44Z
584388,omukwezi,und,"","",South African National Biodiversity Institute. 2021. Botanical Database of Southern Africa (BODATSA) [offline dataset]. http://newposa.sanbi.org [Note that these data are not available at this URL as of 2021],Oshiwambo,Ken-ichi Ueda,2021-10-21T20:21:45Z
584503,ndetaku,und,"","",South African National Biodiversity Institute. 2021. Botanical Database of Southern Africa (BODATSA) [offline dataset]. http://newposa.sanbi.org [Note that these data are not available at this URL as of 2021],Oshiwambo,Ken-ichi Ueda,2021-10-21T20:21:45Z
584503,omataku,und,"","",South African National Biodiversity Institute. 2021. Botanical Database of Southern Africa (BODATSA) [offline dataset]. http://newposa.sanbi.org [Note that these data are not available at this URL as of 2021],Oshiwambo,Ken-ichi Ueda,2021-10-21T20:21:46Z
468576,omupako,und,"","",South African National Biodiversity Institute. 2021. Botanical Database of Southern Africa (BODATSA) [offline dataset]. http://newposa.sanbi.org [Note that these data are not available at this URL as of 2021],Oshiwambo,Ken-ichi Ueda,2021-10-21T20:21:46Z
343032,odime,und,"","",South African National Biodiversity Institute. 2021. Botanical Database of Southern Africa (BODATSA) [offline dataset]. http://newposa.sanbi.org [Note that these data are not available at this URL as of 2021],Oshiwambo,Ken-ichi Ueda,2021-10-21T20:21:46Z
343032,omudhime,und,"","",South African National Biodiversity Institute. 2021. Botanical Database of Southern Africa (BODATSA) [offline dataset]. http://newposa.sanbi.org [Note that these data are not available at this URL as of 2021],Oshiwambo,Ken-ichi Ueda,2021-10-21T20:21:47Z
343032,omudime,und,"","",South African National Biodiversity Institute. 2021. Botanical Database of Southern Africa (BODATSA) [offline dataset]. http://newposa.sanbi.org [Note that these data are not available at this URL as of 2021],Oshiwambo,Ken-ichi Ueda,2021-10-21T20:21:47Z
343032,omuvime,und,"","",South African National Biodiversity Institute. 2021. Botanical Database of Southern Africa (BODATSA) [offline dataset]. http://newposa.sanbi.org [Note that these data are not available at this URL as of 2021],Oshiwambo,Ken-ichi Ueda,2021-10-21T20:21:47Z
585956,omulemba,und,"","",South African National Biodiversity Institute. 2021. Botanical Database of Southern Africa (BODATSA) [offline dataset]. http://newposa.sanbi.org [Note that these data are not available at this URL as of 2021],Oshiwambo,Ken-ichi Ueda,2021-10-21T20:21:48Z
585956,omupuya,und,"","",South African National Biodiversity Institute. 2021. Botanical Database of Southern Africa (BODATSA) [offline dataset]. http://newposa.sanbi.org [Note that these data are not available at this URL as of 2021],Oshiwambo,Ken-ichi Ueda,2021-10-21T20:21:48Z
585959,omu-nghėluė,und,"","",South African National Biodiversity Institute. 2021. Botanical Database of Southern Africa (BODATSA) [offline dataset]. http://newposa.sanbi.org [Note that these data are not available at this URL as of 2021],Oshiwambo,Ken-ichi Ueda,2021-10-21T20:21:48Z
585959,omunkolyo,und,"","",South African National Biodiversity Institute. 2021. Botanical Database of Southern Africa (BODATSA) [offline dataset]. http://newposa.sanbi.org [Note that these data are not available at this URL as of 2021],Oshiwambo,Ken-ichi Ueda,2021-10-21T20:21:49Z
506993,omhėlyė,und,"","",South African National Biodiversity Institute. 2021. Botanical Database of Southern Africa (BODATSA) [offline dataset]. http://newposa.sanbi.org [Note that these data are not available at this URL as of 2021],Oshiwambo,Ken-ichi Ueda,2021-10-21T20:21:49Z
506993,omukuyumba,und,"","",South African National Biodiversity Institute. 2021. Botanical Database of Southern Africa (BODATSA) [offline dataset]. http://newposa.sanbi.org [Note that these data are not available at this URL as of 2021],Oshiwambo,Ken-ichi Ueda,2021-10-21T20:21:49Z
447186,omungholyo,und,"","",South African National Biodiversity Institute. 2021. Botanical Database of Southern Africa (BODATSA) [offline dataset]. http://newposa.sanbi.org [Note that these data are not available at this URL as of 2021],Oshiwambo,Ken-ichi Ueda,2021-10-21T20:21:50Z
599386,omukuu,und,"","",South African National Biodiversity Institute. 2021. Botanical Database of Southern Africa (BODATSA) [offline dataset]. http://newposa.sanbi.org [Note that these data are not available at this URL as of 2021],Oshiwambo,Ken-ichi Ueda,2021-10-21T20:21:50Z
585998,enongo,und,"","",South African National Biodiversity Institute. 2021. Botanical Database of Southern Africa (BODATSA) [offline dataset]. http://newposa.sanbi.org [Note that these data are not available at this URL as of 2021],Oshiwambo,Ken-ichi Ueda,2021-10-21T20:21:50Z
599415,mundaii,und,"","",South African National Biodiversity Institute. 2021. Botanical Database of Southern Africa (BODATSA) [offline dataset]. http://newposa.sanbi.org [Note that these data are not available at this URL as of 2021],Oshiwambo,Ken-ichi Ueda,2021-10-21T20:21:51Z
599415,omulavi,und,"","",South African National Biodiversity Institute. 2021. Botanical Database of Southern Africa (BODATSA) [offline dataset]. http://newposa.sanbi.org [Note that these data are not available at this URL as of 2021],Oshiwambo,Ken-ichi Ueda,2021-10-21T20:21:51Z
599415,omulayi,und,"","",South African National Biodiversity Institute. 2021. Botanical Database of Southern Africa (BODATSA) [offline dataset]. http://newposa.sanbi.org [Note that these data are not available at this URL as of 2021],Oshiwambo,Ken-ichi Ueda,2021-10-21T20:21:51Z
599415,omupingė,und,"","",South African National Biodiversity Institute. 2021. Botanical Database of Southern Africa (BODATSA) [offline dataset]. http://newposa.sanbi.org [Note that these data are not available at this URL as of 2021],Oshiwambo,Ken-ichi Ueda,2021-10-21T20:21:51Z
527059,ehonga,und,"","",South African National Biodiversity Institute. 2021. Botanical Database of Southern Africa (BODATSA) [offline dataset]. http://newposa.sanbi.org [Note that these data are not available at this URL as of 2021],Oshiwambo,Ken-ichi Ueda,2021-10-21T20:21:52Z
567067,omuse,und,"","",South African National Biodiversity Institute. 2021. Botanical Database of Southern Africa (BODATSA) [offline dataset]. http://newposa.sanbi.org [Note that these data are not available at this URL as of 2021],Oshiwambo,Ken-ichi Ueda,2021-10-21T20:21:53Z
567067,oshipundu,und,"","",South African National Biodiversity Institute. 2021. Botanical Database of Southern Africa (BODATSA) [offline dataset]. http://newposa.sanbi.org [Note that these data are not available at this URL as of 2021],Oshiwambo,Ken-ichi Ueda,2021-10-21T20:21:53Z
200830,omundjebele,und,"","",South African National Biodiversity Institute. 2021. Botanical Database of Southern Africa (BODATSA) [offline dataset]. http://newposa.sanbi.org [Note that these data are not available at this URL as of 2021],Oshiwambo,Ken-ichi Ueda,2021-10-21T20:21:53Z
340106,enolyomungolwe,und,"","",South African National Biodiversity Institute. 2021. Botanical Database of Southern Africa (BODATSA) [offline dataset]. http://newposa.sanbi.org [Note that these data are not available at this URL as of 2021],Oshiwambo,Ken-ichi Ueda,2021-10-21T20:21:54Z
340106,omungolwe,und,"","",South African National Biodiversity Institute. 2021. Botanical Database of Southern Africa (BODATSA) [offline dataset]. http://newposa.sanbi.org [Note that these data are not available at this URL as of 2021],Oshiwambo,Ken-ichi Ueda,2021-10-21T20:21:54Z
340106,omungonze,und,"","",South African National Biodiversity Institute. 2021. Botanical Database of Southern Africa (BODATSA) [offline dataset]. http://newposa.sanbi.org [Note that these data are not available at this URL as of 2021],Oshiwambo,Ken-ichi Ueda,2021-10-21T20:21:55Z
340106,omungoze,und,"","",South African National Biodiversity Institute. 2021. Botanical Database of Southern Africa (BODATSA) [offline dataset]. http://newposa.sanbi.org [Note that these data are not available at this URL as of 2021],Oshiwambo,Ken-ichi Ueda,2021-10-21T20:21:55Z
340106,oshingodwe,und,"","",South African National Biodiversity Institute. 2021. Botanical Database of Southern Africa (BODATSA) [offline dataset]. http://newposa.sanbi.org [Note that these data are not available at this URL as of 2021],Oshiwambo,Ken-ichi Ueda,2021-10-21T20:21:55Z
342681,epokola,und,"","",South African National Biodiversity Institute. 2021. Botanical Database of Southern Africa (BODATSA) [offline dataset]. http://newposa.sanbi.org [Note that these data are not available at this URL as of 2021],Oshiwambo,Ken-ichi Ueda,2021-10-21T20:21:56Z
342681,ondunga,und,"","",South African National Biodiversity Institute. 2021. Botanical Database of Southern Africa (BODATSA) [offline dataset]. http://newposa.sanbi.org [Note that these data are not available at this URL as of 2021],Oshiwambo,Ken-ichi Ueda,2021-10-21T20:21:56Z
342681,oshivale,und,"","",South African National Biodiversity Institute. 2021. Botanical Database of Southern Africa (BODATSA) [offline dataset]. http://newposa.sanbi.org [Note that these data are not available at this URL as of 2021],Oshiwambo,Ken-ichi Ueda,2021-10-21T20:21:56Z
589555,omupopola,und,"","",South African National Biodiversity Institute. 2021. Botanical Database of Southern Africa (BODATSA) [offline dataset]. http://newposa.sanbi.org [Note that these data are not available at this URL as of 2021],Oshiwambo,Ken-ichi Ueda,2021-10-21T20:21:56Z
589555,oshihamupolo,und,"","",South African National Biodiversity Institute. 2021. Botanical Database of Southern Africa (BODATSA) [offline dataset]. http://newposa.sanbi.org [Note that these data are not available at this URL as of 2021],Oshiwambo,Ken-ichi Ueda,2021-10-21T20:21:57Z
431337,oluhongwe,und,"","",South African National Biodiversity Institute. 2021. Botanical Database of Southern Africa (BODATSA) [offline dataset]. http://newposa.sanbi.org [Note that these data are not available at this URL as of 2021],Oshiwambo,Ken-ichi Ueda,2021-10-21T20:21:57Z
600317,omumbanganyana,und,"","",South African National Biodiversity Institute. 2021. Botanical Database of Southern Africa (BODATSA) [offline dataset]. http://newposa.sanbi.org [Note that these data are not available at this URL as of 2021],Oshiwambo,Ken-ichi Ueda,2021-10-21T20:21:58Z
600317,oshituna,und,"","",South African National Biodiversity Institute. 2021. Botanical Database of Southern Africa (BODATSA) [offline dataset]. http://newposa.sanbi.org [Note that these data are not available at this URL as of 2021],Oshiwambo,Ken-ichi Ueda,2021-10-21T20:21:58Z
416644,omweeguki,und,"","",South African National Biodiversity Institute. 2021. Botanical Database of Southern Africa (BODATSA) [offline dataset]. http://newposa.sanbi.org [Note that these data are not available at this URL as of 2021],Oshiwambo,Ken-ichi Ueda,2021-10-21T20:21:58Z
591318,oifuku,und,"","",South African National Biodiversity Institute. 2021. Botanical Database of Southern Africa (BODATSA) [offline dataset]. http://newposa.sanbi.org [Note that these data are not available at this URL as of 2021],Oshiwambo,Ken-ichi Ueda,2021-10-21T20:21:59Z
591477,oshihone,und,"","",South African National Biodiversity Institute. 2021. Botanical Database of Southern Africa (BODATSA) [offline dataset]. http://newposa.sanbi.org [Note that these data are not available at this URL as of 2021],Oshiwambo,Ken-ichi Ueda,2021-10-21T20:21:59Z
166729,omulanga wangalo,und,"","",South African National Biodiversity Institute. 2021. Botanical Database of Southern Africa (BODATSA) [offline dataset]. http://newposa.sanbi.org [Note that these data are not available at this URL as of 2021],Oshiwambo,Ken-ichi Ueda,2021-10-21T20:21:59Z
592162,omutuutu,und,"","",South African National Biodiversity Institute. 2021. Botanical Database of Southern Africa (BODATSA) [offline dataset]. http://newposa.sanbi.org [Note that these data are not available at this URL as of 2021],Oshiwambo,Ken-ichi Ueda,2021-10-21T20:21:59Z
592162,omutuutuu,und,"","",South African National Biodiversity Institute. 2021. Botanical Database of Southern Africa (BODATSA) [offline dataset]. http://newposa.sanbi.org [Note that these data are not available at this URL as of 2021],Oshiwambo,Ken-ichi Ueda,2021-10-21T20:22:00Z
600851,omuliambabi,und,"","",South African National Biodiversity Institute. 2021. Botanical Database of Southern Africa (BODATSA) [offline dataset]. http://newposa.sanbi.org [Note that these data are not available at this URL as of 2021],Oshiwambo,Ken-ichi Ueda,2021-10-21T20:22:00Z
431512,ombungululu,und,"","",South African National Biodiversity Institute. 2021. Botanical Database of Southern Africa (BODATSA) [offline dataset]. http://newposa.sanbi.org [Note that these data are not available at this URL as of 2021],Oshiwambo,Ken-ichi Ueda,2021-10-21T20:22:00Z
340243,omuguya,und,"","",South African National Biodiversity Institute. 2021. Botanical Database of Southern Africa (BODATSA) [offline dataset]. http://newposa.sanbi.org [Note that these data are not available at this URL as of 2021],Oshiwambo,Ken-ichi Ueda,2021-10-21T20:22:01Z
340243,omuuva,und,"","",South African National Biodiversity Institute. 2021. Botanical Database of Southern Africa (BODATSA) [offline dataset]. http://newposa.sanbi.org [Note that these data are not available at this URL as of 2021],Oshiwambo,Ken-ichi Ueda,2021-10-21T20:22:01Z
527004,omumakani,und,"","",South African National Biodiversity Institute. 2021. Botanical Database of Southern Africa (BODATSA) [offline dataset]. http://newposa.sanbi.org [Note that these data are not available at this URL as of 2021],Oshiwambo,Ken-ichi Ueda,2021-10-21T20:22:01Z
527004,omushewakwaga,und,"","",South African National Biodiversity Institute. 2021. Botanical Database of Southern Africa (BODATSA) [offline dataset]. http://newposa.sanbi.org [Note that these data are not available at this URL as of 2021],Oshiwambo,Ken-ichi Ueda,2021-10-21T20:22:02Z
527004,onkankayaga,und,"","",South African National Biodiversity Institute. 2021. Botanical Database of Southern Africa (BODATSA) [offline dataset]. http://newposa.sanbi.org [Note that these data are not available at this URL as of 2021],Oshiwambo,Ken-ichi Ueda,2021-10-21T20:22:02Z
197083,enghadu,und,"","",South African National Biodiversity Institute. 2021. Botanical Database of Southern Africa (BODATSA) [offline dataset]. http://newposa.sanbi.org [Note that these data are not available at this URL as of 2021],Oshiwambo,Ken-ichi Ueda,2021-10-21T20:22:02Z
197083,okatunduya,und,"","",South African National Biodiversity Institute. 2021. Botanical Database of Southern Africa (BODATSA) [offline dataset]. http://newposa.sanbi.org [Note that these data are not available at this URL as of 2021],Oshiwambo,Ken-ichi Ueda,2021-10-21T20:22:03Z
197083,omumkava,und,"","",South African National Biodiversity Institute. 2021. Botanical Database of Southern Africa (BODATSA) [offline dataset]. http://newposa.sanbi.org [Note that these data are not available at this URL as of 2021],Oshiwambo,Ken-ichi Ueda,2021-10-21T20:22:03Z
197083,omungavu,und,"","",South African National Biodiversity Institute. 2021. Botanical Database of Southern Africa (BODATSA) [offline dataset]. http://newposa.sanbi.org [Note that these data are not available at this URL as of 2021],Oshiwambo,Ken-ichi Ueda,2021-10-21T20:22:03Z
340199,omangette,und,"","",South African National Biodiversity Institute. 2021. Botanical Database of Southern Africa (BODATSA) [offline dataset]. http://newposa.sanbi.org [Note that these data are not available at this URL as of 2021],Oshiwambo,Ken-ichi Ueda,2021-10-21T20:22:04Z
340199,omukete,und,"","",South African National Biodiversity Institute. 2021. Botanical Database of Southern Africa (BODATSA) [offline dataset]. http://newposa.sanbi.org [Note that these data are not available at this URL as of 2021],Oshiwambo,Ken-ichi Ueda,2021-10-21T20:22:04Z
340199,omunghete,und,"","",South African National Biodiversity Institute. 2021. Botanical Database of Southern Africa (BODATSA) [offline dataset]. http://newposa.sanbi.org [Note that these data are not available at this URL as of 2021],Oshiwambo,Ken-ichi Ueda,2021-10-21T20:22:04Z
340199,onkete,und,"","",South African National Biodiversity Institute. 2021. Botanical Database of Southern Africa (BODATSA) [offline dataset]. http://newposa.sanbi.org [Note that these data are not available at this URL as of 2021],Oshiwambo,Ken-ichi Ueda,2021-10-21T20:22:05Z
340246,omoongo,und,"","",South African National Biodiversity Institute. 2021. Botanical Database of Southern Africa (BODATSA) [offline dataset]. http://newposa.sanbi.org [Note that these data are not available at this URL as of 2021],Oshiwambo,Ken-ichi Ueda,2021-10-21T20:22:05Z
340246,omugongo,und,"","",South African National Biodiversity Institute. 2021. Botanical Database of Southern Africa (BODATSA) [offline dataset]. http://newposa.sanbi.org [Note that these data are not available at this URL as of 2021],Oshiwambo,Ken-ichi Ueda,2021-10-21T20:22:05Z
593974,omudhiku,und,"","",South African National Biodiversity Institute. 2021. Botanical Database of Southern Africa (BODATSA) [offline dataset]. http://newposa.sanbi.org [Note that these data are not available at this URL as of 2021],Oshiwambo,Ken-ichi Ueda,2021-10-21T20:22:06Z
593974,omudiku,und,"","",South African National Biodiversity Institute. 2021. Botanical Database of Southern Africa (BODATSA) [offline dataset]. http://newposa.sanbi.org [Note that these data are not available at this URL as of 2021],Oshiwambo,Ken-ichi Ueda,2021-10-21T20:22:06Z
593974,omutiwongombe,und,"","",South African National Biodiversity Institute. 2021. Botanical Database of Southern Africa (BODATSA) [offline dataset]. http://newposa.sanbi.org [Note that these data are not available at this URL as of 2021],Oshiwambo,Ken-ichi Ueda,2021-10-21T20:22:07Z
340253,ohongo,und,"","",South African National Biodiversity Institute. 2021. Botanical Database of Southern Africa (BODATSA) [offline dataset]. http://newposa.sanbi.org [Note that these data are not available at this URL as of 2021],Oshiwambo,Ken-ichi Ueda,2021-10-21T20:22:08Z
601249,omuhakola,und,"","",South African National Biodiversity Institute. 2021. Botanical Database of Southern Africa (BODATSA) [offline dataset]. http://newposa.sanbi.org [Note that these data are not available at this URL as of 2021],Oshiwambo,Ken-ichi Ueda,2021-10-21T20:22:08Z
595009,enguni,und,"","",South African National Biodiversity Institute. 2021. Botanical Database of Southern Africa (BODATSA) [offline dataset]. http://newposa.sanbi.org [Note that these data are not available at this URL as of 2021],Oshiwambo,Ken-ichi Ueda,2021-10-21T20:22:09Z
595009,omuguni,und,"","",South African National Biodiversity Institute. 2021. Botanical Database of Southern Africa (BODATSA) [offline dataset]. http://newposa.sanbi.org [Note that these data are not available at this URL as of 2021],Oshiwambo,Ken-ichi Ueda,2021-10-21T20:22:09Z
595009,omuini,und,"","",South African National Biodiversity Institute. 2021. Botanical Database of Southern Africa (BODATSA) [offline dataset]. http://newposa.sanbi.org [Note that these data are not available at this URL as of 2021],Oshiwambo,Ken-ichi Ueda,2021-10-21T20:22:09Z
595009,omuuni,und,"","",South African National Biodiversity Institute. 2021. Botanical Database of Southern Africa (BODATSA) [offline dataset]. http://newposa.sanbi.org [Note that these data are not available at this URL as of 2021],Oshiwambo,Ken-ichi Ueda,2021-10-21T20:22:10Z
468544,omumonga,und,"","",South African National Biodiversity Institute. 2021. Botanical Database of Southern Africa (BODATSA) [offline dataset]. http://newposa.sanbi.org [Note that these data are not available at this URL as of 2021],Oshiwambo,Ken-ichi Ueda,2021-10-21T20:22:10Z
430533,ohama,und,"","",South African National Biodiversity Institute. 2021. Botanical Database of Southern Africa (BODATSA) [offline dataset]. http://newposa.sanbi.org [Note that these data are not available at this URL as of 2021],Oshiwambo,Ken-ichi Ueda,2021-10-21T20:22:10Z
336810,omugolo,und,"","",South African National Biodiversity Institute. 2021. Botanical Database of Southern Africa (BODATSA) [offline dataset]. http://newposa.sanbi.org [Note that these data are not available at this URL as of 2021],Oshiwambo,Ken-ichi Ueda,2021-10-21T20:22:11Z
336810,omuolo,und,"","",South African National Biodiversity Institute. 2021. Botanical Database of Southern Africa (BODATSA) [offline dataset]. http://newposa.sanbi.org [Note that these data are not available at this URL as of 2021],Oshiwambo,Ken-ichi Ueda,2021-10-21T20:22:11Z
336810,omwoolo,und,"","",South African National Biodiversity Institute. 2021. Botanical Database of Southern Africa (BODATSA) [offline dataset]. http://newposa.sanbi.org [Note that these data are not available at this URL as of 2021],Oshiwambo,Ken-ichi Ueda,2021-10-21T20:22:11Z
595536,eposa,und,"","",South African National Biodiversity Institute. 2021. Botanical Database of Southern Africa (BODATSA) [offline dataset]. http://newposa.sanbi.org [Note that these data are not available at this URL as of 2021],Oshiwambo,Ken-ichi Ueda,2021-10-21T20:22:12Z
601546,embo,und,"","",South African National Biodiversity Institute. 2021. Botanical Database of Southern Africa (BODATSA) [offline dataset]. http://newposa.sanbi.org [Note that these data are not available at this URL as of 2021],Oshiwambo,Ken-ichi Ueda,2021-10-21T20:22:12Z
601546,ombimbo,und,"","",South African National Biodiversity Institute. 2021. Botanical Database of Southern Africa (BODATSA) [offline dataset]. http://newposa.sanbi.org [Note that these data are not available at this URL as of 2021],Oshiwambo,Ken-ichi Ueda,2021-10-21T20:22:12Z
601546,ombu,und,"","",South African National Biodiversity Institute. 2021. Botanical Database of Southern Africa (BODATSA) [offline dataset]. http://newposa.sanbi.org [Note that these data are not available at this URL as of 2021],Oshiwambo,Ken-ichi Ueda,2021-10-21T20:22:13Z
601546,oshimbu,und,"","",South African National Biodiversity Institute. 2021. Botanical Database of Southern Africa (BODATSA) [offline dataset]. http://newposa.sanbi.org [Note that these data are not available at this URL as of 2021],Oshiwambo,Ken-ichi Ueda,2021-10-21T20:22:13Z
243419,okakukupeke,und,"","",South African National Biodiversity Institute. 2021. Botanical Database of Southern Africa (BODATSA) [offline dataset]. http://newposa.sanbi.org [Note that these data are not available at this URL as of 2021],Oshiwambo,Ken-ichi Ueda,2021-10-21T20:22:13Z
243419,ompeke,und,"","",South African National Biodiversity Institute. 2021. Botanical Database of Southern Africa (BODATSA) [offline dataset]. http://newposa.sanbi.org [Note that these data are not available at this URL as of 2021],Oshiwambo,Ken-ichi Ueda,2021-10-21T20:22:14Z
243419,oshipeke,und,"","",South African National Biodiversity Institute. 2021. Botanical Database of Southern Africa (BODATSA) [offline dataset]. http://newposa.sanbi.org [Note that these data are not available at this URL as of 2021],Oshiwambo,Ken-ichi Ueda,2021-10-21T20:22:14Z
243419,oshipeke oshikukulu,und,"","",South African National Biodiversity Institute. 2021. Botanical Database of Southern Africa (BODATSA) [offline dataset]. http://newposa.sanbi.org [Note that these data are not available at this URL as of 2021],Oshiwambo,Ken-ichi Ueda,2021-10-21T20:22:14Z
243419,oshipukulu,und,"","",South African National Biodiversity Institute. 2021. Botanical Database of Southern Africa (BODATSA) [offline dataset]. http://newposa.sanbi.org [Note that these data are not available at this URL as of 2021],Oshiwambo,Ken-ichi Ueda,2021-10-21T20:22:15Z
340168,ombyu,und,"","",South African National Biodiversity Institute. 2021. Botanical Database of Southern Africa (BODATSA) [offline dataset]. http://newposa.sanbi.org [Note that these data are not available at this URL as of 2021],Oshiwambo,Ken-ichi Ueda,2021-10-21T20:22:15Z
340168,oshimbyupeke,und,"","",South African National Biodiversity Institute. 2021. Botanical Database of Southern Africa (BODATSA) [offline dataset]. http://newposa.sanbi.org [Note that these data are not available at this URL as of 2021],Oshiwambo,Ken-ichi Ueda,2021-10-21T20:22:15Z
340168,oshipeke oshimbyu,und,"","",South African National Biodiversity Institute. 2021. Botanical Database of Southern Africa (BODATSA) [offline dataset]. http://newposa.sanbi.org [Note that these data are not available at this URL as of 2021],Oshiwambo,Ken-ichi Ueda,2021-10-21T20:22:15Z
340228,omusheshete,und,"","",South African National Biodiversity Institute. 2021. Botanical Database of Southern Africa (BODATSA) [offline dataset]. http://newposa.sanbi.org [Note that these data are not available at this URL as of 2021],Oshiwambo,Ken-ichi Ueda,2021-10-21T20:22:16Z
340228,omutjetjete,und,"","",South African National Biodiversity Institute. 2021. Botanical Database of Southern Africa (BODATSA) [offline dataset]. http://newposa.sanbi.org [Note that these data are not available at this URL as of 2021],Oshiwambo,Ken-ichi Ueda,2021-10-21T20:22:16Z
340228,onkekete,und,"","",South African National Biodiversity Institute. 2021. Botanical Database of Southern Africa (BODATSA) [offline dataset]. http://newposa.sanbi.org [Note that these data are not available at this URL as of 2021],Oshiwambo,Ken-ichi Ueda,2021-10-21T20:22:16Z
507107,okalupulupu,und,"","",,Oshiwambo,Botswanabugs,2021-10-31T19:27:18Z
42405,oonyati,und,"","",,Oshiwambo,Botswanabugs,2021-12-06T03:43:19Z
75192,oongalangombe,und,"","",,Oshiwambo,Botswanabugs,2021-12-06T03:47:43Z
42339,oholongo,und,"","",,Oshiwambo,Botswanabugs,2021-12-06T03:50:36Z
163773,Omutete,und,"","",,Oshiwambo,Jacob Henry,2022-03-03T19:01:49Z
202342,Omahangu,und,"","",,Oshiwambo,Jacob Henry,2022-03-04T09:48:05Z
74113,Ongobe,und,"","",,Oshiwambo,Jacob Henry,2022-03-06T08:20:01Z
123070,Oshikombo,und,"","",,Oshiwambo,Jacob Henry,2022-03-06T08:21:00Z
42157,Onduli,und,"","",,Oshiwambo,Jacob Henry,2022-03-14T11:42:31Z
41964,Onkoshi,und,"","",,Oshiwambo,Jacob Henry,2022-03-14T11:43:27Z
111451,Ombome,und,"","",,Oshiwambo,Jacob Henry,2022-04-04T19:53:09Z
121047,Eleela,und,"","",,Oshiwambo,Jacob Henry,2022-04-04T19:53:47Z
30477,Ongoronyoka,und,"","",,Oshiwambo,Jacob Henry,2022-04-04T19:56:07Z
30475,Omafu,und,"","",,Oshiwambo,Jacob Henry,2022-04-04T19:58:40Z
30405,Ontoka,und,"","",,Oshiwambo,Jacob Henry,2022-04-04T19:59:21Z
30851,Epili,und,"","",,Oshiwambo,Jacob Henry,2022-04-04T20:00:03Z
116496,Ondaadhere,und,"","",,Oshiwambo,Jacob Henry,2022-04-04T20:00:57Z
121043,Omaluju,und,"","",,Oshiwambo,Jacob Henry,2022-04-04T20:04:59Z
596042,omululu,und,"","",South African National Biodiversity Institute. 2021. Botanical Database of Southern Africa (BODATSA) [offline dataset]. http://newposa.sanbi.org [Note that these data are not available at this URL as of 2021],Oshiwambo,,2022-04-13T07:20:01Z
202342,Mahango,und,"","",,Oshiwambo,Jeremy Gilmore,2022-04-16T12:53:37Z
489563,omutshu,und,"","",,Oshiwambo,Botswanabugs,2022-09-07T05:20:42Z
126238,Enyoshe,und,"","",,Oshiwambo,Jacob Henry,2022-12-03T10:53:01Z
43694,ondjaba,und,"","",,Oshiwambo,Jacob Henry,2023-01-24T08:23:33Z
324492,ongulu,und,"","",,Oshiwambo,Jacob Henry,2023-01-24T08:26:43Z
369502,ekisinananga,und,"","",https://www.inaturalist.org/taxon_names/2522391/edit,Oshiwambo,,2023-02-26T14:42:57Z
369502,lokumolonga,und,"","",https://www.inaturalist.org/taxon_names/2522392/edit,Oshiwambo,,2023-02-26T14:42:57Z
369502,ekisinananga-lokumolo,und,"","",South African National Biodiversity Institute. 2021. Botanical Database of Southern Africa (BODATSA) [offline dataset]. http://newposa.sanbi.org [Note that these data are not available at this URL as of 2021],Oshiwambo,,2023-02-26T14:42:58Z
427989,Ofufwe,und,"","",,Oshiwambo,Jason Hernandez,2023-06-09T00:25:34Z
634052,Iizimba,und,"","",,Oshiwambo,Jason Hernandez,2023-06-09T00:27:49Z
47452,Omano,und,"","",,Oshiwambo,Jason Hernandez,2023-06-09T00:30:43Z
129706,Omatjette,und,"","",,Oshiwambo,Jason Hernandez,2023-06-09T00:31:50Z
583075,Ombango,und,"","",,Oshiwambo,Jason Hernandez,2023-06-09T00:32:53Z
184094,Omukanga,und,"","",,Oshiwambo,Jason Hernandez,2023-06-09T00:35:35Z
51815,omungaalipi,und,"","",,Oshiwambo,Jason Hernandez,2023-06-09T00:38:21Z
546325,omupanda,und,"","",,Oshiwambo,Jason Hernandez,2023-06-09T00:40:25Z
189622,omupapa,und,"","",,Oshiwambo,Jason Hernandez,2023-06-09T00:41:35Z
340175,omupopo,und,"","",,Oshiwambo,Jason Hernandez,2023-06-09T00:42:28Z
426116,omupupwaheke,und,"","",,Oshiwambo,Jason Hernandez,2023-06-09T00:43:33Z
68716,omushegela,und,"","",,Oshiwambo,Jason Hernandez,2023-06-09T00:45:03Z
340238,omuthiya,und,"","",,Oshiwambo,Jason Hernandez,2023-06-09T00:46:21Z
42308,osino,und,"","",,Oshiwambo,Jason Hernandez,2023-06-09T00:51:13Z
42283,omenye ohayi longithwa,und,"","",,Oshiwambo,Jason Hernandez,2023-06-09T00:52:26Z
1428,onkanga,und,"","",,Oshiwambo,Jason Hernandez,2023-06-09T00:53:25Z
41964,onime,und,"","",,Oshiwambo,Jason Hernandez,2023-06-09T00:54:22Z
2715,oonguti,und,"","",,Oshiwambo,Jason Hernandez,2023-06-09T00:55:21Z
1473181,omuye,und,"","",https://www.inaturalist.org/taxon_names/2571784/edit,Oshiwambo,,2023-06-09T13:59:13Z
1473181,eembe,und,"","",South African National Biodiversity Institute. 2021. Botanical Database of Southern Africa (BODATSA) [offline dataset]. http://newposa.sanbi.org [Note that these data are not available at this URL as of 2021],Oshiwambo,,2023-06-09T13:59:18Z
1473181,ombe,und,"","",South African National Biodiversity Institute. 2021. Botanical Database of Southern Africa (BODATSA) [offline dataset]. http://newposa.sanbi.org [Note that these data are not available at this URL as of 2021],Oshiwambo,,2023-06-09T13:59:18Z
1473181,omumwe,und,"","",South African National Biodiversity Institute. 2021. Botanical Database of Southern Africa (BODATSA) [offline dataset]. http://newposa.sanbi.org [Note that these data are not available at this URL as of 2021],Oshiwambo,,2023-06-09T13:59:18Z
1484817,omubalandango,und,"","",South African National Biodiversity Institute. 2021. Botanical Database of Southern Africa (BODATSA) [offline dataset]. http://newposa.sanbi.org [Note that these data are not available at this URL as of 2021],Oshiwambo,,2023-07-25T19:32:18Z
41963,ongwe,und,"","",,Oshiwambo,Botswanabugs,2023-11-20T07:20:05Z
1428,onganga,und,"","",,Oshiwambo,Botswanabugs,2024-01-31T10:43:13Z
1428,Onghanga,und,"","",,Oshiwambo,Botswanabugs,2024-01-31T10:52:48Z
