id,vernacularName,language,locality,countryCode,source,lexicon,contributor,created
355675,بڕبڕەداران,und,"","",,Central Kurdish,John E. Christensen,2018-01-14T07:14:52Z
85553,مار,und,"","",,Central Kurdish,John E. Christensen,2018-06-24T13:39:37Z
333586,گڵخۆرکە,und,"","",,Central Kurdish,John E. Christensen,2018-07-11T14:05:30Z
77965,بەیبوون,und,"","",,Central Kurdish,John E. Christensen,2018-12-21T14:45:11Z
40151,گوانداران,und,"","",,Central Kurdish,John E. Christensen,2019-02-07T16:26:56Z
157765,بامێ,und,"","",,Central Kurdish,Johan Devos,2020-12-20T20:33:06Z
41970,جاگوار,und,"","",,Central Kurdish,Zane Roskoph,2021-07-30T11:55:56Z
41644,ورچی بەستەڵەک,und,"","",,Central Kurdish,Zane Roskoph,2021-08-11T16:06:56Z
41461,نه‌ھه‌نگى سپى,und,"","",,Central Kurdish,Zane Roskoph,2021-08-15T17:59:24Z
41964,شێر,und,"","",,Central Kurdish,Zane Roskoph,2021-08-24T13:05:36Z
41967,بەور,und,"","",,Central Kurdish,Zane Roskoph,2021-08-26T15:02:50Z
606957,پڵینگی ئێرانی,und,"Iraqi Kurdistan, IQ","",,Central Kurdish,Iman Amini,2022-07-16T13:37:26Z
41963,پڵینگ,und,"","",,Central Kurdish,Iman Amini,2022-07-16T13:41:31Z
41967,بەبر,und,"","",,Central Kurdish,Iman Amini,2022-07-16T13:50:58Z
74831,پڵینگی بەفری,und,"","",,Central Kurdish,Iman Amini,2022-07-16T13:53:21Z
116999,هەڵۆی ماسیگر,und,"","",,Central Kurdish,Iman Amini,2022-07-16T16:33:10Z
5074,هەڵۆی پەڕکوور,und,"","",,Central Kurdish,Iman Amini,2022-07-16T16:34:47Z
27771,قوڕناویلکەی ورمێ,und,"","",,Central Kurdish,Iman Amini,2022-07-17T09:16:11Z
199756,قوڕناویلکەی کوردستان,und,"","",,Central Kurdish,Iman Amini,2022-07-17T09:17:27Z
60218,هەنجیری ئاسایی,und,"","",,Central Kurdish,Iman Amini,2022-09-03T12:19:15Z
41641,ورچی قاوەیی,und,"","",,Central Kurdish,Iman Amini,2022-12-01T15:27:30Z
630031,کەوی کوردستان,und,"","",,Central Kurdish,Iman Amini,2022-12-29T09:32:17Z
4323,کەڵک (پەلەوەر),und,"","",,Central Kurdish,John E. Christensen,2023-01-31T12:35:33Z
20526,وشترمر,und,"","",,Central Kurdish,Johan Devos,2023-02-28T22:18:14Z
42069,ڕێوی سوور,und,"","",,Central Kurdish,Iman Amini,2023-03-12T16:08:28Z
55884,شیلان,und,"","",,Central Kurdish,Iman Amini,2023-03-12T16:13:41Z
491355,شیلانی کوڵکن,und,"","",,Central Kurdish,Iman Amini,2023-03-12T16:14:27Z
831,زڕەکەو,und,"","",,Central Kurdish,Iman Amini,2023-04-04T13:14:52Z
569428,بانبانکی بچووک,und,"","",,Central Kurdish,Iman Amini,2023-04-04T13:18:35Z
4733,لەک‌لەکی سپی,und,"","",,Central Kurdish,Iman Amini,2023-04-04T13:22:32Z
4733,حاجیلە,und,"","",,Central Kurdish,Iman Amini,2023-04-04T13:22:48Z
1371614,قوڕناویلکەی هەورامان,und,"","",,Central Kurdish,Iman Amini,2024-02-06T18:49:28Z
70647,بۆقەشینەی ڕۆژهەڵات,und,"","",,Central Kurdish,Iman Amini,2024-02-06T18:54:20Z
23798,بۆقەشینەی لیمۆیی,und,"","",,Central Kurdish,Iman Amini,2024-02-06T18:55:14Z
472766,مشک‌گرە,und,"","",,Central Kurdish,Iman Amini,2024-02-06T18:56:45Z
