id,vernacularName,language,locality,countryCode,source,lexicon,contributor,created
54468,Klenge Fochs,lb,"","",,Luxembourgish,Paul Braun,2017-06-06T09:23:29Z
62766,Klengen Nackerpäiperlek,lb,"","",,Luxembourgish,Paul Braun,2017-06-06T09:25:43Z
56225,C-Päiperlek,lb,"","",,Luxembourgish,Paul Braun,2017-06-06T09:26:17Z
123628,Keesermantel,lb,"","",,Luxembourgish,Paul Braun,2017-06-06T09:26:53Z
56529,Schmuebelschwanz,lb,"","",,Luxembourgish,Paul Braun,2017-06-06T09:27:27Z
207977,Pohunnena,lb,"","",,Luxembourgish,Paul Braun,2017-06-06T09:27:53Z
52771,Zitrouneblat,lb,Luxembourg,LU,,Luxembourgish,Paul Braun,2017-06-06T09:28:14Z
130398,Schachbriet,lb,"","",,Luxembourgish,Paul Braun,2017-06-06T09:28:34Z
49133,Amirol,lb,"","",,Luxembourgish,Paul Braun,2017-06-06T09:29:03Z
48548,Dëschtelpäiperlek,lb,"","",,Luxembourgish,Paul Braun,2017-06-06T09:29:30Z
130228,Risebiereklo,lb,"","",,Luxembourgish,Paul Braun,2017-06-06T09:31:14Z
54404,Feierblumm,lb,"","",,Luxembourgish,Paul Braun,2017-06-06T09:31:42Z
56057,Grouss Margréitchen,lb,"Grand-Duché de Luxembourg, LU","",,Luxembourgish,Paul Braun,2017-06-06T09:32:15Z
56934,Mäerzblimmchen,lb,"","",,Luxembourgish,Paul Braun,2017-06-06T09:33:05Z
55819,Schlësselblumm,lb,"","",,Luxembourgish,Paul Braun,2017-06-06T09:33:26Z
51702,Himmelsdéierchen,lb,"","",,Luxembourgish,Paul Braun,2017-06-06T09:33:57Z
53905,Quisel,lb,"","",,Luxembourgish,Paul Braun,2017-06-06T09:35:07Z
133250,Spréngerlek,lb,"","",,Luxembourgish,Paul Braun,2017-06-06T09:36:08Z
133250,Grashinchen,lb,"","",,Luxembourgish,Paul Braun,2017-06-06T09:36:19Z
55637,Wisebommel,lb,"","",,Luxembourgish,Paul Braun,2017-06-06T09:36:47Z
55637,Wissbei,lb,"","",,Luxembourgish,Paul Braun,2017-06-06T09:37:01Z
343021,Blannschlécher,lb,"","",,Luxembourgish,Paul Braun,2017-06-06T09:37:29Z
27726,Feiersalamander,lb,"","",,Luxembourgish,Paul Braun,2017-06-06T09:38:04Z
12992,Gaarderoutschwanz,lb,"","",,Luxembourgish,Paul Braun,2017-06-06T09:39:07Z
13000,Hausroutschwanz,lb,"","",,Luxembourgish,Paul Braun,2017-06-06T09:40:14Z
43128,Hues,lb,"","",,Luxembourgish,Paul Braun,2017-06-06T09:40:45Z
46001,Kaweechelchen,lb,"","",,Luxembourgish,Paul Braun,2017-06-06T09:41:14Z
43042,Kéisécker,lb,"","",,Luxembourgish,Paul Braun,2017-06-06T09:41:37Z
13858,Spatz,lb,"","",,Luxembourgish,Paul Braun,2017-06-06T09:43:12Z
61523,Wéngertsschleek,lb,"","",,Luxembourgish,Paul Braun,2017-06-06T09:43:53Z
46859,Geblummelecht Spëtzmaus,lb,"","",,Luxembourgish,Paul Braun,2017-06-06T09:51:55Z
46859,Waasserscharr,lb,"","",,Luxembourgish,Paul Braun,2017-06-06T09:52:14Z
40291,Grousst Mausouer,lb,"","",,Luxembourgish,Paul Braun,2017-06-06T09:52:49Z
40291,Grouss Flëntermaus,lb,"","",,Luxembourgish,Paul Braun,2017-06-06T09:53:09Z
40364,Gemeng Flëntermaus,lb,"","",,Luxembourgish,Paul Braun,2017-06-06T09:53:49Z
40364,Kleng Flëntermaus,lb,"","",,Luxembourgish,Paul Braun,2017-06-06T09:54:05Z
44705,Hausmaus,lb,"","",,Luxembourgish,Paul Braun,2017-06-06T09:54:34Z
44576,Brong Rat,lb,"","",,Luxembourgish,Paul Braun,2017-06-06T09:55:08Z
41812,Sténkert,lb,"","",,Luxembourgish,Paul Braun,2017-06-06T09:56:18Z
42184,Réi,lb,"","",,Luxembourgish,Paul Braun,2017-06-06T09:57:12Z
41796,Bammarder,lb,"","",,Luxembourgish,Paul Braun,2017-06-06T09:57:31Z
42048,Wollef,lb,"","",,Luxembourgish,Paul Braun,2017-06-06T10:07:01Z
74383,Siweschléifer,lb,"","",,Luxembourgish,Paul Braun,2017-06-06T10:08:03Z
41663,Wäschbier,lb,"","",,Luxembourgish,Paul Braun,2017-06-06T10:08:36Z
43151,Kanéngchen,lb,"","",,Luxembourgish,Paul Braun,2017-06-06T10:10:07Z
45763,Bisamrat,lb,"","",,Luxembourgish,Paul Braun,2017-06-06T10:12:43Z
41808,Grousst Wisel,lb,"","",,Luxembourgish,Paul Braun,2017-06-06T10:13:50Z
42134,Wëllschwäin,lb,"","",,Luxembourgish,Paul Braun,2017-06-06T10:19:41Z
207811,Breetflillekefliedermaus,lb,"","",,Luxembourgish,Paul Braun,2017-06-06T10:22:08Z
42069,Fuuss,lb,"","",,Luxembourgish,Paul Braun,2017-06-06T10:25:35Z
42069,Renert,lb,"","",,Luxembourgish,Paul Braun,2017-06-06T10:25:50Z
46970,Maulwuerf,lb,"","",,Luxembourgish,Paul Braun,2017-06-06T10:31:46Z
326296,Mouk,lb,"","",,Luxembourgish,Paul Braun,2017-06-06T12:45:27Z
424147,Heckefräsch,lb,"","",,Luxembourgish,Paul Braun,2017-06-06T12:45:57Z
424147,Europäeschen Heckefräsch,lb,"","",,Luxembourgish,Paul Braun,2017-06-06T12:46:49Z
24473,Suebelmouk,lb,"","",,Luxembourgish,Paul Braun,2017-06-06T12:55:40Z
27718,Edemes,lb,"","",,Luxembourgish,Paul Braun,2017-06-06T12:56:18Z
27718,Nërdleche Kammmolch,lb,"","",,Luxembourgish,Paul Braun,2017-06-06T12:58:24Z
27726,Feieromes,lb,"","",,Luxembourgish,Paul Braun,2017-06-06T13:02:39Z
27726,Feierechs,lb,"","",,Luxembourgish,Paul Braun,2017-06-06T13:02:56Z
26904,Glatadder,lb,"","",,Luxembourgish,Paul Braun,2017-06-06T13:05:01Z
55990,Feieromes,lb,"","",,Luxembourgish,Paul Braun,2017-06-06T13:06:57Z
55990,Mauer-Eidechs,lb,"","",,Luxembourgish,Paul Braun,2017-06-06T13:07:19Z
35912,Bëschfeieromes,lb,"","",,Luxembourgish,Paul Braun,2017-06-06T13:08:34Z
53983,Fangerhutt,lb,"","",,Luxembourgish,Paul Braun,2017-06-06T14:37:33Z
55925,Ruppeschkraut,lb,"","",,Luxembourgish,Paul Braun,2017-06-07T06:41:50Z
55925,Auerblumm,lb,"","",,Luxembourgish,Paul Braun,2017-06-07T06:42:08Z
2599,Äisvull,lb,"","",,Luxembourgish,Paul Braun,2017-06-07T07:45:55Z
4954,Groe Räer,lb,"","",,Luxembourgish,Paul Braun,2017-06-07T07:49:46Z
4954,Fëschräer,lb,"","",,Luxembourgish,Paul Braun,2017-06-07T07:50:19Z
2969,Tiirkendauf,lb,"","",,Luxembourgish,Paul Braun,2017-06-07T07:55:12Z
482,Blässhong,lb,"","",,Luxembourgish,Paul Braun,2017-06-08T11:44:25Z
201282,Waasserhong,lb,"","",,Luxembourgish,Paul Braun,2017-06-08T11:53:24Z
204113,Routhirsch,lb,"","",,Luxembourgish,max kirsch,2017-11-13T03:55:54Z
2,Chordadéieren,lb,"","",,Luxembourgish,John E. Christensen,2017-11-30T13:07:32Z
49187,Käscht,lb,"","",,Luxembourgish,John E. Christensen,2017-12-17T11:10:13Z
40019,Landdeckelsmouken,lb,"","",,Luxembourgish,John E. Christensen,2017-12-29T13:52:47Z
26036,Reptiller,lb,"","",,Luxembourgish,John E. Christensen,2018-01-12T14:28:19Z
41979,Eurasesche Luchs,lb,"","",,Luxembourgish,Paul Braun,2018-01-18T10:23:18Z
43151,Wëll Kanéngchen,lb,"","",,Luxembourgish,Paul Braun,2018-01-18T10:33:06Z
569428,Klengt Wisel,lb,"","",,Luxembourgish,Paul Braun,2018-01-18T10:38:47Z
45856,Hieselmaus,lb,"","",,Luxembourgish,Paul Braun,2018-01-18T10:50:15Z
342134,Wëll Kaz,lb,"","",,Luxembourgish,Paul Braun,2018-01-23T09:59:20Z
45550,Gielhalsmaus,lb,"","",,Luxembourgish,Paul Braun,2018-01-23T10:07:39Z
10070,Poufank,lb,"","",,Luxembourgish,John E. Christensen,2018-02-12T12:53:33Z
55401,Kabespäipel,lb,"","",,Luxembourgish,Paul Braun,2018-02-13T20:30:15Z
12716,Märel,lb,Luxembourg,LU,,Luxembourgish,Paul Braun,2018-02-14T14:12:26Z
144849,Blomees,lb,"","",,Luxembourgish,Paul Braun,2018-02-14T14:13:04Z
203153,Schielmees,lb,"","",,Luxembourgish,Paul Braun,2018-02-14T14:13:34Z
145360,Grénge Fenk,lb,"","",,Luxembourgish,Paul Braun,2018-02-14T14:14:13Z
13858,Hausspatz,lb,"","",,Luxembourgish,Paul Braun,2018-02-14T14:16:22Z
41800,Steemarder,lb,Luxembourg,LU,,Luxembourgish,Sandra Cellina,2018-03-16T22:53:07Z
41770,Musteliden,lb,"","",,Luxembourgish,Sandra Cellina,2018-03-16T23:01:34Z
47602,Bettseechesch,lb,"","",,Luxembourgish,Paul Braun,2018-04-05T09:38:48Z
55563,Margréitchen,lb,"","",,Luxembourgish,John E. Christensen,2018-05-10T16:53:29Z
5108,Héngerdéif,lb,"","",,Luxembourgish,Sean Cozart,2018-05-23T21:56:46Z
5108,Huer,lb,"","",,Luxembourgish,Sean Cozart,2018-05-23T21:56:47Z
5106,Spréiwenhuer,lb,"","",,Luxembourgish,Chris Cheatle,2018-05-23T21:56:47Z
116791,Feldjäizert,lb,"","",,Luxembourgish,,2018-05-23T21:56:48Z
204456,Grousse Jäizert,lb,"","",,Luxembourgish,,2018-05-23T21:56:49Z
116797,Heckejäizert,lb,"","",,Luxembourgish,,2018-05-23T21:56:49Z
116799,Donkele Jäizert,lb,"","",,Luxembourgish,,2018-05-23T21:56:49Z
117181,Dachskäppchen,lb,"","",,Luxembourgish,,2018-05-23T21:56:50Z
116802,Suppejäizert,lb,"","",,Luxembourgish,,2018-05-23T21:56:50Z
116804,Gesträifte Jäizert,lb,"","",,Luxembourgish,,2018-05-23T21:56:51Z
204455,Klenge Jäizert,lb,"","",,Luxembourgish,Cole Gaerber,2018-05-23T21:56:51Z
3978,Uferleefer,lb,"","",,Luxembourgish,,2018-05-23T21:56:51Z
7278,Schwanzmees,lb,"","",,Luxembourgish,Victor HOYEAU,2018-05-23T21:56:52Z
20359,Kazekapp,lb,"","",,Luxembourgish,Kitty Maurey,2018-05-23T21:56:53Z
7106,Mandarinint,lb,"","",,Luxembourgish,harum.koh,2018-05-23T21:56:54Z
7107,Brautint,lb,"","",,Luxembourgish,Alec Cowles,2018-05-23T21:56:54Z
7347,Léierchen,lb,"","",,Luxembourgish,,2018-05-23T21:56:56Z
7347,Léiweckelchen,lb,"","",,Luxembourgish,,2018-05-23T21:56:57Z
867,Routhong,lb,"","",,Luxembourgish,,2018-05-23T21:56:58Z
72486,Nilgäns,lb,"","",,Luxembourgish,,2018-05-23T21:56:58Z
6933,Spiissint,lb,"","",,Luxembourgish,,2018-05-23T21:57:00Z
558438,Läffelint,lb,"","",,Luxembourgish,,2018-05-23T21:57:01Z
6937,Wanterint,lb,"","",,Luxembourgish,,2018-05-23T21:57:04Z
6937,Krickint,lb,"","",,Luxembourgish,,2018-05-23T21:57:06Z
558441,Päifint,lb,"","",,Luxembourgish,,2018-05-23T21:57:07Z
6930,Wëll Int,lb,"","",,Luxembourgish,,2018-05-23T21:57:08Z
6930,Stackint,lb,"","",,Luxembourgish,,2018-05-23T21:57:17Z
558429,Summerint,lb,"","",,Luxembourgish,cassi saari,2018-05-23T21:57:19Z
558429,Knäckint,lb,"","",,Luxembourgish,cassi saari,2018-05-23T21:57:19Z
558439,Schnadderint,lb,"","",,Luxembourgish,,2018-05-23T21:57:20Z
7019,Blessgäns,lb,"","",,Luxembourgish,,2018-05-23T21:57:22Z
7018,Grogäns,lb,"","",,Luxembourgish,,2018-05-23T21:57:23Z
7007,Kuerzschniewelgäns,lb,"","",,Luxembourgish,,2018-05-23T21:57:24Z
7013,Zwerggäns,lb,"","",,Luxembourgish,,2018-05-23T21:57:24Z
7009,Mouergäns,lb,"","",,Luxembourgish,carnifex,2018-05-23T21:57:25Z
516874,Taigamouergäns,lb,"","",,Luxembourgish,,2018-05-23T21:57:25Z
7008,Sträifegäns,lb,"","",,Luxembourgish,,2018-05-23T21:57:26Z
13712,Broochpiipsert,lb,"","",,Luxembourgish,,2018-05-23T21:57:27Z
13721,Roude Piipsert,lb,"","",,Luxembourgish,,2018-05-23T21:57:27Z
13729,Wisepiipsert,lb,"","",,Luxembourgish,,2018-05-23T21:57:28Z
13726,Grousse Piipsert,lb,"","",,Luxembourgish,,2018-05-23T21:57:28Z
13713,Waasserpiipsert,lb,"","",,Luxembourgish,,2018-05-23T21:57:29Z
13711,Bampiipsert,lb,"","",,Luxembourgish,,2018-05-23T21:57:29Z
6638,Leeëndecker,lb,"","",,Luxembourgish,,2018-05-23T21:57:30Z
201035,Schelladler,lb,"","",,Luxembourgish,,2018-05-23T21:57:31Z
5154,Zwergadler,lb,"","",,Luxembourgish,,2018-05-23T21:57:31Z
4954,Groreeër,lb,"","",,Luxembourgish,,2018-05-23T21:57:32Z
4951,Purpurreeër,lb,"","",,Luxembourgish,Christoph Posch,2018-05-23T21:57:33Z
4994,Rallereeër,lb,"","",,Luxembourgish,rjq,2018-05-23T21:57:34Z
3938,Steeleefer,lb,"","",,Luxembourgish,,2018-05-23T21:57:35Z
20315,Broocheil,lb,"","",,Luxembourgish,,2018-05-23T21:57:36Z
20307,Bëscheil,lb,"","",,Luxembourgish,,2018-05-23T21:57:37Z
20307,Huereil,lb,"","",,Luxembourgish,,2018-05-23T21:57:38Z
19998,Steekauz,lb,"","",,Luxembourgish,,2018-05-23T21:57:38Z
19998,Steekäizchen,lb,"","",,Luxembourgish,,2018-05-23T21:57:39Z
7045,Tafelint,lb,"","",,Luxembourgish,Chris Cheatle,2018-05-23T21:57:39Z
7046,Reeërint,lb,"","",,Luxembourgish,Sonia Landowska,2018-05-23T21:57:40Z
7047,Biergint,lb,"","",,Luxembourgish,,2018-05-23T21:57:41Z
7055,Mouerint,lb,"","",,Luxembourgish,,2018-05-23T21:57:42Z
7429,Peschtvull,lb,"","",,Luxembourgish,,2018-05-23T21:57:42Z
7429,Seideschwanz,lb,"","",,Luxembourgish,,2018-05-23T21:57:43Z
5033,Grouss Dommel,lb,"","",,Luxembourgish,,2018-05-23T21:57:45Z
5033,Mouerochs,lb,"","",,Luxembourgish,,2018-05-23T21:57:46Z
7087,Réngelgäns,lb,"","",,Luxembourgish,,2018-05-23T21:57:46Z
7089,Kanadagäns,lb,"","",,Luxembourgish,,2018-05-23T21:57:47Z
7101,Nonnegäns,lb,"","",,Luxembourgish,,2018-05-23T21:57:53Z
7102,Routhalsgäns,lb,"","",,Luxembourgish,,2018-05-23T21:57:54Z
20059,Uhu,lb,"","",,Luxembourgish,,2018-05-23T21:57:54Z
144594,Schnéieil,lb,"","",,Luxembourgish,,2018-05-23T21:57:55Z
5017,Koureeër,lb,"","",,Luxembourgish,Iván Reséndiz Cruz,2018-05-23T21:57:55Z
6990,Schellint,lb,"","",,Luxembourgish,,2018-05-23T21:57:58Z
4923,Dril,lb,"","",,Luxembourgish,,2018-05-23T21:58:00Z
204472,Bussar,lb,"","",,Luxembourgish,max kirsch,2018-05-23T21:58:00Z
5200,Nordesche Bussar,lb,"","",,Luxembourgish,,2018-05-23T21:58:02Z
5200,Gestiwwelte Bussar,lb,"","",,Luxembourgish,,2018-05-23T21:58:03Z
117059,Schnéimësch,lb,"","",,Luxembourgish,Kitty Maurey,2018-05-23T21:58:03Z
3849,Sanderleng,lb,"","",,Luxembourgish,Zinogre,2018-05-23T21:58:04Z
3857,Alpesandleefer,lb,"","",,Luxembourgish,,2018-05-23T21:58:05Z
3845,Knutt,lb,"","",,Luxembourgish,,2018-05-23T21:58:07Z
3863,Séchelsandleefer,lb,"","",,Luxembourgish,,2018-05-23T21:58:07Z
3865,Grobroschtsandleefer,lb,"","",,Luxembourgish,Victor HOYEAU,2018-05-23T21:58:08Z
3838,Zwergsandleefer,lb,"","",,Luxembourgish,,2018-05-23T21:58:09Z
339593,Kampfleefer,lb,"","",,Luxembourgish,,2018-05-23T21:58:09Z
339593,Wandmécher,lb,"","",,Luxembourgish,,2018-05-23T21:58:10Z
3837,Temmincksandleefer,lb,"","",,Luxembourgish,Kuan-Chieh (Chuck) Hung,2018-05-23T21:58:10Z
19410,Fléimouk,lb,"","",,Luxembourgish,,2018-05-23T21:58:11Z
558634,Fluesfénk,lb,"","",,Luxembourgish,,2018-05-23T21:58:12Z
9398,Dëschtelpéckchen,lb,"","",,Luxembourgish,,2018-05-23T21:58:12Z
145360,Grénge Fénk,lb,"","",,Luxembourgish,,2018-05-23T21:58:14Z
542879,Nordesche Rouden Zeisel,lb,"","",,Luxembourgish,Cole Gaerber,2018-05-23T21:58:15Z
145300,Rouden Zeisel,lb,"","",,Luxembourgish,,2018-05-23T21:58:15Z
145303,Gréngen Zeisel,lb,"","",,Luxembourgish,,2018-05-23T21:58:17Z
9639,Roude Pillo,lb,"","",,Luxembourgish,,2018-05-23T21:58:18Z
144455,Grousse wäisse Reeër,lb,"","",,Luxembourgish,Jonghwan Choi,2018-05-23T21:58:18Z
144455,Sëlwerreeër,lb,"","",,Luxembourgish,Jonghwan Choi,2018-05-23T21:58:23Z
144792,Roudelzeg Schmuewel,lb,"","",,Luxembourgish,Zinogre,2018-05-23T21:58:24Z
7462,Gaardebamleefer,lb,"","",,Luxembourgish,,2018-05-23T21:58:25Z
7450,Bëschbamleefer,lb,"","",,Luxembourgish,,2018-05-23T21:58:25Z
116858,Seidesänger,lb,"","",,Luxembourgish,,2018-05-23T21:58:26Z
4811,Klenge Wakeleefer,lb,"","",,Luxembourgish,Donald Davesne,2018-05-23T21:58:26Z
4801,Grousse Wakeleefer,lb,"","",,Luxembourgish,Donald Davesne,2018-05-23T21:58:27Z
62148,Wäissbaartséischmuewel,lb,"","",,Luxembourgish,Zinogre,2018-05-23T21:58:29Z
4514,Wäissflilleksséischmuewel,lb,"","",,Luxembourgish,,2018-05-23T21:58:30Z
4512,Schwaarz Séischmuewel,lb,"","",,Luxembourgish,,2018-05-23T21:58:30Z
4733,Wäisse Stuerk,lb,"","",,Luxembourgish,,2018-05-23T21:58:32Z
4733,Wäisse Storch,lb,"","",,Luxembourgish,,2018-05-23T21:58:33Z
4736,Schwaarze Stuerk,lb,"","",,Luxembourgish,,2018-05-23T21:58:35Z
4736,Schwaarze Storch,lb,"","",,Luxembourgish,,2018-05-23T21:58:35Z
7647,Waassermärel,lb,"","",,Luxembourgish,,2018-05-23T21:58:35Z
5242,Schlaangenadler,lb,"","",,Luxembourgish,,2018-05-23T21:58:36Z
5173,Brongen Hénkeldéif,lb,"","",,Luxembourgish,Sean Cozart,2018-05-23T21:58:37Z
559064,Wanterhénkeldéif,lb,"","",,Luxembourgish,,2018-05-23T21:58:38Z
559064,Wanterwei,lb,"","",,Luxembourgish,,2018-05-23T21:58:38Z
5178,Steppenhénkeldéif,lb,"","",,Luxembourgish,ruslan,2018-05-23T21:58:39Z
5178,Steppewei,lb,"","",,Luxembourgish,ruslan,2018-05-23T21:58:39Z
5167,Wisenhénkeldéif,lb,"","",,Luxembourgish,,2018-05-23T21:58:40Z
5167,Wisewei,lb,"","",,Luxembourgish,,2018-05-23T21:58:40Z
7170,Äisint,lb,"","",,Luxembourgish,Victor HOYEAU,2018-05-23T21:58:41Z
9801,Kiischteknäppchen,lb,"","",,Luxembourgish,,2018-05-23T21:58:42Z
8000,Steekueb,lb,"","",,Luxembourgish,,2018-05-23T21:58:42Z
122767,Hausdauf,lb,"","",,Luxembourgish,,2018-05-23T21:58:43Z
3033,Kleng Bëschdauf,lb,"","",,Luxembourgish,,2018-05-23T21:58:45Z
3033,Hueldauf,lb,"","",,Luxembourgish,,2018-05-23T21:58:46Z
3048,Grouss Bëschdauf,lb,"","",,Luxembourgish,,2018-05-23T21:58:46Z
2266,Bloe Rackert,lb,"","",,Luxembourgish,,2018-05-23T21:58:47Z
8010,Ramm,lb,"","",,Luxembourgish,,2018-05-23T21:58:49Z
144757,Groe Kueb,lb,"","",,Luxembourgish,,2018-05-23T21:58:51Z
204496,Bëschkueb,lb,"","",,Luxembourgish,,2018-05-23T21:58:52Z
8029,Hierschtkueb,lb,"","",,Luxembourgish,,2018-05-23T21:58:53Z
804,Wuechtel,lb,"","",,Luxembourgish,,2018-05-23T21:58:54Z
443,Wuechtelkinnek,lb,"","",,Luxembourgish,Chris Cheatle,2018-05-23T21:58:55Z
1907,Guckuck,lb,"","",,Luxembourgish,,2018-05-23T21:58:55Z
6914,Schwaarze Schwan,lb,"","",,Luxembourgish,,2018-05-23T21:58:57Z
6914,Schwaarze Schwunn,lb,"","",,Luxembourgish,,2018-05-23T21:58:58Z
196538,Zwergschwan,lb,"","",,Luxembourgish,,2018-05-23T21:58:58Z
196538,Zwergschwunn,lb,"","",,Luxembourgish,,2018-05-23T21:58:58Z
6916,Wëlle Schwan,lb,"","",,Luxembourgish,,2018-05-23T21:58:59Z
6916,Wëlle Schwunn,lb,"","",,Luxembourgish,,2018-05-23T21:59:00Z
6921,Schwan,lb,"","",,Luxembourgish,lwnrngr,2018-05-23T21:59:00Z
6921,Schwunn,lb,"","",,Luxembourgish,lwnrngr,2018-05-23T21:59:02Z
64705,Hausschmuewel,lb,"","",,Luxembourgish,Sam Gordon,2018-05-23T21:59:03Z
64705,Fënsterschmuewel,lb,"","",,Luxembourgish,Sam Gordon,2018-05-23T21:59:04Z
17871,Bontspiecht,lb,"","",,Luxembourgish,,2018-05-23T21:59:04Z
17835,Schwaarze Spiecht,lb,"","",,Luxembourgish,,2018-05-23T21:59:07Z
4943,Klenge wäisse Reeër,lb,"","",,Luxembourgish,,2018-05-23T21:59:07Z
4943,Seidereeër,lb,"","",,Luxembourgish,,2018-05-23T21:59:08Z
145291,Gro Mësch,lb,"","",,Luxembourgish,,2018-05-23T21:59:09Z
9193,Zippmësch,lb,"","",,Luxembourgish,,2018-05-23T21:59:10Z
9192,Zonkmësch,lb,"","",,Luxembourgish,,2018-05-23T21:59:10Z
9195,Gielemännchen,lb,"","",,Luxembourgish,,2018-05-23T21:59:11Z
9195,Giel Mësch,lb,"","",,Luxembourgish,,2018-05-23T21:59:12Z
9196,Ortolan,lb,"","",,Luxembourgish,,2018-05-23T21:59:12Z
9201,Weidemësch,lb,"","",,Luxembourgish,,2018-05-23T21:59:13Z
7294,Ouereléierchen,lb,"","",,Luxembourgish,,2018-05-23T21:59:13Z
13094,Routbrëschtchen,lb,"","",,Luxembourgish,Victor HOYEAU,2018-05-23T21:59:15Z
4691,Sakerfallek,lb,"","",,Luxembourgish,,2018-05-23T21:59:16Z
4672,Merlin  ,lb,"","",,Luxembourgish,,2018-05-23T21:59:17Z
513599,Wüstefallek,lb,"","",,Luxembourgish,,2018-05-23T21:59:18Z
4647,Wanderfallek,lb,"","",,Luxembourgish,,2018-05-23T21:59:19Z
4647,Spuervull,lb,"","",,Luxembourgish,,2018-05-23T21:59:21Z
4657,Gerfallek,lb,"","",,Luxembourgish,,2018-05-23T21:59:22Z
4643,Bamfallek,lb,"","",,Luxembourgish,,2018-05-23T21:59:23Z
472766,Kréchel,lb,"","",,Luxembourgish,Hawk T.,2018-05-23T21:59:23Z
472766,Tuermfallek,lb,"","",,Luxembourgish,Hawk T.,2018-05-23T21:59:25Z
4641,Routpattfallek,lb,"","",,Luxembourgish,,2018-05-23T21:59:25Z
13133,Kollisméckefänkert,lb,"","",,Luxembourgish,,2018-05-23T21:59:26Z
204512,Schwaarze Méckefänkert,lb,"","",,Luxembourgish,,2018-05-23T21:59:26Z
13113,Klenge Méckefänkert,lb,"","",,Luxembourgish,,2018-05-23T21:59:27Z
10069,Éisleker Poufank,lb,"","",,Luxembourgish,harum.koh,2018-05-23T21:59:28Z
10069,Nordesche Poufank,lb,"","",,Luxembourgish,harum.koh,2018-05-23T21:59:28Z
482,Blesshong,lb,"","",,Luxembourgish,,2018-05-23T21:59:29Z
578607,Hauweléierchen,lb,"","",,Luxembourgish,,2018-05-23T21:59:30Z
318836,Bekassinn,lb,"","",,Luxembourgish,Zinogre,2018-05-23T21:59:31Z
3919,Duebel Bekassinn,lb,"","",,Luxembourgish,,2018-05-23T21:59:32Z
201282,Waasserhéngchen,lb,"","",,Luxembourgish,rjq,2018-05-23T21:59:32Z
8088,Markollef,lb,"","",,Luxembourgish,,2018-05-23T21:59:33Z
4623,Arkteschen Daucher,lb,"","",,Luxembourgish,,2018-05-23T21:59:34Z
4626,Äisdaucher,lb,"","",,Luxembourgish,Victor HOYEAU,2018-05-23T21:59:35Z
4627,Stärendaucher,lb,"","",,Luxembourgish,,2018-05-23T21:59:36Z
144536,Laachséischmuewel,lb,"","",,Luxembourgish,,2018-05-23T21:59:37Z
41,Krukert,lb,"","",,Luxembourgish,,2018-05-23T21:59:38Z
41,Huergäns,lb,"","",,Luxembourgish,,2018-05-23T21:59:38Z
5379,Baartgeier,lb,"","",,Luxembourgish,Chris Cheatle,2018-05-23T21:59:39Z
5363,Afrikanesche Gänsegeier,lb,"","",,Luxembourgish,,2018-05-23T21:59:39Z
5366,Gänsegeier,lb,"","",,Luxembourgish,,2018-05-23T21:59:40Z
4843,Mierkréi,lb,"","",,Luxembourgish,,2018-05-23T21:59:40Z
5309,Séiadler,lb,"","",,Luxembourgish,,2018-05-23T21:59:41Z
5154,Heckesproochmates,lb,"","",,Luxembourgish,,2018-05-23T21:59:42Z
116918,Giele Sproochmates,lb,"","",,Luxembourgish,,2018-05-23T21:59:42Z
116923,Orpheussproochmates,lb,"","",,Luxembourgish,,2018-05-23T21:59:43Z
11901,Stallschmuewel,lb,"","",,Luxembourgish,,2018-05-23T21:59:44Z
11901,Schaarschtechschmuewel,lb,"","",,Luxembourgish,,2018-05-23T21:59:48Z
144512,Zwergméiw,lb,"","",,Luxembourgish,,2018-05-23T21:59:49Z
144537,Kaspesch Séischmuewel,lb,"","",,Luxembourgish,渔喵,2018-05-23T21:59:50Z
204527,Kleng Dommel,lb,"","",,Luxembourgish,,2018-05-23T21:59:53Z
18448,Dréihälschen,lb,"","",,Luxembourgish,,2018-05-23T21:59:54Z
12038,Klengen Neimäerder,lb,"","",,Luxembourgish,Christoph Posch,2018-05-23T21:59:54Z
559070,Grousse groen Neimäerder,lb,"","",,Luxembourgish,Christoph Posch,2018-05-23T21:59:55Z
12054,Klenge groen Neimäerder,lb,"","",,Luxembourgish,,2018-05-23T21:59:55Z
12039,Rouden Neimäerder,lb,"","",,Luxembourgish,,2018-05-23T21:59:56Z
204533,Sëlwerméiw,lb,"","",,Luxembourgish,,2018-05-23T21:59:57Z
4389,Steppeméiw,lb,"","",,Luxembourgish,,2018-05-23T21:59:59Z
4356,Stuermméiw,lb,"","",,Luxembourgish,severinus,2018-05-23T22:00:00Z
4381,Kleng Mantelméiw,lb,"","",,Luxembourgish,,2018-05-23T22:00:01Z
4368,Mantelméiw,lb,"","",,Luxembourgish,,2018-05-23T22:00:02Z
144517,Schwaarzkappméiw,lb,"","",,Luxembourgish,,2018-05-23T22:00:03Z
59202,Mëttelmierméiw,lb,"","",,Luxembourgish,,2018-05-23T22:00:04Z
144510,Laachméiw,lb,"","",,Luxembourgish,ruslan,2018-05-23T22:00:05Z
3951,Pullschnepp,lb,"","",,Luxembourgish,,2018-05-23T22:00:07Z
3947,Wiseschnepp,lb,"","",,Luxembourgish,Chris Cheatle,2018-05-23T22:00:08Z
116938,Flossschwirrel,lb,"","",,Luxembourgish,rjq,2018-05-23T22:00:09Z
116940,Lëtscheschwirrel,lb,"","",,Luxembourgish,,2018-05-23T22:00:10Z
116941,Schwirrel,lb,"","",,Luxembourgish,Sean Cozart,2018-05-23T22:00:10Z
10411,Kräizschniewel,lb,"","",,Luxembourgish,lwnrngr,2018-05-23T22:00:11Z
7363,Bëschléierchen,lb,"","",,Luxembourgish,,2018-05-23T22:00:13Z
7363,Muedeléinchen,lb,"","",,Luxembourgish,,2018-05-23T22:00:14Z
13079,Nuechtegailchen,lb,"","",,Luxembourgish,,2018-05-23T22:00:14Z
13071,Blobrëschtchen,lb,"","",,Luxembourgish,Zinogre,2018-05-23T22:00:15Z
3911,Zwergschnepp,lb,"","",,Luxembourgish,,2018-05-23T22:00:16Z
3911,Daf Bekassinn,lb,"","",,Luxembourgish,,2018-05-23T22:00:17Z
144221,Schwaarz Mierint,lb,"","",,Luxembourgish,,2018-05-23T22:00:18Z
7367,Kalanderléierchen,lb,"","",,Luxembourgish,,2018-05-23T22:00:18Z
7192,Klenge Seeër,lb,"","",,Luxembourgish,,2018-05-23T22:00:19Z
7109,Kapeseeër,lb,"","",,Luxembourgish,,2018-05-23T22:00:20Z
7004,Grousse Seeër,lb,"","",,Luxembourgish,Victor HOYEAU,2018-05-23T22:00:22Z
6996,Mëttelseeër,lb,"","",,Luxembourgish,,2018-05-23T22:00:25Z
2191,Beiefrësser,lb,"","",,Luxembourgish,,2018-05-23T22:00:27Z
5268,Schwaarze Schéierschwanz,lb,"","",,Luxembourgish,,2018-05-23T22:00:28Z
5268,Schwaarze Milan,lb,"","",,Luxembourgish,,2018-05-23T22:00:29Z
5267,Roude Schéierschwanz,lb,"","",,Luxembourgish,Jakob Fahr,2018-05-23T22:00:30Z
5267,Roude Milan,lb,"","",,Luxembourgish,Jakob Fahr,2018-05-23T22:00:31Z
13140,Rout Steemärel,lb,"","",,Luxembourgish,,2018-05-23T22:00:31Z
204544,Schnéifénk,lb,"","",,Luxembourgish,,2018-05-23T22:00:32Z
13695,Panewippchen,lb,"","",,Luxembourgish,,2018-05-23T22:00:32Z
13688,Wanterpanewippchen,lb,"","",,Luxembourgish,,2018-05-23T22:00:34Z
143439,Balkanpanewippchen,lb,"","",,Luxembourgish,Victor HOYEAU,2018-05-23T22:00:35Z
204545,Wisepanewippchen,lb,"","",,Luxembourgish,,2018-05-23T22:00:35Z
425963,Englesche Panewippchen,lb,"","",,Luxembourgish,Bruno Durand,2018-05-23T22:00:36Z
325298,Nordesche Panewippchen,lb,"","",,Luxembourgish,Victor HOYEAU,2018-05-23T22:00:36Z
366951,Schwaarze Panewippchen,lb,"","",,Luxembourgish,max kirsch,2018-05-23T22:00:37Z
12971,Groe Méckefänkert,lb,"","",,Luxembourgish,Bruno Durand,2018-05-23T22:00:37Z
5361,Schmotzgeier,lb,"","",,Luxembourgish,,2018-05-23T22:00:38Z
7122,Krounenint,lb,"","",,Luxembourgish,,2018-05-23T22:00:39Z
204552,Nëssknacker,lb,"","",,Luxembourgish,,2018-05-23T22:00:39Z
3896,Grousse Broochvull,lb,"","",,Luxembourgish,,2018-05-23T22:00:40Z
3896,Schneppekinnek,lb,"","",,Luxembourgish,,2018-05-23T22:00:41Z
3901,Klenge Broochvull,lb,"","",,Luxembourgish,,2018-05-23T22:00:41Z
4981,Nuetsreeër,lb,"","",,Luxembourgish,Sean Cozart,2018-05-23T22:00:42Z
12822,Broochschësser,lb,"","",,Luxembourgish,cassi saari,2018-05-23T22:00:46Z
204556,Piroul,lb,"","",,Luxembourgish,Christoph Posch,2018-05-23T22:00:47Z
204556,Goldmärel,lb,"","",,Luxembourgish,,2018-05-23T22:00:48Z
77,Grouss Trapp,lb,"","",,Luxembourgish,,2018-05-23T22:00:48Z
20244,Zwerghuereil,lb,"","",,Luxembourgish,Cole Gaerber,2018-05-23T22:00:48Z
116999,Fëschadler,lb,"","",,Luxembourgish,Nan Yang,2018-05-23T22:00:49Z
117000,Baartmees,lb,"","",,Luxembourgish,Kitty Maurey,2018-05-23T22:00:53Z
144823,Dännemees,lb,"","",,Luxembourgish,Chris Cheatle,2018-05-23T22:00:53Z
144830,Hauwemees,lb,"","",,Luxembourgish,,2018-05-23T22:00:54Z
144812,Weidemees,lb,"","",,Luxembourgish,,2018-05-23T22:00:55Z
144809,Gro Mees,lb,"","",,Luxembourgish,,2018-05-23T22:00:57Z
13851,Feldspatz,lb,"","",,Luxembourgish,Zinogre,2018-05-23T22:00:58Z
4335,Afrikanesche Pelikan,lb,"","",,Luxembourgish,,2018-05-23T22:01:00Z
831,Feldhong,lb,"","",,Luxembourgish,Chris Cheatle,2018-05-23T22:01:01Z
5325,Harespelsfrësser,lb,"","",,Luxembourgish,,2018-05-23T22:01:01Z
4270,Kormoran,lb,"","",,Luxembourgish,Zachary Dankowicz,2018-05-23T22:01:02Z
73203,Thorshéngchen,lb,"","",,Luxembourgish,,2018-05-23T22:01:03Z
3959,Odinshéngchen,lb,"","",,Luxembourgish,,2018-05-23T22:01:04Z
981,Fasan,lb,"","",,Luxembourgish,Zinogre,2018-05-23T22:01:05Z
117007,Bonelli Bliedervillchen,lb,"","",,Luxembourgish,,2018-05-23T22:01:07Z
117016,Zillzapp,lb,"","",,Luxembourgish,,2018-05-23T22:01:07Z
117022,Donkele Bliedervillchen,lb,"","",,Luxembourgish,,2018-05-23T22:01:08Z
117028,Sibiresche Bliedervillchen,lb,"","",,Luxembourgish,,2018-05-23T22:01:08Z
117041,Pallasbliedervillchen,lb,"","",,Luxembourgish,,2018-05-23T22:01:09Z
117048,Bliedervillchen,lb,"","",,Luxembourgish,,2018-05-23T22:01:09Z
117055,Fittis,lb,"","",,Luxembourgish,,2018-05-23T22:01:10Z
18301,Groe Spiecht,lb,"","",,Luxembourgish,,2018-05-23T22:01:10Z
3731,Läffeler,lb,"","",,Luxembourgish,,2018-05-23T22:01:11Z
3756,Brongen Ibis,lb,"","",,Luxembourgish,,2018-05-23T22:01:11Z
4889,Goldwakeleefer,lb,"","",,Luxembourgish,,2018-05-23T22:01:12Z
4892,Sëlwerwakeleefer,lb,"","",,Luxembourgish,,2018-05-23T22:01:13Z
4209,Ouerendaucher,lb,"","",,Luxembourgish,,2018-05-23T22:01:14Z
4208,Hauwendaucher,lb,"","",,Luxembourgish,,2018-05-23T22:01:15Z
4224,Routhalsdaucher,lb,"","",,Luxembourgish,Victor HOYEAU,2018-05-23T22:01:16Z
4205,Schwaarzhalsdaucher,lb,"","",,Luxembourgish,,2018-05-23T22:01:17Z
508919,Kleng Rall,lb,"","",,Luxembourgish,Chris Cheatle,2018-05-23T22:01:18Z
178,Getëppelt Rall,lb,"","",,Luxembourgish,,2018-05-23T22:01:19Z
178,Parzeläinshéngchen,lb,"","",,Luxembourgish,,2018-05-23T22:01:19Z
508920,Zwergrall,lb,"","",,Luxembourgish,,2018-05-23T22:01:20Z
13996,Alpenheckeschlëffer,lb,"","",,Luxembourgish,,2018-05-23T22:01:21Z
13996,Alpenheckestéisser,lb,"","",,Luxembourgish,,2018-05-23T22:01:21Z
13988,Heckeschlëffer,lb,"","",,Luxembourgish,,2018-05-23T22:01:22Z
13988,Heckestéisser,lb,"","",,Luxembourgish,,2018-05-23T22:01:23Z
13983,Biergheckeschlëffer,lb,"","",,Luxembourgish,,2018-05-23T22:01:24Z
13983,Biergheckestéisser,lb,"","",,Luxembourgish,,2018-05-23T22:01:24Z
9462,Pillo,lb,"","",,Luxembourgish,carnifex,2018-05-23T22:01:25Z
513926,Waasserrall,lb,"","",,Luxembourgish,,2018-05-23T22:01:25Z
4883,Säwelschniewel,lb,"","",,Luxembourgish,Cheng Te Hsu,2018-05-23T22:01:26Z
117097,Feierkäppchen,lb,"","",,Luxembourgish,,2018-05-23T22:01:26Z
13676,Beidelmees,lb,"","",,Luxembourgish,,2018-05-23T22:01:28Z
11941,Grondschmuewel,lb,"","",,Luxembourgish,,2018-05-23T22:01:29Z
11941,Sandschmuewel,lb,"","",,Luxembourgish,,2018-05-23T22:01:30Z
4494,Dräizéiweméiw,lb,"","",,Luxembourgish,,2018-05-23T22:01:31Z
12908,Brongbrëschtchen,lb,"","",,Luxembourgish,,2018-05-23T22:01:32Z
201192,Schwaarzbrëschtchen,lb,"","",,Luxembourgish,Christoph Posch,2018-05-23T22:01:32Z
201192,Jodeck,lb,"","",,Luxembourgish,Christoph Posch,2018-05-23T22:01:33Z
3931,Bëschschnepp,lb,"","",,Luxembourgish,,2018-05-23T22:01:33Z
9236,Girrelitz,lb,"","",,Luxembourgish,,2018-05-23T22:01:34Z
14824,Kuesleefer,lb,"","",,Luxembourgish,,2018-05-23T22:01:34Z
7024,Eiderint,lb,"","",,Luxembourgish,,2018-05-23T22:01:35Z
4481,Kleng Skua,lb,"","",,Luxembourgish,,2018-05-23T22:01:36Z
4491,Sibiresch Skua,lb,"","",,Luxembourgish,,2018-05-23T22:01:36Z
144297,Skua,lb,"","",,Luxembourgish,,2018-05-23T22:01:37Z
4450,Flossséischmuewel,lb,"","",,Luxembourgish,,2018-05-23T22:01:37Z
144541,Mierséischmuewel,lb,"","",,Luxembourgish,,2018-05-23T22:01:38Z
144529,Zwergséischmuewel,lb,"","",,Luxembourgish,,2018-05-23T22:01:39Z
2969,Tierkendauf,lb,"","",,Luxembourgish,Carlos Galindo-Leal,2018-05-23T22:01:39Z
2938,Duerteldauf,lb,"","",,Luxembourgish,Steven Kurniawidjaja,2018-05-23T22:01:42Z
19898,Bëschkauz,lb,"","",,Luxembourgish,,2018-05-23T22:01:42Z
14850,Spréiw,lb,"","",,Luxembourgish,d_kluza,2018-05-23T22:01:43Z
3802,Mierdëlpes,lb,"","",,Luxembourgish,,2018-05-23T22:01:51Z
20372,Gesträiften Eil,lb,"","",,Luxembourgish,,2018-05-23T22:01:52Z
15282,Schwaarz Graatsch,lb,"","",,Luxembourgish,,2018-05-23T22:01:53Z
15302,Gaardegraatsch,lb,"","",,Luxembourgish,lwnrngr,2018-05-23T22:01:54Z
4237,Däichelchen,lb,"","",,Luxembourgish,,2018-05-23T22:01:57Z
7068,Raschtgäns,lb,"","",,Luxembourgish,,2018-05-23T22:01:58Z
7067,Brandgäns,lb,"","",,Luxembourgish,Kuan-Chieh (Chuck) Hung,2018-05-23T22:01:58Z
558443,Bëschhong,lb,"","",,Luxembourgish,,2018-05-23T22:02:02Z
132,Kleng Trapp,lb,"","",,Luxembourgish,,2018-05-23T22:02:02Z
14840,Mauerleefer,lb,"","",,Luxembourgish,,2018-05-23T22:02:02Z
3882,Donkele Waasserleefer,lb,"","",,Luxembourgish,,2018-05-23T22:02:03Z
3888,Mouerwaasserleefer,lb,"","",,Luxembourgish,,2018-05-23T22:02:03Z
3878,Gréngpatt,lb,"","",,Luxembourgish,,2018-05-23T22:02:05Z
3885,Bëschwaasserleefer,lb,"","",,Luxembourgish,,2018-05-23T22:02:05Z
3881,Kleng Gréngpatt,lb,"","",,Luxembourgish,,2018-05-23T22:02:06Z
3879,Routpatt,lb,"","",,Luxembourgish,Chris Cheatle,2018-05-23T22:02:06Z
145363,Maiskinnek,lb,"","",,Luxembourgish,,2018-05-23T22:02:07Z
145363,Zonkebutz,lb,"","",,Luxembourgish,,2018-05-23T22:02:08Z
12749,Routdréischel,lb,"","",,Luxembourgish,,2018-05-23T22:02:08Z
12748,Dréischel,lb,"","",,Luxembourgish,,2018-05-23T22:02:10Z
12707,Jackert,lb,"","",,Luxembourgish,Chris Cheatle,2018-05-23T22:02:12Z
12740,Réngmärel,lb,"","",,Luxembourgish,,2018-05-23T22:02:13Z
12735,Läischter,lb,"","",,Luxembourgish,Bruno Durand,2018-05-23T22:02:13Z
12735,Mëspeldréischel,lb,"","",,Luxembourgish,Bruno Durand,2018-05-23T22:02:14Z
20445,Tuermeil,lb,"","",,Luxembourgish,,2018-05-23T22:02:14Z
20445,Schleiereil,lb,"","",,Luxembourgish,,2018-05-23T22:02:16Z
20969,Mitock,lb,"","",,Luxembourgish,Ramóna Molnár,2018-05-23T22:02:16Z
4858,Steppepiwitsch,lb,"","",,Luxembourgish,,2018-05-23T22:02:17Z
4857,Piwitsch,lb,"","",,Luxembourgish,Chris Cheatle,2018-05-23T22:02:18Z
4571,Schmuewelsméiw,lb,"","",,Luxembourgish,,2018-05-23T22:02:19Z
53350,Wëll Käschtebeem,lb,"","",,Luxembourgish,John E. Christensen,2018-07-06T13:59:26Z
45933,Kaweechelcher,lb,"","",,Luxembourgish,John E. Christensen,2018-07-12T15:28:34Z
49315,Gewéinlechen Tëntefësch,lb,"","",,Luxembourgish,Bobby McCabe,2018-09-26T16:05:17Z
47459,Kephalopoden,lb,"","",,Luxembourgish,Bobby McCabe,2018-10-09T05:36:06Z
41964,Léiw,lb,"","",,Luxembourgish,Bobby McCabe,2018-10-22T04:08:37Z
41970,Jaguar,lb,"","",,Luxembourgish,Bobby McCabe,2018-10-22T04:32:03Z
41963,Leopard,lb,"","",,Luxembourgish,Bobby McCabe,2018-10-22T04:57:31Z
41967,Tiger,lb,"","",,Luxembourgish,Bobby McCabe,2018-10-22T05:14:22Z
74831,Schnéileopard,lb,"","",,Luxembourgish,Bobby McCabe,2018-10-22T05:34:49Z
41955,Gepard,lb,"","",,Luxembourgish,Bobby McCabe,2018-10-22T13:12:01Z
42007,Puma,lb,"","",,Luxembourgish,Bobby McCabe,2018-10-22T13:39:11Z
41641,Bronge Bier,lb,"","",,Luxembourgish,Bobby McCabe,2018-10-22T22:45:31Z
41659,Panda,lb,"","",,Luxembourgish,Bobby McCabe,2018-10-23T00:42:25Z
41644,Äisbier,lb,"","",,Luxembourgish,Bobby McCabe,2018-10-23T21:43:38Z
41644,Polarbier,lb,"","",,Luxembourgish,Bobby McCabe,2018-10-23T21:44:00Z
41638,Amerikanesche Schwaarze Bier,lb,"","",,Luxembourgish,Bobby McCabe,2018-10-24T13:21:21Z
41638,Baribal,lb,"","",,Luxembourgish,Bobby McCabe,2018-10-24T13:21:37Z
43697,Asiateschen Elefant,lb,"","",,Luxembourgish,Bobby McCabe,2018-10-26T20:59:16Z
54327,Runn,lb,"","",,Luxembourgish,John E. Christensen,2018-10-30T10:00:29Z
43692,Elefanten,lb,"","",,Luxembourgish,Bobby McCabe,2018-11-01T19:16:48Z
792977,Klenge Spiecht,lb,"","",,Luxembourgish,,2018-11-05T15:58:28Z
792985,Mëttelspiecht,lb,"","",,Luxembourgish,Chris Cheatle,2018-11-05T16:01:19Z
793469,Dommendéck,lb,"","",,Luxembourgish,,2018-11-06T02:58:48Z
43694,Afrikaneschen Elefant,lb,"","",,Luxembourgish,Bobby McCabe,2018-11-10T23:30:47Z
357910,Afrikanesche Bëscher Elefant,lb,"","",,Luxembourgish,Bobby McCabe,2018-11-22T17:40:55Z
848319,Beidelmamendéieren,lb,"","",,Luxembourgish,Bobby McCabe,2019-01-18T21:34:48Z
81769,Kakerlaken,lb,"","",,Luxembourgish,John E. Christensen,2019-02-18T07:24:25Z
47126,Planzen,lb,"","",,Luxembourgish,Patrick Delhalt,2019-04-08T09:19:23Z
74113,Rand,lb,"","",,Luxembourgish,Bobby McCabe,2019-05-07T14:39:02Z
74113,Rëndvéi,lb,"","",,Luxembourgish,Bobby McCabe,2019-05-07T14:39:29Z
173672,Schielmecken,lb,"","",,Luxembourgish,Patrick Delhalt,2019-07-02T12:13:08Z
84298,Käschtebam,lb,"","",,Luxembourgish,Patrick Delhalt,2019-07-04T06:44:40Z
26904,Schléngnatter,lb,"","",,Luxembourgish,Paul Braun,2019-07-25T06:15:07Z
81925,Waasserbüffel,lb,"","",,Luxembourgish,John E. Christensen,2019-08-15T13:51:43Z
855297,Dachs,lb,"","",,Luxembourgish,Bobby McCabe,2019-08-19T21:21:36Z
933404,Karblumm,lb,"","",https://www.inaturalist.org/taxon_names/1357341/edit,Luxembourgish,,2019-11-30T18:03:35Z
505478,Haushong,lb,"","",,Luxembourgish,John E. Christensen,2019-12-11T15:31:12Z
3,Vullen,lb,"","",,Luxembourgish,Paul Braun,2020-07-10T13:44:48Z
41766,Walross,lb,"","",,Luxembourgish,Bobby McCabe,2020-08-22T19:01:30Z
47157,Pimpampel,lb,"Saarland, DE","",,Luxembourgish,rober025,2020-10-31T16:01:10Z
144243,Grénge Spiecht,lb,"","",,Luxembourgish,Paul Braun,2020-12-03T07:34:18Z
850784,Béimescht Knuetkraut,lb,Luxembourg,LU,,Luxembourgish,Paul Braun,2021-02-10T10:05:11Z
77129,Heede-Knuetkraut,lb,Luxembourg,LU,,Luxembourgish,Paul Braun,2021-02-10T10:05:46Z
204320,Hecke-Knuetkraut,lb,Luxembourg,LU,,Luxembourgish,Paul Braun,2021-02-10T10:07:59Z
914922,Japanescht Knuetkraut,lb,Luxembourg,LU,,Luxembourgish,Paul Braun,2021-02-10T10:08:46Z
593040,Sachalin-Knuetkraut,lb,Luxembourg,LU,,Luxembourgish,Paul Braun,2021-02-10T10:10:42Z
52775,Bommel,lb,Luxembourg,LU,,Luxembourgish,Paul Braun,2021-02-18T08:03:09Z
54468,Klenge Fuuss,lb,Luxembourg,LU,,Luxembourgish,Paul Braun,2021-02-18T08:05:05Z
207977,Fauena,lb,Luxembourg,LU,,Luxembourgish,Paul Braun,2021-02-18T08:06:42Z
47219,Hunnegbei,lb,Luxembourg,LU,,Luxembourgish,Paul Braun,2021-02-18T08:07:24Z
48199,Meekiewerlek,lb,Luxembourg,LU,,Luxembourgish,Paul Braun,2021-02-18T08:08:20Z
104526,Hieselter,lb,Luxembourg,LU,,Luxembourgish,Paul Braun,2021-02-18T08:09:12Z
950603,Bëschanemon,lb,Luxembourg,LU,,Luxembourgish,Paul Braun,2021-02-18T08:11:38Z
48206,Meeréischchen,lb,Luxembourg,LU,,Luxembourgish,Paul Braun,2021-02-18T08:12:45Z
40268,Flëntermaus,lb,"","",,Luxembourgish,Paul Braun,2021-02-18T08:13:29Z
51606,Schnéigläckelchen,lb,Luxembourg,LU,,Luxembourgish,Paul Braun,2021-02-18T08:14:43Z
55819,Guckucksblumm,lb,Luxembourg,LU,,Luxembourgish,Paul Braun,2021-02-18T08:15:53Z
47602,Pissblumm,lb,Luxembourg,LU,,Luxembourgish,Paul Braun,2021-02-18T08:16:36Z
56222,Iselsfouss,lb,Luxembourg,LU,,Luxembourgish,Paul Braun,2021-02-18T08:17:23Z
56224,Äerblumm,lb,Luxembourg,LU,,Luxembourgish,Paul Braun,2021-02-18T08:18:09Z
56224,Fräscheblumm,lb,Luxembourg,LU,,Luxembourgish,Paul Braun,2021-02-18T08:18:38Z
950603,Abrëllsblumm,lb,Luxembourg,LU,,Luxembourgish,Paul Braun,2021-04-01T07:03:04Z
48548,Dëschtelfalter,lb,Luxembourg,LU,,Luxembourgish,Paul Braun,2021-04-12T10:04:46Z
62766,Klengen Nacker-Päiperlék,lb,"","",,Luxembourgish,Paul Braun,2021-04-12T10:05:36Z
55801,Hobich,lb,"","",,Luxembourgish,Patrick Delhalt,2021-05-08T17:39:10Z
125655,Bësch Päerdskrécher,lb,"","",,Luxembourgish,Patrick Delhalt,2021-05-08T17:41:32Z
54491,Hieselter,lb,"","",,Luxembourgish,Patrick Delhalt,2021-05-08T17:42:19Z
48484,Asiatescht Himmelsdéierchen,lb,Luxembourg,LU,,Luxembourgish,inatlux,2021-05-12T06:06:03Z
47208,Kiewerleken,lb,Luxembourg,LU,,Luxembourgish,Paul Braun,2021-05-21T06:16:03Z
67688,Heesprénger,lb,Luxembourg,LU,,Luxembourgish,Paul Braun,2021-05-21T06:19:38Z
48486,Himmelsdéiercher,lb,Luxembourg,LU,,Luxembourgish,Paul Braun,2021-05-21T06:20:45Z
47157,Päiperleken,lb,Luxembourg,LU,,Luxembourgish,Paul Braun,2021-05-21T06:23:53Z
125816,Zikaden,lb,Luxembourg,LU,,Luxembourgish,Paul Braun,2021-05-21T06:25:02Z
59653,Waasserschneider,lb,Luxembourg,LU,,Luxembourgish,Paul Braun,2021-05-21T06:26:37Z
59653,Gäiz,lb,Luxembourg,LU,,Luxembourgish,Paul Braun,2021-05-21T06:27:03Z
1,Déiereräich,lb,Luxembourg,LU,,Luxembourgish,Paul Braun,2021-06-01T19:52:49Z
47126,Planzeräich,lb,Luxembourg,LU,,Luxembourgish,Paul Braun,2021-06-01T19:55:52Z
47126,Gefässplanzen,lb,Luxembourg,LU,,Luxembourgish,Paul Braun,2021-06-01T20:03:59Z
47125,Bléieplanzen,lb,Luxembourg,LU,,Luxembourgish,Paul Braun,2021-06-01T20:05:12Z
121943,Faren,lb,Luxembourg,LU,,Luxembourgish,Paul Braun,2021-06-01T20:10:08Z
64615,Liewermoos,lb,Luxembourg,LU,,Luxembourgish,Paul Braun,2021-06-01T20:22:03Z
52319,Plattwierm,lb,"Luxembourg, LU","",,Luxembourgish,Paul Braun,2021-06-01T20:22:34Z
51508,Rëppequallen,lb,Luxembourg,LU,,Luxembourgish,Paul Braun,2021-06-01T20:22:59Z
48824,Schwämm,lb,Luxembourg,LU,,Luxembourgish,Paul Braun,2021-06-01T20:23:22Z
47549,Stachelhaiter,lb,Luxembourg,LU,,Luxembourgish,Paul Braun,2021-06-01T20:23:43Z
47534,Nesseldéieren,lb,Luxembourg,LU,,Luxembourgish,Paul Braun,2021-06-01T20:24:11Z
47120,Arthropoden,lb,Luxembourg,LU,,Luxembourgish,Paul Braun,2021-06-01T20:25:01Z
47115,Weechdéieren,lb,Luxembourg,LU,,Luxembourgish,Paul Braun,2021-06-01T20:25:18Z
47158,Insekten,lb,Luxembourg,LU,,Luxembourgish,Paul Braun,2021-06-01T20:46:15Z
20978,Lurchen,lb,Luxembourg,LU,,Luxembourgish,Paul Braun,2021-06-01T20:47:47Z
40151,Mamendéieren,lb,Luxembourg,LU,,Luxembourgish,Paul Braun,2021-06-01T20:48:39Z
47584,Muschelen,lb,Luxembourg,LU,,Luxembourgish,Paul Braun,2021-06-01T20:49:07Z
47119,Spannendéieren,lb,"Luxembourg, BE","",,Luxembourgish,Paul Braun,2021-06-01T20:52:12Z
71385,Schléifer,lb,Luxembourg,LU,,Luxembourgish,Paul Braun,2021-06-04T13:08:57Z
43698,Knabberdéieren,lb,Luxembourg,LU,,Luxembourgish,Paul Braun,2021-06-04T13:12:07Z
151817,Archaeën,lb,Luxembourg,LU,,Luxembourgish,Paul Braun,2021-06-04T13:12:27Z
67333,Bakterien,lb,Luxembourg,LU,,Luxembourgish,Paul Braun,2021-06-04T13:12:50Z
53858,Gromper,lb,Luxembourg,LU,,Luxembourgish,Paul Braun,2021-06-04T13:13:56Z
44184,Laotesch Fielsrat,lb,Luxembourg,LU,,Luxembourgish,Paul Braun,2021-06-04T13:14:23Z
48139,Sprangspannen,lb,Luxembourg,LU,,Luxembourgish,Paul Braun,2021-06-04T13:15:11Z
41636,Bieren,lb,Luxembourg,LU,,Luxembourgish,Paul Braun,2021-06-04T13:15:32Z
47851,Eechen,lb,Luxembourg,LU,,Luxembourgish,Paul Braun,2021-06-04T13:15:55Z
47561,Kiferen,lb,Luxembourg,LU,,Luxembourgish,Paul Braun,2021-06-04T13:16:12Z
79021,Kar,lb,Luxembourg,LU,,Luxembourgish,Paul Braun,2021-06-04T13:17:27Z
58390,Weess,lb,Luxembourg,LU,,Luxembourgish,Paul Braun,2021-06-04T13:17:55Z
26172,Schuppereptiller,lb,Luxembourg,LU,,Luxembourgish,Paul Braun,2021-06-04T13:18:28Z
54491,Bëschhieselter,lb,Luxembourg,LU,,Luxembourgish,Paul Braun,2021-06-04T13:19:45Z
54856,lannen,lb,Luxembourg,LU,,Luxembourgish,Paul Braun,2021-06-04T13:20:36Z
851014,Goldschakal,lb,Luxembourg,LU,,Luxembourgish,Paul Braun,2021-06-04T13:20:58Z
53549,Ulm,lb,Luxembourg,LU,,Luxembourgish,Paul Braun,2021-06-04T13:26:25Z
81754,Ulm,lb,Luxembourg,LU,,Luxembourgish,Paul Braun,2021-06-04T13:27:08Z
48112,Heckequisel,lb,Luxembourg,LU,,Luxembourgish,Paul Braun,2021-06-04T13:27:52Z
42058,Wüstefuuss,lb,Luxembourg,LU,,Luxembourgish,Paul Braun,2021-06-04T13:28:26Z
48865,Kokosnoss,lb,Luxembourg,LU,,Luxembourgish,Paul Braun,2021-06-04T13:29:06Z
78755,Piisch,lb,Luxembourg,LU,,Luxembourgish,Paul Braun,2021-06-04T13:29:32Z
51148,Hodar,lb,Luxembourg,LU,,Luxembourgish,Paul Braun,2021-06-04T13:30:26Z
41566,Bockelwal,lb,Luxembourg,LU,,Luxembourgish,Paul Braun,2021-06-04T13:31:21Z
855311,Marderhond,lb,Luxembourg,LU,,Luxembourgish,Paul Braun,2021-06-04T13:31:45Z
124135,Knéirenn,lb,Luxembourg,LU,,Luxembourgish,Paul Braun,2021-06-04T13:35:43Z
42231,Kaméiler,lb,Luxembourg,LU,,Luxembourgish,Paul Braun,2021-06-04T13:42:20Z
47118,Wiefspannen,lb,Luxembourg,LU,,Luxembourgish,Paul Braun,2021-06-04T13:42:54Z
41852,Villfréisser,lb,Luxembourg,LU,,Luxembourgish,Paul Braun,2021-06-04T13:47:27Z
53373,Hieselter,lb,Luxembourg,LU,,Luxembourgish,Paul Braun,2021-06-04T13:50:05Z
47852,Bicheplanzen,lb,Luxembourg,LU,,Luxembourgish,Paul Braun,2021-06-04T13:50:22Z
63567,Fiicht,lb,Luxembourg,LU,,Luxembourgish,Paul Braun,2021-06-04T13:50:38Z
47571,Esp,lb,Luxembourg,LU,,Luxembourgish,Paul Braun,2021-06-04T13:51:01Z
54227,Routbuch,lb,Luxembourg,LU,,Luxembourgish,Paul Braun,2021-06-04T13:51:18Z
122970,Russesch Gromper,lb,Luxembourg,LU,,Luxembourgish,Paul Braun,2021-06-04T13:52:00Z
54516,Kabes,lb,Luxembourg,LU,,Luxembourgish,Paul Braun,2021-06-04T13:52:12Z
47565,Schwaarz Pëppel,lb,Luxembourg,LU,,Luxembourgish,Paul Braun,2021-06-04T13:53:03Z
41660,Klengbieren,lb,Luxembourg,LU,,Luxembourgish,Paul Braun,2021-06-04T13:53:22Z
56224,Eeërblumm,lb,Luxembourg,LU,,Luxembourgish,Paul Braun,2021-06-04T13:55:06Z
68131,Sitkafiicht,lb,Luxembourg,LU,,Luxembourgish,Paul Braun,2021-06-04T13:55:54Z
49005,Routeech,lb,Luxembourg,LU,,Luxembourgish,Paul Braun,2021-06-04T13:56:37Z
135773,Omorikafiicht,lb,Luxembourg,LU,,Luxembourgish,Paul Braun,2021-06-04T13:56:55Z
54811,Dräidar,lb,Luxembourg,LU,,Luxembourgish,Paul Braun,2021-06-04T13:57:09Z
60786,Däiwelsbaart,lb,Luxembourg,LU,,Luxembourgish,Paul Braun,2021-06-04T14:11:29Z
41669,Nuesbieren,lb,Luxembourg,LU,,Luxembourgish,Paul Braun,2021-06-04T14:11:46Z
122965,Ananas,lb,Luxembourg,LU,,Luxembourgish,Paul Braun,2021-06-04T14:12:30Z
83157,Hortensen,lb,Luxembourg,LU,,Luxembourgish,Paul Braun,2021-06-04T14:14:27Z
49155,Bierkeplanzen,lb,Luxembourg,LU,,Luxembourgish,Paul Braun,2021-06-04T14:14:56Z
48382,Knuetkraider,lb,Luxembourg,LU,,Luxembourgish,Paul Braun,2021-06-04T14:15:15Z
966205,Alenter,lb,Luxembourg,LU,,Luxembourgish,Paul Braun,2021-06-04T14:15:56Z
119791,Biergahorn,lb,Luxembourg,LU,,Luxembourgish,Paul Braun,2021-06-04T14:16:30Z
47701,Geranium,lb,Luxembourg,LU,,Luxembourgish,Paul Braun,2021-06-04T14:19:00Z
55770,Krokussen,lb,Luxembourg,LU,,Luxembourgish,Paul Braun,2021-06-04T14:20:11Z
132600,Wanterlann,lb,Luxembourg,LU,,Luxembourgish,Paul Braun,2021-06-04T14:20:23Z
85492,Kräitche Réiermechnetun,lb,Luxembourg,LU,,Luxembourgish,Paul Braun,2021-06-04T14:20:46Z
53350,Käschtebeem,lb,Luxembourg,LU,,Luxembourgish,Paul Braun,2021-06-04T14:21:24Z
126638,Hyazinthen,lb,Luxembourg,LU,,Luxembourgish,Paul Braun,2021-06-04T14:21:40Z
122840,Spelz,lb,Luxembourg,LU,,Luxembourgish,Paul Braun,2021-06-04T14:21:53Z
48257,Douglasdännen,lb,Luxembourg,LU,,Luxembourgish,Paul Braun,2021-06-04T14:22:08Z
126404,Afebam,lb,Luxembourg,LU,,Luxembourgish,Paul Braun,2021-06-04T14:22:50Z
53582,Tulpebam,lb,Luxembourg,LU,,Luxembourgish,Paul Braun,2021-06-04T14:23:09Z
56193,Maasselter,lb,Luxembourg,LU,,Luxembourgish,Paul Braun,2021-06-04T14:23:24Z
53782,Happ,lb,Luxembourg,LU,,Luxembourgish,Paul Braun,2021-06-04T14:23:42Z
161469,Papyrusplanz,lb,Luxembourg,LU,,Luxembourgish,Paul Braun,2021-06-04T14:23:59Z
61749,Hierz,lb,Luxembourg,LU,,Luxembourgish,Paul Braun,2021-06-08T07:05:43Z
61749,Hierzefrächen,lb,Luxembourg,LU,,Luxembourgish,Paul Braun,2021-06-08T07:06:12Z
47516,Reeboufrel,lb,"","",,Luxembourgish,Zane Roskoph,2021-07-29T23:18:06Z
52188,Walhai,lb,"","",,Luxembourgish,Zane Roskoph,2021-08-03T13:59:43Z
56072,Mandarinfësch,lb,"","",,Luxembourgish,Zane Roskoph,2021-08-09T13:27:05Z
112581,Europäesche Wels,lb,"","",,Luxembourgish,Zane Roskoph,2021-08-14T18:18:12Z
31519,Därendäiwel,lb,"","",,Luxembourgish,Zane Roskoph,2021-08-27T16:10:28Z
1277891,Elsbier,lb,"","",https://www.inaturalist.org/taxon_names/2562668/edit,Luxembourgish,,2021-09-03T01:52:02Z
60202,Brasilien-Dausendblat,lb,Luxembourg,LU,,Luxembourgish,Paul Braun,2021-09-06T06:17:09Z
165603,Verschiddebliederegt Dausendblat,lb,Luxembourg,LU,,Luxembourgish,Paul Braun,2021-09-06T06:17:42Z
47892,Drüse-Sprangkraut,lb,"","",,Luxembourgish,Christian Ries,2021-09-06T13:15:52Z
51736,Klengt Sprangkraut,lb,"","",,Luxembourgish,Christian Ries,2021-09-06T13:21:16Z
119019,Asiatesch Runn mat schwaarzem Thorax,lb,"","",,Luxembourgish,Christian Ries,2021-09-06T13:21:49Z
77490,Balfour-Sprangkraut,lb,"","",,Luxembourgish,Christian Ries,2021-09-06T13:23:19Z
181927,Gewéinlech Wëll Rief,lb,Luxembourg,LU,,Luxembourgish,Paul Braun,2021-09-16T10:32:38Z
50280,Wëll Rief,lb,Luxembourg,LU,,Luxembourgish,Paul Braun,2021-09-16T10:33:19Z
50278,Fënnefbliedereg Wëll Rief,lb,Luxembourg,LU,,Luxembourgish,Paul Braun,2021-09-16T10:34:19Z
1289697,Bierkhong,lb,"","",https://www.inaturalist.org/taxon_names/1213183/edit,Luxembourgish,Sean Cozart,2022-03-21T20:28:53Z
1367002,Aaspel,lb,"","",https://www.inaturalist.org/taxon_names/2562658/edit,Luxembourgish,,2022-03-22T02:52:58Z
469472,apel,lb,"","",,Luxembourgish,10423,2022-03-27T04:49:29Z
52472,Lënsen,lb,"","",https://www.inaturalist.org/taxon_names/2562693/edit,Luxembourgish,,2022-04-13T08:44:54Z
1289622,Welleleefer,lb,"","",https://www.inaturalist.org/taxon_names/1213098/edit,Luxembourgish,Cole Gaerber,2022-04-18T20:12:47Z
1289488,Gesträifte Graatsch,lb,"","",https://www.inaturalist.org/taxon_names/1213179/edit,Luxembourgish,,2022-04-18T20:56:53Z
1289480,Orpheusgraatsch,lb,"","",https://www.inaturalist.org/taxon_names/1213178/edit,Luxembourgish,,2022-04-18T20:57:46Z
1289484,Babbelgraatsch,lb,"","",https://www.inaturalist.org/taxon_names/1213176/edit,Luxembourgish,carnifex,2022-04-18T20:58:20Z
1289484,Mëllerchen,lb,"","",https://www.inaturalist.org/taxon_names/1213177/edit,Luxembourgish,carnifex,2022-04-18T20:58:20Z
1289470,Heckegraatsch,lb,"","",https://www.inaturalist.org/taxon_names/1213175/edit,Luxembourgish,rjq,2022-04-18T21:00:34Z
49470,Sprangschwänz,lb,"","",,Luxembourgish,Patrick Meurin,2022-11-19T20:44:34Z
1431273,Rout Wullmaus,lb,"","",https://www.inaturalist.org/taxon_names/1088406/edit,Luxembourgish,,2022-12-06T18:16:44Z
954827,Nolmustik mat gefleckte Flilleken,lb,"","",,Luxembourgish,Paul Braun,2023-02-13T15:38:08Z
41573,Fleeschfrësser,lb,"","",,Luxembourgish,John E. Christensen,2023-02-19T12:15:08Z
1453639,Refik-Iergermustik,lb,Luxembourg,LU,,Luxembourgish,Paul Braun,2023-02-27T10:51:51Z
146949,Nolmustik,lb,Luxembourg,LU,,Luxembourgish,Paul Braun,2023-02-27T10:52:34Z
130033,Mustik,lb,Luxembourg,LU,,Luxembourgish,Paul Braun,2023-02-27T10:56:50Z
155396,Richiardi-Ënnerwaassermustik,lb,Luxembourg,LU,,Luxembourgish,Paul Braun,2023-02-27T10:57:33Z
52134,Mustiken,lb,Luxembourg,LU,,Luxembourgish,Paul Braun,2023-02-27T10:58:03Z
155399,Ënnerwaassermustik,lb,Luxembourg,LU,,Luxembourgish,Paul Braun,2023-02-27T10:58:39Z
155394,Keellëpsen-Nolmustik,lb,Luxembourg,LU,,Luxembourgish,Paul Braun,2023-02-27T11:01:38Z
625703,Bläifaarweg Nolmustik,lb,Luxembourg,LU,,Luxembourgish,Paul Braun,2023-02-27T11:02:09Z
1450523,Rumänesch Nolmustik,lb,Luxembourg,LU,,Luxembourgish,Paul Braun,2023-02-27T11:02:34Z
372340,Onheemlech Mustik,lb,Luxembourg,LU,,Luxembourgish,Paul Braun,2023-02-27T11:02:55Z
716015,Gaarde-Mustik,lb,Luxembourg,LU,,Luxembourgish,Paul Braun,2023-02-27T11:03:19Z
130032,Nërdlech Haus-Mustik,lb,Luxembourg,LU,,Luxembourgish,Paul Braun,2023-02-27T11:03:40Z
155384,Bescheide Mustik,lb,Luxembourg,LU,,Luxembourgish,Paul Braun,2023-02-27T11:04:11Z
1450594,Petragnani-Nolmustik,lb,Luxembourg,LU,,Luxembourgish,Paul Braun,2023-02-27T11:04:33Z
1147290,Europäesch Mustik,lb,Luxembourg,LU,,Luxembourgish,Paul Braun,2023-02-27T11:04:58Z
989586,Stroum-Mustik,lb,Luxembourg,LU,,Luxembourgish,Paul Braun,2023-02-27T11:05:18Z
155392,Keeltmustik,lb,Luxembourg,LU,,Luxembourgish,Paul Braun,2023-02-27T11:05:37Z
155400,Himmelmustik,lb,Luxembourg,LU,,Luxembourgish,Paul Braun,2023-02-27T11:06:02Z
62989,Iergermustik,lb,Luxembourg,LU,,Luxembourgish,Paul Braun,2023-02-27T11:06:26Z
1112057,Réngelfouss-Iergermustik,lb,Luxembourg,LU,,Luxembourgish,Paul Braun,2023-02-27T11:06:53Z
1112065,Sangereg Iergermustik,lb,Luxembourg,LU,,Luxembourgish,Paul Braun,2023-02-27T11:07:14Z
155387,Stëppeleg Iergermustik,lb,Luxembourg,LU,,Luxembourgish,Paul Braun,2023-02-27T11:07:35Z
212521,Äschegro Iergermustik,lb,Luxembourg,LU,,Luxembourgish,Paul Braun,2023-02-27T11:07:57Z
639244,Rustikal Iergermustik,lb,Luxembourg,LU,,Luxembourgish,Paul Braun,2023-02-27T11:08:22Z
1453638,Zweelaf-Iergermustik,lb,Luxembourg,LU,,Luxembourgish,Paul Braun,2023-02-27T11:10:54Z
716013,Fangernol-Himmelmustik,lb,Luxembourg,LU,,Luxembourgish,Paul Braun,2023-02-27T11:11:43Z
155395,Geréngelt Keeltmustik,lb,Luxembourg,LU,,Luxembourgish,Paul Braun,2023-02-27T11:12:10Z
207741,Laangzelleg Keeltmustik,lb,Luxembourg,LU,,Luxembourgish,Paul Braun,2023-02-27T11:12:34Z
217910,Bësseg Keeltmustik,lb,Luxembourg,LU,,Luxembourgish,Paul Braun,2023-02-27T11:12:57Z
1087316,Elegant Keeltmustik,lb,Luxembourg,LU,,Luxembourgish,Paul Braun,2023-02-27T11:13:18Z
625258,Wäissknéi-Iergermustik,lb,Luxembourg,LU,,Luxembourgish,Paul Braun,2023-02-27T11:13:39Z
212542,Getëppelt Iergermustik,lb,Luxembourg,LU,,Luxembourgish,Paul Braun,2023-02-27T11:14:02Z
1112094,Japanesch Hecke-Moustique,lb,Luxembourg,LU,,Luxembourgish,Paul Braun,2023-02-27T11:22:55Z
1112094,Japanesch Iergermustik,lb,Luxembourg,LU,,Luxembourgish,Paul Braun,2023-02-27T11:23:24Z
43793,Europäesche Biber,lb,Luxembourg,LU,,Luxembourgish,Paul Braun,2023-04-25T09:28:19Z
341154,Grousst Zweeblat,lb,Luxembourg,LU,,Luxembourgish,Paul Braun,2023-06-05T08:55:52Z
81895,Vullennascht-Zweeblat,lb,Luxembourg,LU,,Luxembourgish,Paul Braun,2023-06-05T08:56:44Z
366363,Ouniblat-Geeschterorchidee,lb,Luxembourg,LU,,Luxembourgish,Paul Braun,2023-06-05T08:57:28Z
128137,Mof Limodore,lb,Luxembourg,LU,,Luxembourgish,Paul Braun,2023-06-05T08:57:48Z
54638,Giel Venusschlapp,lb,Luxembourg,LU,,Luxembourgish,Paul Braun,2023-06-05T08:58:14Z
57629,Wäiss Kräizblumm,lb,Luxembourg,LU,,Luxembourgish,Paul Braun,2023-06-05T08:58:34Z
63848,Bleeche Bëschvillchen,lb,Luxembourg,LU,,Luxembourgish,Paul Braun,2023-06-05T09:00:27Z
57470,Laangbliederege Bëschvillchen,lb,Luxembourg,LU,,Luxembourgish,Paul Braun,2023-06-05T09:00:51Z
129834,Roude Bëschvillchen,lb,Luxembourg,LU,,Luxembourgish,Paul Braun,2023-06-05T09:01:11Z
50717,Breetbliedereg Harespelorchidee,lb,Luxembourg,LU,,Luxembourgish,Paul Braun,2023-06-05T09:01:39Z
341043,Müller-Harespelorchidee,lb,Luxembourg,LU,,Luxembourgish,Paul Braun,2023-06-05T09:02:02Z
140688,Roudelzeg Harespelorchidee,lb,Luxembourg,LU,,Luxembourgish,Paul Braun,2023-06-05T09:02:56Z
366365,Schmuellëpseg Harespelorchidee,lb,Luxembourg,LU,,Luxembourgish,Paul Braun,2023-06-05T09:03:24Z
82161,Klengbliedereg Harespelorchidee,lb,Luxembourg,LU,,Luxembourgish,Paul Braun,2023-06-05T09:04:06Z
62407,Krauchend Netzblat,lb,Luxembourg,LU,,Luxembourgish,Paul Braun,2023-06-05T09:04:30Z
82160,Donkelrout Harespelorchidee,lb,Luxembourg,LU,,Luxembourgish,Paul Braun,2023-06-05T09:04:47Z
147182,Bock-Rimmerzong,lb,Luxembourg,LU,,Luxembourgish,Paul Braun,2023-06-05T09:05:06Z
83085,Pyramiden-Hondswuerzel,lb,Luxembourg,LU,,Luxembourgish,Paul Braun,2023-06-05T09:05:42Z
59318,Boken-Hondswuerzel,lb,Luxembourg,LU,,Luxembourgish,Paul Braun,2023-06-05T09:06:00Z
61329,Dräizänn-Bouwekraut,lb,Luxembourg,LU,,Luxembourgish,Paul Braun,2023-06-05T09:07:09Z
60837,Gesengt Bouwekraut,lb,Luxembourg,LU,,Luxembourgish,Paul Braun,2023-06-05T09:07:27Z
60885,Hielenner-Fangerwuerzel,lb,Luxembourg,LU,,Luxembourgish,Paul Braun,2023-06-05T09:07:48Z
83816,Beien-Aperhoerorchidee,lb,Luxembourg,LU,,Luxembourgish,Paul Braun,2023-06-05T09:08:31Z
243627,Bommelen-Aperhoerorchidee,lb,Luxembourg,LU,,Luxembourgish,Paul Braun,2023-06-05T09:08:49Z
57468,Mécken-Aperhoerorchidee,lb,Luxembourg,LU,,Luxembourgish,Paul Braun,2023-06-05T09:09:06Z
243623,Spannen-Aperhoerorchidee,lb,Luxembourg,LU,,Luxembourgish,Paul Braun,2023-06-05T09:09:32Z
131610,Mécken-Handwuerzel,lb,Luxembourg,LU,,Luxembourgish,Paul Braun,2023-06-05T09:09:54Z
324087,Dofteg Handwuerzel,lb,Luxembourg,LU,,Luxembourgish,Paul Braun,2023-06-05T09:10:40Z
59322,Gaalgemännche-Bouwekraut,lb,Luxembourg,LU,,Luxembourgish,Paul Braun,2023-06-05T09:11:07Z
132621,Maans-Bouwekraut,lb,Luxembourg,LU,,Luxembourgish,Paul Braun,2023-06-05T09:11:28Z
131605,Zaldote-Bouwekraut,lb,Luxembourg,LU,,Luxembourgish,Paul Braun,2023-06-05T09:11:52Z
59321,Purpurrout Bouwekraut,lb,Luxembourg,LU,,Luxembourgish,Paul Braun,2023-06-05T09:12:08Z
61328,Afe-Bouwekraut,lb,Luxembourg,LU,,Luxembourgish,Paul Braun,2023-06-05T09:12:27Z
243592,Eenzelknoll-Hunnegorchidee,lb,Luxembourg,LU,,Luxembourgish,Paul Braun,2023-06-05T09:12:43Z
128599,Gréng Fangerwuerzel,lb,Luxembourg,LU,,Luxembourgish,Paul Braun,2023-06-05T09:13:20Z
56233,Suppen-Harespelorchidee,lb,Luxembourg,LU,,Luxembourgish,Paul Braun,2023-06-05T09:15:42Z
81695,Wanzen-Hondswuerzel,lb,Luxembourg,LU,,Luxembourgish,Paul Braun,2023-06-05T09:21:19Z
435637,Suppen-Hondswuerzel,lb,Luxembourg,LU,,Luxembourgish,Paul Braun,2023-06-05T09:21:47Z
133492,Breetbliedereg Fangerwuerzel,lb,Luxembourg,LU,,Luxembourgish,Paul Braun,2023-06-05T09:22:09Z
82159,Gefleckt Fangerwuerzel,lb,Luxembourg,LU,,Luxembourgish,Paul Braun,2023-06-05T09:22:36Z
57630,Fuchs-Fangerwuerzel,lb,Luxembourg,LU,,Luxembourgish,Paul Braun,2023-06-05T09:22:55Z
48982,Fleeschrout Fangerwuerzel,lb,Luxembourg,LU,,Luxembourgish,Paul Braun,2023-06-05T09:23:18Z
1472401,Cungs' Fleeschrout Fangerwuerzel,lb,Luxembourg,LU,,Luxembourgish,Paul Braun,2023-06-05T09:32:14Z
62002,Vernoléissegt Fangerwuerzel,lb,Luxembourg,LU,,Luxembourgish,Paul Braun,2023-06-05T09:34:27Z
47217,Orchideeën,lb,Luxembourg,LU,,Luxembourgish,Paul Braun,2023-06-05T09:38:19Z
47157,Pimpampelen,lb,Luxembourg,LU,,Luxembourgish,Paul Braun,2023-06-08T07:29:24Z
891696,Kréi,lb,"","",,Luxembourgish,Paul Braun,2023-06-12T06:38:28Z
54639,Gréngelzeg Kräizblumm,lb,Luxembourg,LU,,Luxembourgish,Paul Braun,2023-06-12T09:15:36Z
58699,Wäiss Dréischel,lb,Luxembourg,LU,,Luxembourgish,Paul Braun,2023-10-09T09:01:03Z
49547,Grouss Bëschdréischel,lb,Luxembourg,LU,,Luxembourgish,Paul Braun,2023-10-09T09:02:00Z
61395,Béchsendréischel,lb,Luxembourg,LU,,Luxembourgish,Paul Braun,2023-10-09T09:03:10Z
143563,Wisendréischel,lb,Luxembourg,LU,,Luxembourgish,Paul Braun,2023-10-09T09:03:43Z
118382,Schuppendréischel,lb,Luxembourg,LU,,Luxembourgish,Paul Braun,2023-10-09T09:04:25Z
480776,Kleng Bëschdréischel,lb,Luxembourg,LU,,Luxembourgish,Paul Braun,2023-10-09T09:05:00Z
154291,Anäisdréischel,lb,Luxembourg,LU,,Luxembourgish,Paul Braun,2023-10-09T09:05:34Z
118394,Gëftdréischel,lb,Luxembourg,LU,,Luxembourgish,Paul Braun,2023-10-09T09:08:32Z
48716,Orangëschuel,lb,Luxembourg,LU,,Luxembourgish,Paul Braun,2023-10-09T09:09:03Z
63271,Giele Knollepilz,lb,Luxembourg,LU,,Luxembourgish,Paul Braun,2023-10-09T09:09:36Z
48715,Méckeprabbeli,lb,Luxembourg,LU,,Luxembourgish,Paul Braun,2023-10-09T09:10:42Z
48418,Pantherpilz,lb,Luxembourg,LU,,Luxembourgish,Paul Braun,2023-10-09T09:11:32Z
52135,Grénge Mäerder,lb,Luxembourg,LU,,Luxembourgish,Paul Braun,2023-10-09T09:12:11Z
67661,Pärelpilz,lb,Luxembourg,LU,,Luxembourgish,Paul Braun,2023-10-09T09:14:31Z
58684,Fréijoersmäerder,lb,Luxembourg,LU,,Luxembourgish,Paul Braun,2023-10-09T09:15:30Z
58685,Spatze Mäerder,lb,Luxembourg,LU,,Luxembourgish,Paul Braun,2023-10-09T09:15:51Z
972793,Bierepoufascht,lb,Luxembourg,LU,,Luxembourgish,Paul Braun,2023-10-09T09:16:12Z
55950,Gielen Hunnegpilz,lb,Luxembourg,LU,,Luxembourgish,Paul Braun,2023-10-09T09:18:55Z
192381,Brongen Hunnegpilz,lb,Luxembourg,LU,,Luxembourgish,Paul Braun,2023-10-09T09:19:16Z
50813,Judasouer,lb,Luxembourg,LU,,Luxembourgish,Paul Braun,2023-10-09T09:20:10Z
332467,Zerknautert Ouer,lb,Luxembourg,LU,,Luxembourgish,Paul Braun,2023-10-09T09:20:33Z
55474,Gëllene Mëschtpilz,lb,Luxembourg,LU,,Luxembourgish,Paul Braun,2023-10-09T09:21:00Z
333772,Schwaarze Steepilz,lb,Luxembourg,LU,,Luxembourgish,Paul Braun,2023-10-09T09:21:25Z
48701,Steepilz,lb,Luxembourg,LU,,Luxembourgish,Paul Braun,2023-10-09T09:21:56Z
118132,Eeër-Poufascht,lb,Luxembourg,LU,,Luxembourgish,Paul Braun,2023-10-09T09:23:34Z
1260395,Huese-Poufascht,lb,Luxembourg,LU,,Luxembourgish,Paul Braun,2023-10-09T09:23:55Z
701434,Schéine Fouss,lb,Luxembourg,LU,,Luxembourgish,Paul Braun,2023-10-09T09:24:59Z
507493,Battere Wuerzelschwamp,lb,Luxembourg,LU,,Luxembourgish,Paul Braun,2023-10-09T09:25:25Z
118027,Eechen-Zwergefeier,lb,Luxembourg,LU,,Luxembourgish,Paul Braun,2023-10-09T09:28:03Z
63405,Dännen-Zwergefeier,lb,Luxembourg,LU,,Luxembourgish,Paul Braun,2023-10-09T09:28:53Z
450829,Meepilz,lb,Luxembourg,LU,,Luxembourgish,Paul Braun,2023-10-09T09:29:18Z
57692,Flappert,lb,Luxembourg,LU,,Luxembourgish,Paul Braun,2023-10-09T09:29:49Z
1179954,Zerbriechlechen Zoppepilz,lb,Luxembourg,LU,,Luxembourgish,Paul Braun,2023-10-09T09:30:15Z
47347,Echten Héngerfouss,lb,Luxembourg,LU,,Luxembourgish,Paul Braun,2023-10-09T09:30:38Z
895267,Giele Schwaarzfouss-Lächerpilz,lb,Luxembourg,LU,,Luxembourgish,Paul Braun,2023-10-09T09:31:05Z
147354,Pefferschwamp,lb,Luxembourg,LU,,Luxembourgish,Paul Braun,2023-10-09T09:31:44Z
58693,Gëftprabbeli,lb,Luxembourg,LU,,Luxembourgish,Paul Braun,2023-10-09T09:32:03Z
58693,Olivbronge Prabbeli,lb,Luxembourg,LU,,Luxembourgish,Paul Braun,2023-10-09T09:32:29Z
56535,Roude Prabbeli,lb,Luxembourg,LU,,Luxembourgish,Paul Braun,2023-10-09T09:32:53Z
118036,Violette Krustepilz,lb,Luxembourg,LU,,Luxembourgish,Paul Braun,2023-10-09T09:33:14Z
51135,Tëntefëschpilz,lb,Luxembourg,LU,,Luxembourgish,Paul Braun,2023-10-09T09:34:02Z
125366,Gro Korall,lb,Luxembourg,LU,,Luxembourgish,Paul Braun,2023-10-09T09:34:33Z
63260,Kampkorall,lb,Luxembourg,LU,,Luxembourgish,Paul Braun,2023-10-09T09:35:00Z
81961,Ronscheleg Korall,lb,Luxembourg,LU,,Luxembourgish,Paul Braun,2023-10-09T09:35:38Z
63255,Niwwelkap,lb,Luxembourg,LU,,Luxembourgish,Paul Braun,2023-10-09T09:36:00Z
776928,Wäissen Hexebotter,lb,Luxembourg,LU,,Luxembourgish,Paul Braun,2023-10-09T11:49:23Z
1098280,Routbandschwamp,lb,Luxembourg,LU,,Luxembourgish,Paul Braun,2023-10-09T11:50:22Z
775410,Bierkelächerpilz,lb,Luxembourg,LU,,Luxembourgish,Paul Braun,2023-10-09T11:50:44Z
127510,Echte Feierschwamp,lb,Luxembourg,LU,,Luxembourgish,Paul Braun,2023-10-09T11:51:24Z
67594,Wanterpilz,lb,Luxembourg,LU,,Luxembourgish,Paul Braun,2023-10-09T11:51:53Z
123897,Ochsenzong,lb,Luxembourg,LU,,Luxembourgish,Paul Braun,2023-10-09T11:52:22Z
467931,Wäisse Schwabbel,lb,Luxembourg,LU,,Luxembourgish,Paul Braun,2023-10-09T11:54:29Z
55568,Schwaarze Schwabbel,lb,Luxembourg,LU,,Luxembourgish,Paul Braun,2023-10-09T11:55:54Z
510199,Grousst Routblat,lb,Luxembourg,LU,,Luxembourgish,Paul Braun,2023-10-09T11:56:35Z
175846,Falsch Trüffel,lb,Luxembourg,LU,,Luxembourgish,Paul Braun,2023-10-09T11:57:13Z
1280949,Schuppeprabbeli,lb,Luxembourg,LU,,Luxembourgish,Paul Braun,2023-10-09T11:57:41Z
124102,Routfleckege Lamelleporling,lb,Luxembourg,LU,,Luxembourgish,Paul Braun,2023-10-09T11:58:06Z
337956,Käreprabbeli,lb,Luxembourg,LU,,Luxembourgish,Paul Braun,2023-10-09T11:58:59Z
120242,Buuschtegt Lënsendëppchen,lb,Luxembourg,LU,,Luxembourgish,Paul Braun,2023-10-09T11:59:41Z
118131,Kofferegt Lënsendëppchen,lb,Luxembourg,LU,,Luxembourgish,Paul Braun,2023-10-09T12:00:19Z
120030,Glat Lënsendëppchen,lb,Luxembourg,LU,,Luxembourgish,Paul Braun,2023-10-09T12:01:13Z
118283,Falsche Muschelpilz,lb,Luxembourg,LU,,Luxembourgish,Paul Braun,2023-10-09T12:01:44Z
350511,Héngerfouss-Troterpilz,lb,Luxembourg,LU,,Luxembourgish,Paul Braun,2023-10-09T12:02:59Z
48607,Schwaarzen Troterpilz,lb,Luxembourg,LU,,Luxembourgish,Paul Braun,2023-10-09T12:03:24Z
124344,Mëtternuechtspilz,lb,Luxembourg,LU,,Luxembourgish,Paul Braun,2023-10-09T12:03:48Z
1433944,Gielen Déckfouss,lb,Luxembourg,LU,,Luxembourgish,Paul Braun,2023-10-09T12:04:10Z
500053,Spatze Raukapp,lb,Luxembourg,LU,,Luxembourgish,Paul Braun,2023-10-09T12:04:35Z
337849,Orangë Raukapp,lb,Luxembourg,LU,,Luxembourgish,Paul Braun,2023-10-09T12:05:06Z
350489,Bloen Déckfouss,lb,Luxembourg,LU,,Luxembourgish,Paul Braun,2023-10-09T12:05:44Z
203804,Routschuppege Raukapp,lb,Luxembourg,LU,,Luxembourgish,Paul Braun,2023-10-09T12:06:08Z
47392,Struppegen Tëntepilz,lb,Luxembourg,LU,,Luxembourgish,Paul Braun,2023-10-09T12:06:31Z
48521,Plisséierten Tëntepilz,lb,Luxembourg,LU,,Luxembourgish,Paul Braun,2023-10-09T12:07:00Z
1275360,Schaarfe Wollfouss,lb,Luxembourg,LU,,Luxembourgish,Paul Braun,2023-10-09T12:07:32Z
130915,Bëschfrënd,lb,Luxembourg,LU,,Luxembourgish,Paul Braun,2023-10-09T12:08:15Z
64708,Mielpilz,lb,Luxembourg,LU,,Luxembourgish,Paul Braun,2023-10-09T12:08:46Z
48715,Pilzer,lb,Luxembourg,LU,,Luxembourgish,Paul Braun,2023-10-09T12:12:10Z
737600,Rouden Hexebotter,lb,Luxembourg,LU,,Luxembourgish,Paul Braun,2023-10-09T12:54:43Z
55483,Gielen Hexebotter,lb,Luxembourg,LU,,Luxembourgish,Paul Braun,2023-10-09T12:55:04Z
154735,Heemleche Mäerder,lb,Luxembourg,LU,,Luxembourgish,Paul Braun,2023-10-09T12:55:27Z
48473,Molerpilz,lb,Luxembourg,LU,,Luxembourgish,Paul Braun,2023-10-09T12:55:54Z
125932,Gelackte Stillporling,lb,Luxembourg,LU,,Luxembourgish,Paul Braun,2023-10-09T12:56:21Z
63076,Kollerett-Äerdstär,lb,Luxembourg,LU,,Luxembourgish,Paul Braun,2023-10-09T12:57:03Z
350861,Fenchel-Lächerpilz,lb,Luxembourg,LU,,Luxembourgish,Paul Braun,2023-10-09T12:57:24Z
67338,Bauholz-Lamelleporling,lb,Luxembourg,LU,,Luxembourgish,Paul Braun,2023-10-09T12:57:45Z
48424,Schnuddeler,lb,Luxembourg,LU,,Luxembourgish,Paul Braun,2023-10-09T12:58:06Z
53714,Klapperschwamp,lb,Luxembourg,LU,,Luxembourgish,Paul Braun,2023-10-09T12:58:24Z
157994,Spëndelpilz,lb,Luxembourg,LU,,Luxembourgish,Paul Braun,2023-10-09T12:58:43Z
85120,Fréijoersmäerder,lb,Luxembourg,LU,,Luxembourgish,Paul Braun,2023-10-09T12:59:19Z
335276,Karblummeschwamp,lb,Luxembourg,LU,,Luxembourgish,Paul Braun,2023-10-09T12:59:40Z
130909,Zimt-Lächerpilz,lb,Luxembourg,LU,,Luxembourgish,Paul Braun,2023-10-09T13:00:02Z
566524,Marzipanpilz,lb,Luxembourg,LU,,Luxembourgish,Paul Braun,2023-10-09T13:01:03Z
344561,Réidechpilz,lb,Luxembourg,LU,,Luxembourgish,Paul Braun,2023-10-09T13:01:31Z
49208,Hierscht-Lorchel,lb,Luxembourg,LU,,Luxembourgish,Paul Braun,2023-10-09T13:01:52Z
475619,Grouwe-Lorchel,lb,Luxembourg,LU,,Luxembourgish,Paul Braun,2023-10-09T13:02:10Z
513329,Därege Stachelbaart,lb,Luxembourg,LU,,Luxembourgish,Paul Braun,2023-10-09T13:02:31Z
49162,Koralle-Stachelbaart,lb,Luxembourg,LU,,Luxembourgish,Paul Braun,2023-10-09T13:02:50Z
49158,Biche-Stachelbaart,lb,Luxembourg,LU,,Luxembourgish,Paul Braun,2023-10-09T13:03:13Z
48641,Stoppelpilz,lb,Luxembourg,LU,,Luxembourgish,Paul Braun,2023-10-09T13:03:47Z
340866,Roude Stoppelpilz,lb,Luxembourg,LU,,Luxembourgish,Paul Braun,2023-10-09T13:04:08Z
51872,Fleckeg Wuesskap,lb,Luxembourg,LU,,Luxembourgish,Paul Braun,2023-10-09T13:04:43Z
63538,Falschen Héngerfouss,lb,Luxembourg,LU,,Luxembourgish,Paul Braun,2023-10-09T13:05:05Z
344545,Gëllene Schleekepilz,lb,Luxembourg,LU,,Luxembourgish,Paul Braun,2023-10-09T13:05:27Z
499720,Schwaarzgesprinselte Schleekepilz,lb,Luxembourg,LU,,Luxembourgish,Paul Braun,2023-10-09T13:06:02Z
383374,Wuerzelschläimer,lb,Luxembourg,LU,,Luxembourgish,Paul Braun,2023-10-09T13:06:31Z
64071,Groe Schwiefelkapp,lb,Luxembourg,LU,,Luxembourgish,Paul Braun,2023-10-09T13:06:49Z
48767,Grénge Schwiefelkapp,lb,Luxembourg,LU,,Luxembourgish,Paul Braun,2023-10-09T13:07:15Z
130203,Roude Schwiefelkapp,lb,Luxembourg,LU,,Luxembourgish,Paul Braun,2023-10-09T13:07:35Z
510854,Käschteschwamp,lb,Luxembourg,LU,,Luxembourgish,Paul Braun,2023-10-09T13:07:53Z
451026,Paterkapp,lb,Luxembourg,LU,,Luxembourgish,Paul Braun,2023-10-09T13:08:34Z
1112491,Roude Rësspilz,lb,Luxembourg,LU,,Luxembourgish,Paul Braun,2023-10-09T13:09:00Z
118336,Seidege Rësspilz,lb,Luxembourg,LU,,Luxembourgish,Paul Braun,2023-10-09T13:09:23Z
153033,Zoppekraitchen,lb,Luxembourg,LU,,Luxembourgish,Paul Braun,2023-10-09T13:09:43Z
55899,Violette Lacktriichter,lb,Luxembourg,LU,,Luxembourgish,Paul Braun,2023-10-09T13:10:03Z
63236,Roude Lacktriichter,lb,Luxembourg,LU,,Luxembourgish,Paul Braun,2023-10-09T13:10:29Z
130934,Tréinepilz,lb,Luxembourg,LU,,Luxembourgish,Paul Braun,2023-10-09T13:10:54Z
382877,Grogrénge Mëllechpilz,lb,Luxembourg,LU,,Luxembourgish,Paul Braun,2023-10-09T13:11:20Z
194385,Fichte-Bluttpilz,lb,Luxembourg,LU,,Luxembourgish,Paul Braun,2023-10-09T13:11:38Z
351321,Peffer-Mëllechpilz,lb,Luxembourg,LU,,Luxembourgish,Paul Braun,2023-10-09T13:17:14Z
351313,Zottege Mëllechpilz,lb,Luxembourg,LU,,Luxembourgish,Paul Braun,2023-10-09T13:17:35Z
351324,Wollege Mëllechpilz,lb,Luxembourg,LU,,Luxembourgish,Paul Braun,2023-10-09T13:17:55Z
503241,Gudde Mëllechpilz,lb,Luxembourg,LU,,Luxembourgish,Paul Braun,2023-10-09T13:18:19Z
53713,Bëschdickelchen,lb,Luxembourg,LU,,Luxembourgish,Paul Braun,2023-10-09T13:18:39Z
363586,Giele Schuppeschwamp,lb,Luxembourg,LU,,Luxembourgish,Paul Braun,2023-10-09T13:19:00Z
824011,Hobicheschwamp,lb,Luxembourg,LU,,Luxembourgish,Paul Braun,2023-10-09T13:19:23Z
124085,Zidderpëppelschwamp,lb,Luxembourg,LU,,Luxembourgish,Paul Braun,2023-10-09T13:19:40Z
569090,Wollstillschwamp,lb,Luxembourg,LU,,Luxembourgish,Paul Braun,2023-10-09T13:20:01Z
63232,Bierkeschwamp,lb,Luxembourg,LU,,Luxembourgish,Paul Braun,2023-10-09T13:21:06Z
947949,Wanter-Lächerpilz,lb,Luxembourg,LU,,Luxembourgish,Paul Braun,2023-10-09T13:21:28Z
1079910,Fréijoers-Lächerpilz,lb,Luxembourg,LU,,Luxembourgish,Paul Braun,2023-10-09T13:21:46Z
351365,Getigert Seeblat,lb,Luxembourg,LU,,Luxembourgish,Paul Braun,2023-10-09T13:22:03Z
515954,Fleeschfaarwege Gëftprabbeli,lb,Luxembourg,LU,,Luxembourgish,Paul Braun,2023-10-09T13:22:23Z
379844,Bronge Gëftprabbeli,lb,Luxembourg,LU,,Luxembourgish,Paul Braun,2023-10-09T13:22:58Z
58694,Sténkege Prabbeli,lb,Luxembourg,LU,,Luxembourgish,Paul Braun,2023-10-09T13:23:16Z
382958,Gëftege Gaardeprabbeli,lb,Luxembourg,LU,,Luxembourgish,Paul Braun,2023-10-09T13:24:12Z
179125,Falsch Dréischel,lb,Luxembourg,LU,,Luxembourgish,Paul Braun,2023-10-09T13:24:31Z
343169,Kéiseker-Poufascht,lb,Luxembourg,LU,,Luxembourgish,Paul Braun,2023-10-09T13:24:47Z
48443,Fläsche-Poufascht,lb,Luxembourg,LU,,Luxembourgish,Paul Braun,2023-10-09T13:25:08Z
118145,Wise-Poufascht,lb,Luxembourg,LU,,Luxembourgish,Paul Braun,2023-10-09T13:25:26Z
63401,Grousse Prabbeli,lb,Luxembourg,LU,,Luxembourgish,Paul Braun,2023-10-09T13:25:45Z
118240,Klengen Trouschtpilz,lb,Luxembourg,LU,,Luxembourgish,Paul Braun,2023-10-09T13:27:09Z
1097548,Breetblat,lb,Luxembourg,LU,,Luxembourgish,Paul Braun,2023-10-09T13:27:30Z
157989,Grousse Lächerpilz,lb,Luxembourg,LU,,Luxembourgish,Paul Braun,2023-10-09T13:27:47Z
1467061,Spatze Wabepilz,lb,Luxembourg,LU,,Luxembourgish,Paul Braun,2023-10-09T13:28:33Z
58682,Genéisser-Wabepilz,lb,Luxembourg,LU,,Luxembourgish,Paul Braun,2023-10-09T13:28:59Z
55964,Schläimer,lb,Luxembourg,LU,,Luxembourgish,Paul Braun,2023-10-09T13:29:20Z
63580,Hondsspitz,lb,Luxembourg,LU,,Luxembourgish,Paul Braun,2023-10-09T13:31:07Z
63473,Réidech-Helmling,lb,Luxembourg,LU,,Luxembourgish,Paul Braun,2023-10-09T13:31:26Z
1134741,Falsche Knuewelekspilz,lb,Luxembourg,LU,,Luxembourgish,Paul Braun,2023-10-09T13:31:42Z
203669,Echte Knuewelekspilz,lb,"Grand-Duché de Luxembourg, LU","",,Luxembourgish,Paul Braun,2023-10-09T13:32:07Z
1109245,Orangë Schwabbel,lb,Luxembourg,LU,,Luxembourgish,Paul Braun,2023-10-09T13:32:52Z
553909,Flacken-Hexeschwamp,lb,Luxembourg,LU,,Luxembourgish,Paul Braun,2023-10-09T13:33:11Z
351629,Schuppeseeblat,lb,Luxembourg,LU,,Luxembourgish,Paul Braun,2023-10-09T13:33:35Z
126831,Luuchtepilz,lb,Luxembourg,LU,,Luxembourgish,Paul Braun,2023-10-09T13:34:24Z
351676,Zéie Muschelpilz,lb,Luxembourg,LU,,Luxembourgish,Paul Braun,2023-10-09T13:34:42Z
841424,Fuusstriichter,lb,Luxembourg,LU,,Luxembourgish,Paul Braun,2023-10-09T13:35:22Z
55941,Liederpilz,lb,Luxembourg,LU,,Luxembourgish,Paul Braun,2023-10-09T13:35:41Z
54594,Houfrege Sténkert,lb,Luxembourg,LU,,Luxembourgish,Paul Braun,2023-10-09T13:35:59Z
125136,Falsche Feierschwamp,lb,Luxembourg,LU,,Luxembourgish,Paul Braun,2023-10-09T13:36:19Z
124705,Gëllene Schuppepilz,lb,Luxembourg,LU,,Luxembourgish,Paul Braun,2023-10-09T13:36:42Z
153445,Strubbelege Schuppepilz,lb,Luxembourg,LU,,Luxembourgish,Paul Braun,2023-10-09T13:37:13Z
510852,Käschte-Lächerpilz,lb,Luxembourg,LU,,Luxembourgish,Paul Braun,2023-10-09T13:37:57Z
48509,Gëftouer,lb,Luxembourg,LU,,Luxembourgish,Paul Braun,2023-10-09T13:38:14Z
48494,Echte Muschelpilz,lb,Luxembourg,LU,,Luxembourgish,Paul Braun,2023-10-09T13:38:45Z
60782,Brongen Deckelpilz,lb,Luxembourg,LU,,Luxembourgish,Paul Braun,2023-10-09T13:39:09Z
564369,Gëllenen Deckelpilz,lb,Luxembourg,LU,,Luxembourgish,Paul Braun,2023-10-09T13:39:33Z
351927,Knolle-Lächerpilz,lb,Luxembourg,LU,,Luxembourgish,Paul Braun,2023-10-09T13:39:55Z
143309,Kaweechelchen,lb,Luxembourg,LU,,Luxembourgish,Paul Braun,2023-10-09T13:40:16Z
54025,Spatze Gëft-Plakkapp,lb,Luxembourg,LU,,Luxembourgish,Paul Braun,2023-10-09T13:40:33Z
54228,Strack Korall,lb,Luxembourg,LU,,Luxembourgish,Paul Braun,2023-10-09T13:40:53Z
118166,Botterpilz,lb,Luxembourg,LU,,Luxembourgish,Paul Braun,2023-10-09T13:41:17Z
544554,Däiwelsschwamp,lb,Luxembourg,LU,,Luxembourgish,Paul Braun,2023-10-09T13:41:40Z
194414,Schwaarze Sprocken,lb,Luxembourg,LU,,Luxembourgish,Paul Braun,2023-10-09T13:42:28Z
194437,Sprock Madame,lb,Luxembourg,LU,,Luxembourgish,Paul Braun,2023-10-09T13:42:48Z
352283,Sténkege Sprocken,lb,Luxembourg,LU,,Luxembourgish,Paul Braun,2023-10-09T13:43:08Z
153459,Ockerwäisse Sprocken,lb,Luxembourg,LU,,Luxembourgish,Paul Braun,2023-10-09T13:43:29Z
352311,Rouden Dëppepilz,lb,Luxembourg,LU,,Luxembourgish,Paul Braun,2023-10-09T13:43:47Z
125720,Grénge Sprocken,lb,Luxembourg,LU,,Luxembourgish,Paul Braun,2023-10-09T13:44:05Z
63585,Bronggiele Muschelpilz,lb,Luxembourg,LU,,Luxembourgish,Paul Braun,2023-10-09T13:45:14Z
54573,Gespléckten,lb,Luxembourg,LU,,Luxembourgish,Paul Braun,2023-10-09T13:45:36Z
55927,Giele Gromperepilz,lb,Luxembourg,LU,,Luxembourgish,Paul Braun,2023-10-09T13:48:13Z
335973,Verfroossenen Hausschwamp,lb,Luxembourg,LU,,Luxembourgish,Paul Braun,2023-10-09T13:50:05Z
63014,Krauselkapp,lb,Luxembourg,LU,,Luxembourgish,Paul Braun,2023-10-09T13:51:50Z
55501,Buuschteche Krustepilz,lb,Luxembourg,LU,,Luxembourgish,Paul Braun,2023-10-09T13:52:14Z
352462,Struwwelkapp,lb,Luxembourg,LU,,Luxembourgish,Paul Braun,2023-10-09T13:52:35Z
492210,Dännenzappepilz,lb,Luxembourg,LU,,Luxembourgish,Paul Braun,2023-10-09T13:52:55Z
55583,Gréngespounpilz,lb,Luxembourg,LU,,Luxembourgish,Paul Braun,2023-10-09T13:53:13Z
824777,Netz-Hexeschwamp,lb,Luxembourg,LU,,Luxembourgish,Paul Braun,2023-10-09T13:53:30Z
337850,Kouschwamp,lb,Luxembourg,LU,,Luxembourgish,Paul Braun,2023-10-09T13:53:48Z
363592,Falsche Botterschwamp,lb,Luxembourg,LU,,Luxembourgish,Paul Braun,2023-10-09T13:54:06Z
179065,Käreschwamp,lb,Luxembourg,LU,,Luxembourgish,Paul Braun,2023-10-09T13:54:26Z
147277,Gëllene Schmierschwamp,lb,Luxembourg,LU,,Luxembourgish,Paul Braun,2023-10-09T13:56:57Z
53488,Echte Botterschwamp,lb,Luxembourg,LU,,Luxembourgish,Paul Braun,2023-10-09T13:57:18Z
554919,Roude Schmierschwamp,lb,Luxembourg,LU,,Luxembourgish,Paul Braun,2023-10-09T13:57:49Z
363593,Sandschwamp,lb,Luxembourg,LU,,Luxembourgish,Paul Braun,2023-10-09T13:58:18Z
363594,Groe Schmierschwamp,lb,Luxembourg,LU,,Luxembourgish,Paul Braun,2023-10-09T13:58:41Z
410641,Bockelege Lächerpilz,lb,Luxembourg,LU,,Luxembourgish,Paul Braun,2023-10-09T13:59:00Z
116695,Buuschtege Lächerpilz,lb,"Grand-Duché de Luxembourg, LU","",,Luxembourgish,Paul Braun,2023-10-09T13:59:18Z
1153556,Faarwege Lächerpilz,lb,Luxembourg,LU,,Luxembourgish,Paul Braun,2023-10-09T13:59:51Z
48529,Giele Schwabbel,lb,Luxembourg,LU,,Luxembourgish,Paul Braun,2023-10-09T14:00:12Z
118115,Violette Lächerpilz,lb,Luxembourg,LU,,Luxembourgish,Paul Braun,2023-10-09T14:00:40Z
118215,Grénge Ritterpilz,lb,Luxembourg,LU,,Luxembourgish,Paul Braun,2023-10-09T14:01:37Z
335206,Getigerte Ritterpilz,lb,Luxembourg,LU,,Luxembourgish,Paul Braun,2023-10-09T14:01:54Z
341797,Äerdritterpilz,lb,Luxembourg,LU,,Luxembourgish,Paul Braun,2023-10-09T14:02:17Z
194395,Olivgiele Ritterpilz,lb,Luxembourg,LU,,Luxembourgish,Paul Braun,2023-10-09T14:02:39Z
63387,Roude Ritterpilz,lb,Luxembourg,LU,,Luxembourgish,Paul Braun,2023-10-09T14:03:04Z
352626,Summertrüffel,lb,"","",,Luxembourgish,Paul Braun,2023-10-09T14:03:19Z
63489,Battere Schwamp,lb,Luxembourg,LU,,Luxembourgish,Paul Braun,2023-10-09T14:03:38Z
438013,Routfouss,lb,Luxembourg,LU,,Luxembourgish,Paul Braun,2023-10-09T14:03:55Z
474502,Hierschtschwamp,lb,Luxembourg,LU,,Luxembourgish,Paul Braun,2023-10-09T14:04:15Z
928737,Bronge Filzschwamp,lb,Luxembourg,LU,,Luxembourgish,Paul Braun,2023-10-09T14:04:34Z
485374,Geesselëps,lb,Luxembourg,LU,,Luxembourgish,Paul Braun,2023-10-09T14:04:53Z
447441,Wäisse Mäerder,lb,Luxembourg,LU,,Luxembourgish,Paul Braun,2023-10-09T14:06:42Z
4788,Mornell,lb,"","",https://www.inaturalist.org/taxon_names/1212945/edit,Luxembourgish,Victor HOYEAU,2023-10-29T13:13:46Z
1505663,Mierwakeleefer,lb,"","",https://www.inaturalist.org/taxon_names/1212946/edit,Luxembourgish,,2023-10-31T23:31:15Z
122854,käicher,lb,"","",,Luxembourgish,Yann Kemper,2023-12-11T01:57:01Z
1525550,Knaschtege Ritterpilz,lb,"","",https://www.inaturalist.org/taxon_names/3453382/edit,Luxembourgish,,2024-01-19T10:12:56Z
1525548,Violette Ritterpilz,lb,"","",https://www.inaturalist.org/taxon_names/3453381/edit,Luxembourgish,,2024-01-19T10:13:47Z
1525557,Räiftriichter,lb,"","",https://www.inaturalist.org/taxon_names/3453302/edit,Luxembourgish,,2024-01-19T10:17:31Z
1525529,Bläitriichter,lb,"","",https://www.inaturalist.org/taxon_names/3453206/edit,Luxembourgish,,2024-01-19T10:19:53Z
1536892,Eeche-Labyrinthporling,lb,"","",https://www.inaturalist.org/taxon_names/3453279/edit,Luxembourgish,,2024-03-01T22:09:01Z
