id,vernacularName,language,locality,countryCode,source,lexicon,contributor,created
96413,Ran mai gam gia lai,vi,"","",http://reptile-database.reptarium.cz/search.php?genus=Calamaria&species=gialaiensis&submit=Search,Vietnamese,,2011-08-19T02:57:58Z
96420,Ran mai gam sang,vi,"","",http://reptile-database.reptarium.cz/search.php?genus=Calamaria&species=sangi&submit=Search,Vietnamese,,2011-08-19T02:58:05Z
98063,Tac ke duoi vang,vi,"","",http://reptile-database.reptarium.cz/search.php?genus=Cnemaspis&species=psychedelica&submit=Search,Vietnamese,Bobby McCabe,2011-08-19T02:58:46Z
98318,Ran nguyen van sang,vi,"","",http://reptile-database.reptarium.cz/search.php?genus=Colubroelaps&species=nguyenvansangi&submit=Search,Vietnamese,,2011-08-19T02:58:51Z
98965,Thãn lãn vach,vi,"","",http://reptile-database.reptarium.cz/search.php?genus=Cyrtodactylus&species=badenensis&submit=Search,Vietnamese,,2011-08-19T02:59:20Z
98969,Thằn lằn chân ngón Bích Ngân,vi,"","",http://reptile-database.reptarium.cz/search.php?genus=Cyrtodactylus&species=bichnganae&submit=Search,Vietnamese,,2011-08-19T02:59:21Z
98974,Thach sung ngon cat tien,vi,"","",http://reptile-database.reptarium.cz/search.php?genus=Cyrtodactylus&species=cattienensis&submit=Search,Vietnamese,,2011-08-19T02:59:22Z
98981,Than lan chân ngón Eisenman,vi,"","",http://reptile-database.reptarium.cz/search.php?genus=Cyrtodactylus&species=eisenmanae&submit=Search,Vietnamese,,2011-08-19T02:59:25Z
98985,Than lan chân ngón Grismer,vi,"","",http://reptile-database.reptarium.cz/search.php?genus=Cyrtodactylus&species=grismeri&submit=Search,Vietnamese,,2011-08-19T02:59:27Z
98988,Th|n L|n Chân Ngón Hòn Tre,vi,"","",http://reptile-database.reptarium.cz/search.php?genus=Cyrtodactylus&species=hontreensis&submit=Search,Vietnamese,,2011-08-19T02:59:28Z
98994,Thằn lằn chân ngón Lomyen,vi,"","",http://reptile-database.reptarium.cz/search.php?genus=Cyrtodactylus&species=lomyenensis&submit=Search,Vietnamese,,2011-08-19T02:59:31Z
99000,Thằn lằn chân ngón Martin,vi,"","",http://reptile-database.reptarium.cz/search.php?genus=Cyrtodactylus&species=martini&submit=Search,Vietnamese,,2011-08-19T02:59:34Z
99008,Than lan chan ngon Phu Quoc,vi,"","",http://reptile-database.reptarium.cz/search.php?genus=Cyrtodactylus&species=phuquocensis&submit=Search,Vietnamese,,2011-08-19T02:59:36Z
99012,Thach sung ngon ro-x-lo,vi,"","",http://reptile-database.reptarium.cz/search.php?genus=Cyrtodactylus&species=roesleri&submit=Search,Vietnamese,Bobby McCabe,2011-08-19T02:59:37Z
99028,Than lan chan ngon yang bay,vi,"","",http://reptile-database.reptarium.cz/search.php?genus=Cyrtodactylus&species=yangbayensis&submit=Search,Vietnamese,Bobby McCabe,2011-08-19T02:59:38Z
99485,Than lan chan la a-ron-bau-o,vi,"","",http://reptile-database.reptarium.cz/search.php?genus=Dixonius&species=aaronbaueri&submit=Search,Vietnamese,Bobby McCabe,2011-08-19T03:00:18Z
101312,Thằn lằn đá Cà Ná,vi,"","",http://reptile-database.reptarium.cz/search.php?genus=Gekko&species=canaensis&submit=Search,Vietnamese,,2011-08-19T03:01:17Z
101313,Tắc kè cảnh,vi,"","",http://reptile-database.reptarium.cz/search.php?genus=Gekko&species=canhi&submit=Search,Vietnamese,Bobby McCabe,2011-08-19T03:01:17Z
101322,Thằn lằn đá Russell Train,vi,"","",http://reptile-database.reptarium.cz/search.php?genus=Gekko&species=russelltraini&submit=Search,Vietnamese,,2011-08-19T03:01:19Z
101325,Thằn lằn đá Tà Kóu,vi,"","",http://reptile-database.reptarium.cz/search.php?genus=Gekko&species=takouensis&submit=Search,Vietnamese,,2011-08-19T03:01:19Z
101327,Tac ke viet nam,vi,"","",http://reptile-database.reptarium.cz/search.php?genus=Gekko&species=vietnamensis&submit=Search,Vietnamese,,2011-08-19T03:01:19Z
107710,Rắn trán cúc,vi,"","",http://reptile-database.reptarium.cz/search.php?genus=Opisthotropis&species=cucae&submit=Search,Vietnamese,,2011-08-19T03:03:50Z
110674,Ran luc trung khanh,vi,"","",http://reptile-database.reptarium.cz/search.php?genus=Protobothrops&species=trungkhanhensis&submit=Search,Vietnamese,,2011-08-19T03:04:49Z
110956,Nhong zig-lo,vi,"","",http://reptile-database.reptarium.cz/search.php?genus=Pseudocalotes&species=ziegleri&submit=Search,Vietnamese,,2011-08-19T03:04:55Z
112311,Than lan co huu lien,vi,"","",http://reptile-database.reptarium.cz/search.php?genus=Scincella&species=apraefrontalis&submit=Search,Vietnamese,,2011-08-19T03:05:39Z
114583,Thằn lằn tai boê-me,vi,"","",http://reptile-database.reptarium.cz/search.php?genus=Tropidophorus&species=boehmei&submit=Search,Vietnamese,,2011-08-19T03:07:19Z
58188,Bạc hà,vi,"","",,Vietnamese,Mekong museum,2016-01-04T05:36:17Z
539767,Ran sai Andrea,vi,"","",http://reptile-database.reptarium.cz/search.php?genus=Amphiesma&species=andreae&submit=Search,Vietnamese,,2017-03-24T04:03:49Z
539785,Ran sai mep trang,vi,"","",http://reptile-database.reptarium.cz/search.php?genus=Amphiesma&species=leucomystax&submit=Search,Vietnamese,,2017-03-24T05:56:38Z
39569,金龜,vi,"","",,Vietnamese,Bobby McCabe,2017-09-26T01:59:46Z
96854,cá Hô,vi,"","",,Vietnamese,Bobby McCabe,2017-10-06T17:27:33Z
209354,Lợn vạch,vi,"","",,Vietnamese,Bobby McCabe,2017-10-22T16:36:21Z
209354,Lợn rừng Malaysia,vi,"","",,Vietnamese,Bobby McCabe,2017-10-22T16:36:47Z
209354,Lợn rừng Mã Lai,vi,"","",,Vietnamese,Bobby McCabe,2017-10-22T16:37:11Z
204113,Hươu đỏ,vi,"","",,Vietnamese,max kirsch,2017-11-13T04:05:57Z
59698,Sứa buồm,vi,"","",,Vietnamese,John E. Christensen,2017-11-29T18:38:49Z
43042,Nhím gai,vi,"","",,Vietnamese,John E. Christensen,2017-11-30T10:47:53Z
26041,Cá sấu,vi,"","",,Vietnamese,John E. Christensen,2017-12-30T07:49:23Z
48824,Động vật thân lỗ,vi,"","",,Vietnamese,John E. Christensen,2017-12-31T16:45:44Z
41655,Gấu Chó,vi,"","",,Vietnamese,Bobby McCabe,2018-01-03T04:31:05Z
26039,Cá sấu,vi,"","",,Vietnamese,John E. Christensen,2018-01-14T07:11:43Z
6888,Bộ Ngỗng,vi,"","",,Vietnamese,John E. Christensen,2018-01-25T15:55:10Z
56327,Ngành Rêu sừng,vi,"","",,Vietnamese,John E. Christensen,2018-01-31T14:15:29Z
196615,Cá đuối ó,vi,"","",,Vietnamese,John E. Christensen,2018-02-04T16:24:42Z
47582,Hàu,vi,"","",,Vietnamese,John E. Christensen,2018-02-12T09:56:21Z
10070,Sẻ khướu,vi,"","",,Vietnamese,John E. Christensen,2018-02-12T12:55:25Z
52461,Họ Cá nhói,vi,"","",,Vietnamese,John E. Christensen,2018-02-16T15:37:29Z
49612,Họ Cá nóc gai,vi,"","",,Vietnamese,John E. Christensen,2018-02-20T14:27:49Z
47297,Tôm rồng,vi,"","",,Vietnamese,John E. Christensen,2018-02-22T16:06:19Z
124337,Gấu nước,vi,"","",,Vietnamese,John E. Christensen,2018-03-06T10:11:49Z
372739,Phân ngành Sáu chân,vi,"","",,Vietnamese,John E. Christensen,2018-03-07T09:49:52Z
15964,Họ Tiêu liêu,vi,"","",,Vietnamese,John E. Christensen,2018-03-16T11:21:15Z
55883,Dây thường xuân,vi,"","",,Vietnamese,John E. Christensen,2018-05-01T07:08:06Z
64549,Địa du,vi,"","",,Vietnamese,John E. Christensen,2018-05-15T09:05:12Z
606956,Báo Đông Dương,vi,"","",,Vietnamese,Bobby McCabe,2018-05-19T17:52:36Z
41663,Gấu mèo,vi,"","",,Vietnamese,John E. Christensen,2018-05-22T19:56:10Z
164869,mướp khía,vi,"","",,Vietnamese,Anna,2018-06-01T17:17:11Z
156831,mướp xơ,vi,"","",,Vietnamese,Anna,2018-06-01T17:20:32Z
53350,Chi Kẹn,vi,"","",,Vietnamese,John E. Christensen,2018-07-06T13:59:48Z
39392,Kỳ đà,vi,"","",,Vietnamese,John E. Christensen,2018-07-08T16:15:47Z
51935,Chi Gọng vó,vi,"","",,Vietnamese,John E. Christensen,2018-07-22T11:42:42Z
136336,Lớp Tuế,vi,"","",,Vietnamese,John E. Christensen,2018-08-12T07:01:04Z
765694,Vô mao Bắc Bộ,vi,"","",,Vietnamese,Bobby McCabe,2018-08-22T03:24:45Z
116641,Họ Cá sấu mõm dài,vi,"","",,Vietnamese,John E. Christensen,2018-09-13T15:34:10Z
49315,Bạch tuộc thông thường,vi,"","",,Vietnamese,Bobby McCabe,2018-09-18T03:25:20Z
26154,Họ Cá sấu mõm ngắn,vi,"","",,Vietnamese,John E. Christensen,2018-10-18T06:30:36Z
20487,Họ Đà điểu,vi,"","",,Vietnamese,John E. Christensen,2018-10-24T15:51:47Z
41871,Họ Chồn hôi,vi,"","",,Vietnamese,John E. Christensen,2018-10-28T12:54:51Z
57278,Xú xuân,vi,"","",,Vietnamese,John E. Christensen,2018-10-31T08:26:58Z
47157,Bướm ngày,vi,"","",,Vietnamese,John E. Christensen,2018-11-23T09:07:52Z
797748,Ran dai lon,vi,"","",http://reptile-database.reptarium.cz/search.php?genus=Cyclophiops&species=major&submit=Search,Vietnamese,symisme840,2018-11-27T05:56:10Z
41893,Họ Cầy lỏn,vi,"","",,Vietnamese,John E. Christensen,2018-11-27T09:23:35Z
47162,Bộ Hòa thảo,vi,"","",,Vietnamese,John E. Christensen,2018-11-30T08:19:21Z
42147,Hà mã,vi,"","",,Vietnamese,John E. Christensen,2018-12-04T17:23:45Z
36982,Họ Thằn lằn bóng,vi,"","",,Vietnamese,John E. Christensen,2018-12-06T09:58:46Z
144128,Phân ngành Nhiều chân,vi,"","",,Vietnamese,John E. Christensen,2018-12-08T16:33:39Z
371057,Họ Tắc kè,vi,"","",,Vietnamese,John E. Christensen,2018-12-10T16:34:49Z
123010,Cuốn chiếu màu gỉ sắt,vi,"","",,Vietnamese,earthknight,2018-12-14T12:43:21Z
6930,Vịt cổ xanh,vi,"","",,Vietnamese,John E. Christensen,2018-12-14T15:07:39Z
114891,Kỳ đà,vi,"","",,Vietnamese,John E. Christensen,2019-01-03T07:22:23Z
793429,dó,vi,"","",,Vietnamese,James Ojascastro,2019-01-06T13:19:13Z
48836,Đuôi rắn,vi,"","",,Vietnamese,John E. Christensen,2019-01-27T08:23:48Z
40151,Lớp Thú,vi,"","",,Vietnamese,John E. Christensen,2019-02-07T16:08:09Z
47119,Lớp Hình nhện,vi,"","",,Vietnamese,John E. Christensen,2019-02-13T20:05:34Z
47398,Cua ẩn sĩ,vi,"","",,Vietnamese,John E. Christensen,2019-02-24T13:29:30Z
7251,Bộ Sẻ,vi,"","",,Vietnamese,John E. Christensen,2019-03-02T10:07:38Z
47217,Họ Lan,vi,"","",,Vietnamese,John E. Christensen,2019-03-15T10:49:05Z
84964,Chi Chuối pháo,vi,"","",,Vietnamese,John E. Christensen,2019-03-31T13:47:27Z
879166,Voọc Cát Bà,vi,"","",,Vietnamese,Charlie Hohn,2019-04-02T12:20:38Z
74973,Sao la,vi,"","",,Vietnamese,Bobby McCabe,2019-04-05T15:31:22Z
133387,Họ Thạch nam,vi,"","",,Vietnamese,John E. Christensen,2019-04-07T11:54:42Z
47563,Trúc đào,vi,"","",,Vietnamese,John E. Christensen,2019-05-20T11:33:03Z
48874,Họ Đào lộn hột,vi,"","",,Vietnamese,John E. Christensen,2019-05-29T12:22:48Z
49382,Họ Bách tán,vi,"","",,Vietnamese,John E. Christensen,2019-06-09T12:25:25Z
907498,Mắt đá,vi,"","",,Vietnamese,James Ojascastro,2019-07-29T01:42:51Z
914922,Cốt khí củ,vi,"","",,Vietnamese,John E. Christensen,2019-07-30T18:49:01Z
126882,Lô hội,vi,"","",,Vietnamese,John E. Christensen,2019-08-04T21:49:32Z
50638,Họ Mã đề,vi,"","",,Vietnamese,John E. Christensen,2019-09-02T11:59:56Z
131201,Chi Ô đầu,vi,"","",,Vietnamese,John E. Christensen,2019-09-03T16:07:16Z
855310,Lửng chó Nhật Bản,vi,"","",,Vietnamese,Bobby McCabe,2019-09-04T02:57:56Z
4336,Bồ Nông Chân Xám,vi,"","",,Vietnamese,Ly Van Loi 9909,2019-09-06T08:09:53Z
166494,Rau càng cua,vi,"","",,Vietnamese,Nhat Nguyen,2019-09-24T08:02:24Z
430945,cây thị,vi,"","",,Vietnamese,James Ojascastro,2019-10-14T18:12:16Z
43011,Họ Nhím chuột,vi,"","",,Vietnamese,John E. Christensen,2019-10-19T15:29:52Z
964109,พญาม่วงดอย,vi,"","",,Vietnamese,Andrés Ramírez-Barrera,2019-11-11T18:27:28Z
165586,quả trứng cá,vi,"","",,Vietnamese,何小花,2019-12-08T04:21:11Z
468089,Lợn rừng Bắc Trung Hoa,vi,"","",,Vietnamese,Bobby McCabe,2019-12-13T21:18:38Z
505478,Gà,vi,"","",,Vietnamese,John E. Christensen,2020-01-02T13:36:36Z
131236,virus,vi,"","",,Vietnamese,James K. Douch,2020-01-25T14:54:32Z
236935,Vịt nhà,vi,"","",,Vietnamese,John E. Christensen,2020-02-25T12:26:01Z
122767,Bồ câu nhà hoang dã,vi,"","",,Vietnamese,John E. Christensen,2020-02-26T13:27:12Z
1072135,Con tôm giong,vi,"","",,Vietnamese,Valentin de Mazancourt,2020-04-17T14:08:35Z
67532,Họ Trăn,vi,"","",,Vietnamese,John E. Christensen,2020-05-14T12:26:21Z
52496,Gừng,vi,"","",,Vietnamese,John E. Christensen,2020-06-09T13:59:03Z
48536,Họ Ráy,vi,"","",,Vietnamese,John E. Christensen,2020-07-03T13:17:24Z
123351,nấm hương,vi,"","",,Vietnamese,anneliese merrigan,2020-07-20T21:52:52Z
346180,Tra đỏ,vi,"","",https://eol.org/pages/481939,Vietnamese,,2020-08-05T23:12:21Z
90643,Chi Cá tra,vi,"","",https://eol.org/pages/46581968,Vietnamese,,2020-08-05T23:12:22Z
359450,Cải ô rô,vi,"","",,Vietnamese,John E. Christensen,2020-08-28T19:51:20Z
153470,Bướm báo hoa vàng,vi,"","",,Vietnamese,Quốc Anh Vũ,2020-09-12T08:10:47Z
145098,Cà cưỡng,vi,"","",,Vietnamese,bornfeta,2020-09-22T18:23:15Z
164975,bỉ ngạn,vi,"","",,Vietnamese,Minh Pham,2020-09-23T19:28:05Z
936369,Họ Khỉ Cựu Thế giới,vi,"","",,Vietnamese,John E. Christensen,2020-09-29T09:27:20Z
1138748,quần đầu trái tròn,vi,"","",,Vietnamese,Kitty Maurey,2020-10-08T12:55:35Z
84160,Sen trắng,vi,"","",,Vietnamese,Lượng Nguyễn Khánh,2020-10-10T04:48:04Z
168955,Hy thiêm,vi,"","",https://eol.org/pages/509738,Vietnamese,,2020-10-23T14:35:03Z
4270,Cốc đế,vi,"","",,Vietnamese,John E. Christensen,2020-10-30T09:30:20Z
48040,Họ Hoa chuông,vi,"","",,Vietnamese,John E. Christensen,2020-11-19T17:34:32Z
53781,Họ Gai dầu,vi,"","",,Vietnamese,John E. Christensen,2020-11-21T14:46:57Z
200958,Ó cá,vi,"","",,Vietnamese,John E. Christensen,2020-12-01T07:58:32Z
68235,Động vật nửa dây sống,vi,"","",,Vietnamese,John E. Christensen,2021-01-01T16:01:40Z
123572,Huyết dụ đỏ,vi,"","",,Vietnamese,John E. Christensen,2021-02-07T09:00:51Z
119450,Họ Thạch nam,vi,"","",,Vietnamese,John E. Christensen,2021-02-26T15:17:37Z
4981,vạc,vi,Vietnam,VN,,Vietnamese,Erik Erbes,2021-03-09T03:37:50Z
52345,Họ Bìm bìm,vi,"","",,Vietnamese,John E. Christensen,2021-03-29T18:27:40Z
24484,Cóc lưỡi tròn Tyrrhenia,vi,"","",https://eol.org/pages/1039072,Vietnamese,,2021-04-12T17:17:32Z
123428,Discodoris confusa,vi,"","",https://eol.org/pages/46449396,Vietnamese,,2021-05-25T21:47:09Z
614434,Cá Bống vân má,vi,"","",http://www.catalogueoflife.org/annual-checklist/details/species/id/10073991/common/26226,Vietnamese,,2021-07-13T15:36:34Z
84996,Cá Mập lơ - ca,vi,"","",http://www.catalogueoflife.org/annual-checklist/details/species/id/10055550/common/129983,Vietnamese,Victor HOYEAU,2021-07-13T16:57:20Z
52188,Cá Nhám voi,vi,"","",http://www.catalogueoflife.org/annual-checklist/details/species/id/10065883/common/332086,Vietnamese,,2021-07-13T19:06:15Z
50873,Cá Mập trắng,vi,"","",http://www.catalogueoflife.org/annual-checklist/details/species/id/10064513/common/239534,Vietnamese,,2021-07-13T19:32:24Z
95038,Cá chien,vi,"","",http://www.catalogueoflife.org/annual-checklist/details/species/id/10081711/common/150947,Vietnamese,Victor HOYEAU,2021-07-14T17:32:56Z
100111,Ca mu song,vi,"","",http://www.catalogueoflife.org/annual-checklist/details/species/id/10073135/common/42198,Vietnamese,Victor HOYEAU,2021-07-15T12:26:18Z
100111,Cá Mú song,vi,"","",http://www.catalogueoflife.org/annual-checklist/details/species/id/10073135/common/42197,Vietnamese,Victor HOYEAU,2021-07-15T12:26:18Z
100143,Ca mu song,vi,"","",http://www.catalogueoflife.org/annual-checklist/details/species/id/10073164/common/40902,Vietnamese,,2021-07-15T12:26:19Z
108331,Cá Hat,vi,"","",http://www.catalogueoflife.org/annual-checklist/details/species/id/10080364/common/263406,Vietnamese,,2021-07-15T14:31:03Z
108331,Cá Tra dầu,vi,"","",http://www.catalogueoflife.org/annual-checklist/details/species/id/10080364/common/263387,Vietnamese,,2021-07-15T14:31:08Z
112325,Cá Kim Long,vi,"","",http://www.catalogueoflife.org/annual-checklist/details/species/id/10066236/common/200688,Vietnamese,,2021-07-15T14:50:27Z
112325,Cá Rồng,vi,"","",http://www.catalogueoflife.org/annual-checklist/details/species/id/10066236/common/200668,Vietnamese,,2021-07-15T14:50:34Z
107889,Cá rô phi đen,vi,"","",https://eol.org/pages/46572761,Vietnamese,,2021-07-15T15:07:53Z
97274,Cá Lóc bông,vi,"","",http://www.catalogueoflife.org/annual-checklist/details/species/id/10070074/common/128865,Vietnamese,,2021-07-15T15:19:10Z
101508,Cá mập sông Giăng,vi,"","",http://www.catalogueoflife.org/annual-checklist/details/species/id/10055566/common/46253,Vietnamese,,2021-07-19T12:05:12Z
67971,Cá Đuối bông đuôi vằn,vi,"","",http://www.catalogueoflife.org/annual-checklist/details/species/id/10078380/common/265737,Vietnamese,,2021-07-19T14:34:42Z
67971,Cá Đuối bồng đuôi vằn,vi,"","",http://www.catalogueoflife.org/annual-checklist/details/species/id/10078380/common/265738,Vietnamese,,2021-07-19T14:34:42Z
67971,Cá Duôi Bông,vi,"","",,Vietnamese,Zane Roskoph,2021-07-19T14:35:13Z
188371,Cá thu song,vi,"","",http://www.catalogueoflife.org/annual-checklist/details/species/id/10072974/common/216703,Vietnamese,,2021-07-19T15:26:29Z
188371,Cá thu trung-hoa,vi,"","",http://www.catalogueoflife.org/annual-checklist/details/species/id/10072974/common/216704,Vietnamese,,2021-07-19T15:26:39Z
115010,Cá leo,vi,"","",http://www.catalogueoflife.org/annual-checklist/details/species/id/10081706/common/102881,Vietnamese,,2021-07-19T16:12:47Z
48066,Cá Nhám cào,vi,"","",http://www.catalogueoflife.org/annual-checklist/details/species/id/10055533/common/343590,Vietnamese,,2021-07-20T15:19:08Z
786232,Cá ngựa xám Đồng Nai,vi,"","",https://eol.org/pages/47064594,Vietnamese,,2021-07-27T13:34:37Z
786233,Cá ngựa xám Mê Kông,vi,"","",https://eol.org/pages/47064596,Vietnamese,,2021-07-27T13:53:30Z
188571,Cá Ngựa xám,vi,"","",,Vietnamese,Zane Roskoph,2021-07-27T14:03:42Z
54718,Cá hang leo thác,vi,"","",,Vietnamese,Zane Roskoph,2021-07-27T14:29:36Z
56075,Chi Cá đàn lia gai,vi,"","",https://eol.org/pages/46571360,Vietnamese,,2021-07-27T15:12:34Z
319539,Cá đàn lia đen,vi,"","",https://eol.org/pages/46571457,Vietnamese,,2021-07-27T15:12:35Z
508404,cá đàn lia gai xuôi,vi,"","",https://eol.org/pages/46571399,Vietnamese,,2021-07-27T15:12:35Z
56074,Họ Cá đàn lia,vi,"","",https://eol.org/pages/5363,Vietnamese,,2021-07-27T15:12:35Z
136965,Cá Sao chổi,vi,"","",https://eol.org/pages/46580469,Vietnamese,,2021-07-27T15:42:21Z
154282,Cá Bò gai vây,vi,"","",http://www.catalogueoflife.org/annual-checklist/details/species/id/10084940/common/227973,Vietnamese,,2021-07-27T16:40:12Z
97167,Cá Bướm nâu nhạt,vi,"","",http://www.catalogueoflife.org/annual-checklist/details/species/id/10069767/common/30549,Vietnamese,,2021-07-27T17:47:14Z
49641,Cà Đuôi gai nâu hồng,vi,"","",http://www.catalogueoflife.org/annual-checklist/details/species/id/10066719/common/55518,Vietnamese,,2021-07-28T14:06:17Z
49639,Cá Mú đỏ,vi,"","",http://www.catalogueoflife.org/annual-checklist/details/species/id/10073047/common/60692,Vietnamese,,2021-07-29T00:09:57Z
52559,Bộ Cá chình điện,vi,"","",https://eol.org/pages/5477,Vietnamese,,2021-07-29T03:29:32Z
99786,Cá chình điện,vi,"","",https://eol.org/pages/206595,Vietnamese,,2021-07-29T03:29:33Z
133993,Cá bốn mắt vảy lớn,vi,"","",https://eol.org/pages/46566850,Vietnamese,,2021-07-29T03:36:48Z
30164,Rắn râu,vi,"","",,Vietnamese,Zane Roskoph,2021-07-29T22:13:30Z
47516,Cá hồi vân,vi,"","",,Vietnamese,Zane Roskoph,2021-07-30T01:51:50Z
30867,Rắn lục đầu bạc,vi,"","",https://eol.org/pages/795624,Vietnamese,,2021-07-30T02:09:47Z
53669,Cá bò răng đỏ,vi,"","",https://eol.org/pages/46570702,Vietnamese,,2021-07-30T11:46:46Z
41970,Báo đốm,vi,"","",,Vietnamese,Zane Roskoph,2021-07-30T12:21:45Z
102816,Cá Ngựa,vi,"","",,Vietnamese,Zane Roskoph,2021-07-30T12:46:05Z
102816,Cá ngựa vằn,vi,"","",https://eol.org/pages/46567790,Vietnamese,,2021-07-30T12:46:37Z
41972,Báo gấm,vi,"","",,Vietnamese,Zane Roskoph,2021-07-30T13:05:48Z
74753,Báo gấm Sunda,vi,"","",,Vietnamese,Zane Roskoph,2021-07-30T13:08:03Z
50873,Cá mập trắng lớn,vi,"","",,Vietnamese,Zane Roskoph,2021-07-30T14:10:56Z
110381,Cá đao thường,vi,"","",https://eol.org/pages/46560361,Vietnamese,,2021-07-30T14:40:59Z
84996,Cá mập bò mắt trắng,vi,"","",,Vietnamese,Zane Roskoph,2021-07-30T14:54:22Z
26076,Cá sấu Philippines,vi,"","",,Vietnamese,Zane Roskoph,2021-07-30T15:11:22Z
26061,Cá sấu Cuba,vi,"","",,Vietnamese,Zane Roskoph,2021-07-30T15:24:40Z
121321,Cá ếch khổng lồ,vi,"","",https://eol.org/pages/46565910,Vietnamese,,2021-07-30T18:57:26Z
83884,Cá bò Picasso,vi,"","",https://eol.org/pages/46570689,Vietnamese,,2021-07-30T19:11:43Z
42007,Báo sư tử,vi,"","",,Vietnamese,Zane Roskoph,2021-08-01T02:01:29Z
52456,Cá Mú bịp,vi,"","",http://www.catalogueoflife.org/annual-checklist/details/species/id/10073036/common/61377,Vietnamese,,2021-08-01T14:19:39Z
52456,Cá mú chấm lam,vi,"","",https://eol.org/pages/46579769,Vietnamese,,2021-08-01T14:30:44Z
67182,Ếch Seychelles Gardiner,vi,"","",https://eol.org/pages/1039177,Vietnamese,,2021-08-01T15:06:39Z
539233,Rùa khổng lồ Aldabra,vi,"","",https://eol.org/pages/52231890,Vietnamese,,2021-08-01T16:56:38Z
123749,Gấu Kermode,vi,"","",,Vietnamese,Zane Roskoph,2021-08-02T00:43:40Z
952693,Chuột nhảy lùn ba ngón,vi,"","",,Vietnamese,Zane Roskoph,2021-08-02T14:11:36Z
35172,Rắn Taipan nội địa,vi,"","",,Vietnamese,Zane Roskoph,2021-08-02T14:34:21Z
30472,Rắn hổ mang chúa,vi,"","",,Vietnamese,Zane Roskoph,2021-08-02T18:46:44Z
30472,Rắn hổ chúa,vi,"","",,Vietnamese,Zane Roskoph,2021-08-02T18:46:58Z
30472,Rắn hổ mây,vi,"","",,Vietnamese,Zane Roskoph,2021-08-02T18:47:22Z
26081,Cá sấu Orinoco,vi,"","",,Vietnamese,Zane Roskoph,2021-08-02T23:39:26Z
52459,Cá đuôi gai vàng,vi,"","",https://eol.org/pages/46577088,Vietnamese,,2021-08-03T13:14:01Z
112325,Cá rồng châu Á,vi,"","",https://eol.org/pages/994537,Vietnamese,,2021-08-03T13:37:51Z
112841,Cá mập Greenland,vi,"","",https://eol.org/pages/46560310,Vietnamese,Victor HOYEAU,2021-08-03T15:37:54Z
34246,Tắc kè lùn William,vi,"","",,Vietnamese,Zane Roskoph,2021-08-05T12:34:04Z
54536,Hải long cỏ,vi,"","",https://eol.org/pages/46567739,Vietnamese,,2021-08-05T13:19:11Z
49105,Hải long lá,vi,"","",https://eol.org/pages/46567737,Vietnamese,,2021-08-05T13:49:00Z
371890,Cá quả dứa,vi,"","",https://eol.org/pages/46567379,Vietnamese,,2021-08-05T17:25:39Z
130176,Tảo Ireland,vi,"","",,Vietnamese,Zane Roskoph,2021-08-05T18:08:22Z
719045,Tiêu liêu St Kilda,vi,"","",,Vietnamese,Zane Roskoph,2021-08-06T14:43:50Z
636795,Hương thảo,vi,"","",,Vietnamese,bangca,2021-08-09T01:32:55Z
520718,Bạch tuộc viền xanh,vi,"","",https://eol.org/pages/581023,Vietnamese,,2021-08-09T11:17:30Z
199917,Bạch tuộc đốm xanh lớn,vi,"","",https://eol.org/pages/491995,Vietnamese,,2021-08-09T11:22:01Z
372111,Bạch tuộc đốm xanh phía nam,vi,"","",https://eol.org/pages/591395,Vietnamese,,2021-08-09T11:27:17Z
199918,Bạch tuộc đốm xanh,vi,"","",,Vietnamese,Zane Roskoph,2021-08-09T11:35:21Z
460249,Cá phổi Queensland,vi,"","",https://eol.org/pages/339109,Vietnamese,,2021-08-09T12:29:17Z
56072,Cá trạng nguyên,vi,"","",https://eol.org/pages/46571393,Vietnamese,,2021-08-09T13:29:12Z
187508,Cá lang,vi,"","",http://www.catalogueoflife.org/annual-checklist/details/species/id/10081428/common/127756,Vietnamese,,2021-08-09T14:15:54Z
187501,Cá Lang,vi,"","",http://www.catalogueoflife.org/annual-checklist/details/species/id/10081415/common/127848,Vietnamese,,2021-08-09T14:15:54Z
94494,Cá hải tượng long,vi,"","",https://eol.org/pages/204868,Vietnamese,Cole Gaerber,2021-08-09T14:29:01Z
41676,Mèo đuôi vòng,vi,"","",,Vietnamese,Zane Roskoph,2021-08-09T15:12:57Z
331121,Chanh ta,vi,"","",,Vietnamese,Zane Roskoph,2021-08-10T12:30:25Z
123356,Thanh yên,vi,"","",https://eol.org/pages/582203,Vietnamese,,2021-08-10T12:50:59Z
765432,Yuzu,vi,"","",,Vietnamese,Zane Roskoph,2021-08-10T13:16:12Z
915545,Chanh Sudachi,vi,"","",,Vietnamese,Zane Roskoph,2021-08-10T13:21:35Z
35324,Cự đà đất Galapagos,vi,"","",,Vietnamese,Zane Roskoph,2021-08-10T19:11:36Z
35325,Cự đà đất Barrington,vi,"","",,Vietnamese,Zane Roskoph,2021-08-10T19:18:39Z
35347,Kỳ nhông biển,vi,"","",https://eol.org/pages/46559659,Vietnamese,,2021-08-10T19:54:33Z
144516,Mòng biển dung nham,vi,"","",,Vietnamese,Zane Roskoph,2021-08-11T11:55:39Z
4555,Mòng biển trắng ngà,vi,"","",,Vietnamese,Zane Roskoph,2021-08-11T12:25:18Z
4564,Mòng biển đuôi nhạn,vi,"","",,Vietnamese,Zane Roskoph,2021-08-11T12:38:21Z
3802,Ó biển phương Bắc,vi,"","",https://eol.org/pages/45509065,Vietnamese,,2021-08-11T15:52:20Z
41644,Gấu trắng Bắc Cực,vi,"","",https://eol.org/pages/46559143,Vietnamese,,2021-08-11T17:11:32Z
607520,Cá nhám mèo Galápagos,vi,"","",,Vietnamese,Zane Roskoph,2021-08-11T18:18:55Z
41738,Sư tử biển Galápagos,vi,"","",https://eol.org/pages/46559214,Vietnamese,,2021-08-11T19:18:26Z
41724,Hải cẩu báo,vi,"","",https://eol.org/pages/46559181,Vietnamese,,2021-08-11T19:32:05Z
52323,Cá Mó gai - ma,vi,"","",http://www.catalogueoflife.org/annual-checklist/details/species/id/10076294/common/142068,Vietnamese,,2021-08-12T16:07:05Z
147527,Báo săn châu Á,vi,"","",https://eol.org/pages/1252905,Vietnamese,,2021-08-13T11:47:05Z
41955,báo săn,vi,"","",,Vietnamese,Zane Roskoph,2021-08-13T12:33:22Z
41955,báo gêpa,vi,"","",,Vietnamese,Zane Roskoph,2021-08-13T12:33:41Z
147526,Báo săn Bắc Phi,vi,"","",https://eol.org/pages/1271376,Vietnamese,,2021-08-13T12:59:33Z
41747,Hải cẩu lông mao Galápagos,vi,"","",https://www.inaturalist.org/taxon_names/2641246/edit,Vietnamese,,2021-08-14T06:59:50Z
112581,Cá nheo châu Âu,vi,"","",https://eol.org/pages/46581838,Vietnamese,,2021-08-14T18:29:57Z
102975,Cá tầm Beluga,vi,"","",https://eol.org/pages/46561184,Vietnamese,,2021-08-14T19:01:20Z
41553,Cá voi xanh,vi,"","",https://eol.org/pages/46559433,Vietnamese,Donald Davesne,2021-08-15T15:41:50Z
41570,Cá voi đầu bò Bắc Đại Tây Dương,vi,"","",https://eol.org/pages/46559421,Vietnamese,Victor HOYEAU,2021-08-15T17:25:28Z
41461,Cá voi trắng,vi,"","",https://eol.org/pages/46559337,Vietnamese,,2021-08-15T20:22:54Z
367871,Tuần lộc Svalbard,vi,"","",,Vietnamese,Zane Roskoph,2021-08-18T15:59:13Z
493695,Cá dao ma đen,vi,"","",,Vietnamese,Zane Roskoph,2021-08-19T14:33:28Z
187185,Cá bong mát tre,vi,"","",http://www.catalogueoflife.org/annual-checklist/details/species/id/10073873/common/108649,Vietnamese,,2021-08-24T11:49:20Z
41964,Sư tử,vi,"","",,Vietnamese,Zane Roskoph,2021-08-24T12:41:42Z
74831,Báo tuyết,vi,"","",,Vietnamese,Zane Roskoph,2021-08-25T12:34:37Z
42407,Bò bizon châu Âu,vi,"","",,Vietnamese,Zane Roskoph,2021-08-25T14:05:28Z
42052,Sói đỏ Bắc Mỹ,vi,"","",,Vietnamese,Zane Roskoph,2021-08-25T15:38:54Z
130796,Hổ Siberi,vi,"","",,Vietnamese,Zane Roskoph,2021-08-26T14:49:43Z
130796,Hổ Siberia,vi,"","",,Vietnamese,Zane Roskoph,2021-08-26T14:49:59Z
130796,Cọp Siberi,vi,"","",,Vietnamese,Zane Roskoph,2021-08-26T14:50:13Z
41967,Hổ,vi,"","",,Vietnamese,Zane Roskoph,2021-08-26T16:39:09Z
41967,Cọp,vi,"","",,Vietnamese,Zane Roskoph,2021-08-26T16:39:29Z
130799,Hổ Sumatra,vi,"","",,Vietnamese,Zane Roskoph,2021-08-26T17:07:20Z
130799,Hổ Bali,vi,"","",,Vietnamese,Zane Roskoph,2021-08-27T11:30:04Z
130799,Hổ Java,vi,"","",,Vietnamese,Zane Roskoph,2021-08-27T11:48:57Z
130793,Hổ Bengal,vi,"","",,Vietnamese,Zane Roskoph,2021-08-27T12:44:52Z
130793,Hổ Mã Lai,vi,"","",,Vietnamese,Zane Roskoph,2021-08-27T14:00:52Z
130793,Cọp Mã Lai,vi,"","",,Vietnamese,Zane Roskoph,2021-08-27T14:01:06Z
130793,Hổ Malaysia,vi,"","",,Vietnamese,Zane Roskoph,2021-08-27T14:01:18Z
130793,Cọp Malaysia,vi,"","",,Vietnamese,Zane Roskoph,2021-08-27T14:01:31Z
130793,Hổ Đông Dương,vi,"","",,Vietnamese,Zane Roskoph,2021-08-27T14:23:22Z
130793,Hổ Hoa Nam,vi,"","",,Vietnamese,Zane Roskoph,2021-08-27T14:43:47Z
130796,Hổ Ba Tư,vi,"","",,Vietnamese,Zane Roskoph,2021-08-27T15:49:22Z
130796,Hổ Caspi,vi,"","",,Vietnamese,Zane Roskoph,2021-08-27T15:49:42Z
39453,Kỳ đà khổng lồ,vi,"","",,Vietnamese,Zane Roskoph,2021-08-27T16:09:26Z
31519,Thằn lằn quỷ gai,vi,"","",,Vietnamese,Zane Roskoph,2021-08-27T17:42:38Z
101561,Cá mũi voi Peters,vi,"","",,Vietnamese,Zane Roskoph,2021-08-28T17:10:22Z
54441,Cá Chình bông,vi,"","",http://www.catalogueoflife.org/annual-checklist/details/species/id/10053590/common/123251,Vietnamese,,2021-08-29T12:09:29Z
153280,Cá Khế vây vàng,vi,"","",http://www.catalogueoflife.org/annual-checklist/details/species/id/10069945/common/133367,Vietnamese,,2021-08-29T12:24:24Z
51392,Cá vược sọc,vi,"","",,Vietnamese,Zane Roskoph,2021-08-30T12:13:43Z
106222,Cá Đối mục,vi,"","",http://www.catalogueoflife.org/annual-checklist/2012/details/species/id/9741333,Vietnamese,,2021-09-01T12:19:55Z
142970,Cá Chình,vi,"","",,Vietnamese,Zane Roskoph,2021-09-11T19:03:35Z
196708,Cá Mào gà chấm đỏ,vi,"","",http://www.catalogueoflife.org/annual-checklist/2012/details/species/id/9741333,Vietnamese,,2021-09-11T19:10:14Z
196838,Cá Phèn hong,vi,"","",http://www.catalogueoflife.org/annual-checklist/2012/details/species/id/9741333,Vietnamese,Victor HOYEAU,2021-09-12T23:32:49Z
196838,Cá Phèn hồng,vi,"","",http://www.catalogueoflife.org/annual-checklist/2012/details/species/id/9741333,Vietnamese,Victor HOYEAU,2021-09-12T23:32:50Z
84181,Cá Bướm đế,vi,"","",http://www.catalogueoflife.org/annual-checklist/2012/details/species/id/9741333,Vietnamese,,2021-09-13T12:53:10Z
84181,Cá Chim Hoàng đế,vi,"","",http://www.catalogueoflife.org/annual-checklist/2012/details/species/id/9741333,Vietnamese,,2021-09-13T12:53:18Z
100778,Cá Rồng thân to,vi,"","",http://www.catalogueoflife.org/annual-checklist/2012/details/species/id/9741333,Vietnamese,Mark Rosenstein,2021-09-15T19:35:43Z
530730,Cá Đai chình,vi,"","",,Vietnamese,Zane Roskoph,2021-09-15T22:58:40Z
194883,Cá Thu rắn,vi,"","",http://www.catalogueoflife.org/annual-checklist/2012/details/species/id/9741333,Vietnamese,,2021-09-18T15:39:00Z
114122,Cá ngir vây dài,vi,"","",http://www.catalogueoflife.org/annual-checklist/2012/details/species/id/9741333,Vietnamese,Donald Davesne,2021-09-18T19:04:20Z
49601,Cá Mặt trăng,vi,"","",,Vietnamese,Zane Roskoph,2021-09-19T15:46:55Z
47257,Cá Thu ngàng,vi,"","",http://www.catalogueoflife.org/annual-checklist/2012/details/species/id/9741333,Vietnamese,,2021-09-20T00:54:53Z
120645,Cá Rang lòi,vi,"","",http://www.catalogueoflife.org/annual-checklist/2012/details/species/id/9741333,Vietnamese,,2021-10-03T14:35:58Z
459198,Cá Chồn gai,vi,"","",http://www.catalogueoflife.org/annual-checklist/2012/details/species/id/9741333,Vietnamese,,2021-10-03T16:53:16Z
618749,Cá Chồn gai,vi,"","",http://www.catalogueoflife.org/annual-checklist/2012/details/species/id/9741333,Vietnamese,,2021-10-03T16:53:17Z
120612,Cá Mắt xanh,vi,"","",http://www.catalogueoflife.org/annual-checklist/2012/details/species/id/9741333,Vietnamese,,2021-10-03T18:12:02Z
97004,Cá Mú đỏ nâu,vi,"","",http://www.catalogueoflife.org/annual-checklist/2012/details/species/id/9741333,Vietnamese,,2021-10-09T16:52:01Z
187098,Cá nóc vàng,vi,"","",http://www.catalogueoflife.org/annual-checklist/2012/details/species/id/9741333,Vietnamese,,2021-10-09T17:01:45Z
47822,Ruồi,vi,"","",,Vietnamese,minhkhang,2021-10-21T02:03:48Z
120657,Cá Chuồn bay,vi,"","",http://www.catalogueoflife.org/annual-checklist/2012/details/species/id/9741333,Vietnamese,,2021-10-23T15:06:01Z
49269,Cá Nóc Nhiêm,vi,"","",http://www.catalogueoflife.org/annual-checklist/2012/details/species/id/9741333,Vietnamese,Małgorzata Śliż,2021-11-07T23:56:35Z
52313,Cá Nóc Nhiêm,vi,"","",http://www.catalogueoflife.org/annual-checklist/2012/details/species/id/9741333,Vietnamese,Victor HOYEAU,2021-11-07T23:56:35Z
49269,Cá Nóc nhím sáu vằn,vi,"","",http://www.catalogueoflife.org/annual-checklist/2012/details/species/id/9741333,Vietnamese,Małgorzata Śliż,2021-11-07T23:56:43Z
1316700,Cá đàn lia,vi,"","",https://www.inaturalist.org/taxon_names/2619629/edit,Vietnamese,,2021-11-23T22:31:21Z
97440,Cá Nhám trúc vằn điểm sao,vi,"","",http://www.catalogueoflife.org/annual-checklist/2012/details/species/id/9741333,Vietnamese,,2021-12-04T03:23:38Z
97441,Cá Nhám trúc vằn,vi,"","",,Vietnamese,Zane Roskoph,2021-12-04T03:40:11Z
109002,Cá Rồng bay,vi,"","",http://www.catalogueoflife.org/annual-checklist/2012/details/species/id/9741333,Vietnamese,,2021-12-04T03:53:28Z
530660,Cá Chai,vi,"","",http://www.catalogueoflife.org/annual-checklist/2012/details/species/id/9741333,Vietnamese,,2021-12-04T03:53:47Z
109002,Cá Chai,vi,"","",http://www.catalogueoflife.org/annual-checklist/2012/details/species/id/9741333,Vietnamese,,2021-12-04T03:53:47Z
609759,Cá chai,vi,"","",http://www.catalogueoflife.org/annual-checklist/2012/details/species/id/9741333,Vietnamese,,2021-12-04T03:53:48Z
98191,Cá Chai,vi,"","",http://www.catalogueoflife.org/annual-checklist/2012/details/species/id/9741333,Vietnamese,,2021-12-04T03:53:48Z
619296,Cá Chai,vi,"","",http://www.catalogueoflife.org/annual-checklist/2012/details/species/id/9741333,Vietnamese,,2021-12-04T03:53:48Z
109634,Cá Chai,vi,"","",http://www.catalogueoflife.org/annual-checklist/2012/details/species/id/9741333,Vietnamese,,2021-12-04T03:53:48Z
180750,Cá chài,vi,"","",http://www.catalogueoflife.org/annual-checklist/2012/details/species/id/9741333,Vietnamese,Tan Kok Hui,2021-12-04T03:53:49Z
471636,Cá Tráo trác hai sọc,vi,"","",http://www.catalogueoflife.org/annual-checklist/2012/details/species/id/9741333,Vietnamese,,2021-12-04T14:37:28Z
93987,Cá rô dông,vi,"","",http://www.catalogueoflife.org/annual-checklist/2012/details/species/id/9741333,Vietnamese,,2021-12-04T16:56:23Z
93987,Cá ro dong,vi,"","",http://www.catalogueoflife.org/annual-checklist/2012/details/species/id/9741333,Vietnamese,,2021-12-04T16:56:24Z
93987,Cá Rô đồng,vi,"","",,Vietnamese,Zane Roskoph,2021-12-04T16:56:57Z
173412,Cá bay màu,vi,"","",http://www.catalogueoflife.org/annual-checklist/2012/details/species/id/9741333,Vietnamese,,2021-12-24T00:34:43Z
429587,Bọ rùa đỏ,vi,"","",,Vietnamese,Phan Vũ Phúc Lân,2021-12-26T08:17:21Z
121661,Cá Nóc sứng đuôi dài,vi,"","",http://www.catalogueoflife.org/annual-checklist/2012/details/species/id/9741333,Vietnamese,,2021-12-28T15:58:34Z
188583,Cá Sặc bươm,vi,"","",http://www.catalogueoflife.org/annual-checklist/2012/details/species/id/9741333,Vietnamese,,2021-12-31T06:00:38Z
188583,Cá sac buòm,vi,"","",http://www.catalogueoflife.org/annual-checklist/2012/details/species/id/9741333,Vietnamese,,2021-12-31T06:00:38Z
48163,Cây Sa la,vi,"","",,Vietnamese,minhkhang,2022-01-10T10:39:57Z
67710,Cây Lưỡi Hổ,vi,Vietnam,VN,,Vietnamese,minhkhang,2022-01-13T02:52:23Z
47144,Chó,vi,"","",,Vietnamese,minhkhang,2022-01-13T03:37:32Z
318654,Tắc ké,vi,"","",,Vietnamese,Phan Vũ Phúc Lân,2022-01-31T15:01:19Z
318654,Nhông xám Nam bộ,vi,"","",,Vietnamese,Phan Vũ Phúc Lân,2022-01-31T15:15:34Z
105252,Cá Chạch bông,vi,"","",http://www.catalogueoflife.org/annual-checklist/2012/details/species/id/9741333,Vietnamese,,2022-03-09T23:18:21Z
105252,Cá chachlau,vi,"","",http://www.catalogueoflife.org/annual-checklist/2012/details/species/id/9741333,Vietnamese,,2022-03-09T23:18:34Z
95038,Cá Chiên,vi,"","",https://www.inaturalist.org/taxon_names/2619209/edit,Vietnamese,,2022-03-24T06:45:40Z
95038,Cá chiên sông,vi,"","",https://eol.org/pages/220236,Vietnamese,,2022-03-24T06:45:41Z
74319,Linh dương gazelle đỏ,vi,"","",https://www.inaturalist.org/taxon_names/2631558/edit,Vietnamese,,2022-03-24T20:30:37Z
47533,Lớp San hô,vi,"","",,Vietnamese,John E. Christensen,2022-04-01T11:45:20Z
774753,Cầu gai,vi,"","",,Vietnamese,John E. Christensen,2022-04-01T11:57:01Z
361865,Rau răm,vi,"","",,Vietnamese,maplerice,2022-05-24T10:58:47Z
130531,Tung,vi,"","",,Vietnamese,Phan Vũ Phúc Lân,2022-07-12T08:43:47Z
1412606,Báo xuân đón lộc.,vi,Vietnam,VN,,Vietnamese,galanhsnu,2022-09-01T01:14:21Z
57774,Tảo đỏ,vi,"","",,Vietnamese,John E. Christensen,2022-09-29T12:11:18Z
1129137,Thạch sùng dẹp bonkowski,vi,"","",,Vietnamese,henryra,2022-10-01T15:18:44Z
136329,Ngành Thông,vi,"","",,Vietnamese,John E. Christensen,2022-11-02T11:00:11Z
60460,Thủy vu,vi,"","",,Vietnamese,Марина Горбунова-Ëлкина,2022-12-11T07:48:25Z
48201,Họ Bọ hung,vi,"","",,Vietnamese,John E. Christensen,2022-12-20T14:17:17Z
614076,Cá chìa vôi biển,vi,"","",,Vietnamese,José Pedro De Campos Fogaça,2023-01-02T23:48:47Z
614076,Cá chìa vôi,vi,"","",,Vietnamese,José Pedro De Campos Fogaça,2023-01-02T23:49:17Z
127514,Bồ đề,vi,"","",,Vietnamese,Phan Vũ Phúc Lân,2023-01-16T05:55:57Z
489837,Lâm vồ,vi,"","",,Vietnamese,Phan Vũ Phúc Lân,2023-01-16T05:56:42Z
20903,Cun cút ngực đen,vi,"","",,Vietnamese,pigeonlister,2023-01-30T00:51:26Z
47604,Họ Cúc,vi,"","",,Vietnamese,John E. Christensen,2023-01-30T13:51:32Z
71297,Cò mỏ giày,vi,"","",,Vietnamese,John E. Christensen,2023-01-31T12:43:42Z
363256,Mai Vàng,vi,"","",,Vietnamese,Phan Vũ Phúc Lân,2023-01-31T14:40:52Z
183253,Má đào,vi,"","",,Vietnamese,Jing-Yi Lu,2023-02-28T08:37:23Z
183254,Má đào nhọn,vi,"","",,Vietnamese,Jing-Yi Lu,2023-02-28T08:38:33Z
64443,Sầu riêng,vi,"","",,Vietnamese,Steven Kurniawidjaja,2023-03-16T22:22:10Z
123001,Măng cụt,vi,"","",,Vietnamese,Steven Kurniawidjaja,2023-03-16T22:29:04Z
322878,Roi,vi,"","",,Vietnamese,Steven Kurniawidjaja,2023-03-16T22:31:39Z
556896,chòi mòi nhật,vi,"","",,Vietnamese,Bodo Nuñez Oberg,2023-03-17T19:19:13Z
1396774,dó dây,vi,"","",https://www.inaturalist.org/taxon_names/1642380/edit,Vietnamese,,2023-04-02T02:38:31Z
48516,Họ Cà,vi,"","",,Vietnamese,John E. Christensen,2023-04-21T15:38:32Z
35481,Liu điu,vi,"","",,Vietnamese,Phan Vũ Phúc Lân,2023-06-20T13:09:56Z
69235,Hồng Môn,vi,Vietnam,VN,,Vietnamese,Thịnh Nguyễn,2023-07-05T05:21:07Z
345950,Lộc Vừng,vi,Vietnam,VN,,Vietnamese,Thịnh Nguyễn,2023-07-05T05:23:37Z
166746,Chùm Ruột,vi,Vietnam,VN,,Vietnamese,Thịnh Nguyễn,2023-07-05T05:30:23Z
54299,Bưởi,vi,Vietnam,VN,,Vietnamese,Thịnh Nguyễn,2023-07-05T05:40:33Z
126405,Thu Hải Đường,vi,Vietnam,VN,,Vietnamese,Thịnh Nguyễn,2023-07-05T05:44:27Z
126515,Phát Tài,vi,Vietnam,VN,,Vietnamese,Thịnh Nguyễn,2023-07-05T05:58:32Z
126515,Thiết Mộc Lan,vi,Vietnam,VN,,Vietnamese,Thịnh Nguyễn,2023-07-05T05:58:55Z
355545,Kiến Ba Khoang,vi,Vietnam,VN,,Vietnamese,Thịnh Nguyễn,2023-07-06T13:09:10Z
284040,Lan Ý,vi,Vietnam,VN,,Vietnamese,Thịnh Nguyễn,2023-07-06T13:11:48Z
246102,Sài Đất Ba Thùy,vi,Vietnam,VN,,Vietnamese,Thịnh Nguyễn,2023-07-06T13:13:42Z
615048,cá đèn cầy,vi,"","",,Vietnamese,Bobby McCabe,2023-08-08T23:19:44Z
26053,Ngóe,vi,"","",,Vietnamese,Phan Vũ Phúc Lân,2023-08-10T09:42:53Z
26448,Ếch cây orlov,vi,"","",,Vietnamese,Seongwoon_Lee,2023-09-01T04:46:54Z
160294,Rau răm,vi,"","",,Vietnamese,maplerice,2023-09-04T08:04:18Z
75732,Rau đắng biển,vi,"","",,Vietnamese,maplerice,2023-09-04T08:32:40Z
344960,Lá lốt,vi,"","",,Vietnamese,maplerice,2023-09-05T07:25:31Z
191448,Trái Say,vi,"","",,Vietnamese,Steven Kurniawidjaja,2023-09-18T06:39:42Z
30996,Rắn lục cườm,vi,Vietnam,VN,,Vietnamese,earthknight,2023-10-11T09:15:31Z
