id,vernacularName,language,locality,countryCode,source,lexicon,contributor,created
290762,chipin sox,und,"","",,Huave,Ken-ichi Ueda,2013-05-16T08:05:37Z
283139,iind,und,"","",,Huave,Ken-ichi Ueda,2013-05-16T08:15:27Z
154828,ox,und,"","",,Huave,Adrian Bojorquez,2013-05-16T08:21:05Z
199217,ox,und,"","",,Huave,Bodo Nuñez Oberg,2013-05-16T08:21:05Z
278589,ox,und,"","",,Huave,Ken-ichi Ueda,2013-05-16T08:21:05Z
47535,Cuac,und,"","",,Huave,Diego Barrales,2015-04-30T00:35:14Z
54028,Cajmbiül mex,und,"","",,Huave,Diego Barrales,2015-04-30T00:39:16Z
47424,Chiüplüw,und,"","",,Huave,Diego Barrales,2015-04-30T00:40:56Z
48894,Napüp,und,"","",,Huave,Diego Barrales,2015-04-30T00:42:48Z
52156,Nguix,und,"","",,Huave,Diego Barrales,2015-04-30T00:43:58Z
47371,Ngwean xax,und,"","",,Huave,Diego Barrales,2015-04-30T00:46:16Z
