id,vernacularName,language,locality,countryCode,source,lexicon,contributor,created
64134,kasili,und,"","",,Tongva,Mike Dillon,2013-11-20T16:30:48Z
50643,kasili,und,"","",,Tongva,Mike Dillon,2013-11-20T16:31:33Z
53357,pawots,und,"","",,Tongva,Mike Dillon,2013-11-20T16:33:35Z
54999,wilakal,und,"","",,Tongva,Mike Dillon,2013-11-20T16:34:44Z
47146,hu'utah,und,"","",,Tongva,Mike Dillon,2013-11-20T16:35:32Z
75598,wikwat,und,"","",,Tongva,Mike Dillon,2013-11-20T16:36:15Z
58362,ako,und,"","",,Tongva,Mike Dillon,2013-11-20T16:37:02Z
53351,tukunet,und,"","",,Tongva,Mike Dillon,2013-11-20T16:37:38Z
55133,sobochesh,und,"","",,Tongva,Mike Dillon,2013-11-20T16:38:41Z
58231,shavar,und,"","",,Tongva,Mike Dillon,2013-11-20T16:39:16Z
57913,tokor mamahar,und,"","",,Tongva,Mike Dillon,2013-11-20T16:43:41Z
54942,kochar,und,"","",,Tongva,Mike Dillon,2013-11-20T16:44:51Z
53405,ashuwet,und,"","",,Tongva,Mike Dillon,2013-11-20T16:45:23Z
47850,weht,und,"","",,Tongva,Mike Dillon,2013-11-20T17:17:18Z
48807,takápe kakáaka,und,"","",,Tongva,Mike Dillon,2013-11-20T18:54:43Z
49674,iswish,und,"","",,Tongva,Mike Dillon,2013-11-20T18:55:23Z
59094,suul,und,"","",,Tongva,Mike Dillon,2013-11-20T18:58:38Z
53453,sáhshat,und,"","",,Tongva,Mike Dillon,2013-11-20T18:59:15Z
53437,otsur,und,"","",,Tongva,Mike Dillon,2013-11-20T18:59:47Z
52643,soar,und,"","",,Tongva,Mike Dillon,2013-11-20T19:01:44Z
58738,tsameesh,und,"","",,Tongva,Mike Dillon,2017-08-30T00:50:28Z
765394,kuut,und,"","",,Tongva,cassi saari,2018-09-28T13:16:27Z
75296,amul,und,"","",,Tongva,David Greenberger,2020-07-19T00:02:03Z
75757,yatatko,und,"","",,Tongva,David Greenberger,2020-07-19T00:02:38Z
49919,kwingily,und,"","",,Tongva,David Greenberger,2020-07-19T00:03:14Z
54503,takápe wáshut,und,"","",,Tongva,David Greenberger,2020-07-19T00:03:57Z
49918,tukupar ahen,und,"","",,Tongva,David Greenberger,2020-07-19T00:05:06Z
64141,pa'akal,und,"","",,Tongva,David Greenberger,2020-07-19T00:05:51Z
48225,mekachaa,und,"","",,Tongva,David Greenberger,2020-07-19T00:10:15Z
63923,pavaskavit,und,"","",,Tongva,David Greenberger,2020-07-19T00:10:57Z
51092,weeaht,und,"","",,Tongva,David Greenberger,2020-07-19T00:11:30Z
60316,miish,und,"","",,Tongva,David Greenberger,2020-07-19T00:11:55Z
52120,avakhat,und,"","",,Tongva,David Greenberger,2020-07-19T00:13:06Z
47129,kochar,und,"","",,Tongva,David Greenberger,2020-07-19T00:13:32Z
79315,yatatkosot,und,"","",,Tongva,David Greenberger,2020-07-19T00:14:14Z
53134,mighali,und,"","",,Tongva,David Greenberger,2020-07-19T00:14:46Z
57019,ahiko ahen,und,"","",,Tongva,David Greenberger,2020-07-19T00:15:18Z
143799,hukaat,und,"","",,Tongva,David Greenberger,2020-07-19T00:15:44Z
143799,ku'ut,und,"","",,Tongva,David Greenberger,2020-07-19T00:16:18Z
50184,maawel,und,"","",,Tongva,David Greenberger,2020-07-19T00:16:43Z
55436,tevanebich,und,"","",,Tongva,David Greenberger,2020-07-19T00:17:19Z
63609,kwiashili,und,"","",,Tongva,David Greenberger,2020-07-19T00:17:50Z
57250,donketsip,und,"","",,Tongva,David Greenberger,2020-07-19T00:18:24Z
52724,popoot,und,"","",,Tongva,David Greenberger,2020-07-19T00:18:57Z
64122,atuno'nar,und,"","",,Tongva,David Greenberger,2020-07-19T00:20:10Z
55009,sorah,und,"","",,Tongva,David Greenberger,2020-07-19T00:20:30Z
47121,tahor atatuma,und,"","",,Tongva,David Greenberger,2020-07-19T00:21:11Z
47179,sobochesh,und,"","",,Tongva,David Greenberger,2020-07-19T00:21:43Z
52994,palsingili,und,"","",,Tongva,David Greenberger,2020-07-19T00:22:12Z
63977,toobe,und,"","",,Tongva,David Greenberger,2020-07-19T00:22:54Z
52854,kwiash,und,"","",,Tongva,David Greenberger,2020-07-19T00:23:28Z
51884,sachikili,und,"","",,Tongva,David Greenberger,2020-07-19T00:24:41Z
49343,oyeli,und,"","",,Tongva,David Greenberger,2020-07-19T00:25:01Z
47561,wáshot,und,"","",,Tongva,David Greenberger,2020-07-19T00:25:28Z
57892,tóvat,und,"","",,Tongva,David Greenberger,2020-07-19T00:26:44Z
50636,anungili,und,"","",,Tongva,David Greenberger,2020-07-19T00:27:50Z
51080,oar,und,"","",,Tongva,David Greenberger,2020-07-19T00:28:11Z
78266,chukal,und,"","",,Tongva,David Greenberger,2020-07-19T00:29:40Z
78266,naavot,und,"","",,Tongva,David Greenberger,2020-07-19T00:29:50Z
59556,kwahosha ahen,und,"","",,Tongva,David Greenberger,2020-07-19T00:30:39Z
58331,manit,und,"","",,Tongva,David Greenberger,2020-07-19T00:31:40Z
56752,kwahoshali,und,"","",,Tongva,David Greenberger,2020-07-19T00:32:13Z
64137,pawish,und,"","",,Tongva,David Greenberger,2020-07-19T00:32:33Z
47597,sapachóha,und,"","",,Tongva,David Greenberger,2020-07-19T00:33:00Z
49011,sheveh,und,"","",,Tongva,David Greenberger,2020-07-19T00:33:45Z
77959,takápe soot,und,"","",,Tongva,David Greenberger,2020-07-19T00:34:34Z
56631,yopehashako,und,"","",,Tongva,David Greenberger,2020-07-19T00:34:53Z
58349,soar,und,"","",,Tongva,David Greenberger,2020-07-19T00:35:47Z
76959,huherhetchut,und,"","",,Tongva,David Greenberger,2020-07-19T00:36:22Z
58362,ámuur,und,"","",,Tongva,David Greenberger,2020-07-19T00:36:45Z
1415102,tákape ahots,und,"","",https://www.inaturalist.org/taxon_names/527495/edit,Tongva,,2022-10-04T05:40:06Z
1493134,menékeesh,und,"","",https://www.inaturalist.org/taxon_names/2173997/edit,Tongva,,2023-09-01T21:57:43Z
47382,wereechey,und,"","",,Tongva,mmoscol,2024-04-07T21:49:01Z
42051,'iitar,und,"","",,Tongva,mmoscol,2024-04-07T21:53:30Z
126772,huunar,und,"","",,Tongva,mmoscol,2024-04-07T21:58:44Z
