id,vernacularName,language,locality,countryCode,source,lexicon,contributor,created
24473,txantxiku arrunta,eu,"","",,Basque,carnifex,2011-05-05T06:15:16Z
24045,Hegoaldeko zuhaitz-igel,eu,"","",,Basque,lwnrngr,2011-05-05T06:15:35Z
64377,uhandre palmatua,eu,"","",,Basque,lwnrngr,2011-05-05T06:16:35Z
74890,Katxalotea,eu,"","",,Basque,IngurumenaEJGV,2014-09-08T08:19:33Z
41428,Cuvier balea,eu,"","",,Basque,IngurumenaEJGV,2014-09-08T08:22:10Z
41550,Zere txikia,eu,"","",,Basque,IngurumenaEJGV,2014-09-08T08:25:26Z
41562,Zere handia,eu,"","",,Basque,IngurumenaEJGV,2014-09-08T08:29:01Z
41566,Xibarta,eu,"","",,Basque,IngurumenaEJGV,2014-09-08T08:31:10Z
41440,Mazopa,eu,"","",,Basque,IngurumenaEJGV,2014-09-08T09:08:07Z
41526,Izurde arrunta,eu,"","",,Basque,IngurumenaEJGV,2014-09-08T09:09:53Z
41494,Izurde zerrendatua,eu,"","",,Basque,IngurumenaEJGV,2014-09-08T09:11:29Z
41482,Izurde handia,eu,"","",,Basque,IngurumenaEJGV,2014-09-08T09:22:47Z
41541,Izurde muturmotza,eu,"","",,Basque,IngurumenaEJGV,2014-09-08T09:24:41Z
41529,Pilotu-izurde hegaluzea,eu,"","",,Basque,IngurumenaEJGV,2014-09-08T09:27:30Z
41521,Orka,eu,"","",,Basque,IngurumenaEJGV,2014-09-08T09:28:44Z
59202,Kaio hankahoria,eu,"","",,Basque,IngurumenaEJGV,2014-09-08T10:18:02Z
144512,Antxeta txikia,eu,"","",,Basque,IngurumenaEJGV,2014-09-08T10:20:28Z
144517,Antxeta burubeltza,eu,"","",,Basque,IngurumenaEJGV,2014-09-08T10:23:11Z
144510,Antxeta mokogorria,eu,"","",,Basque,IngurumenaEJGV,2014-09-08T12:22:51Z
4356,Kaio mokohoria,eu,"","",,Basque,IngurumenaEJGV,2014-09-08T12:25:41Z
4381,Kaio iluna,eu,"","",,Basque,IngurumenaEJGV,2014-09-08T12:27:11Z
204533,Kaio hauskara,eu,"","",,Basque,IngurumenaEJGV,2014-09-09T06:36:41Z
4361,Kaio ega-zuri,eu,"","",,Basque,IngurumenaEJGV,2014-09-09T06:39:52Z
4571,Sabine antxeta,eu,"","",,Basque,IngurumenaEJGV,2014-09-09T06:44:19Z
4494,Antzeta hankabeltza,eu,"","",,Basque,IngurumenaEJGV,2014-09-09T07:05:15Z
4349,Ipar kaioa,eu,"","",,Basque,IngurumenaEJGV,2014-09-09T07:07:35Z
4368,Kaio beltza,eu,"","",,Basque,IngurumenaEJGV,2014-09-09T07:18:19Z
3802,Atlantikoko zanga,eu,"","",,Basque,IngurumenaEJGV,2014-09-09T07:20:24Z
4270,Ubarroi handia,eu,"","",,Basque,IngurumenaEJGV,2014-09-09T07:44:20Z
4093,Gabai arrunta,eu,"","",,Basque,IngurumenaEJGV,2014-09-09T07:54:23Z
4109,Gabai mediterranearra,eu,"","",,Basque,IngurumenaEJGV,2014-09-09T07:57:29Z
73315,Gabai balearra,eu,"","",,Basque,IngurumenaEJGV,2014-09-09T08:05:26Z
4491,Marikoi isatsbihurra,eu,"","",,Basque,IngurumenaEJGV,2014-09-09T08:08:30Z
4489,Marikoi isatslaburra,eu,"","",,Basque,IngurumenaEJGV,2014-09-09T08:11:11Z
4481,Marikoi isatsluzea,eu,"","",,Basque,IngurumenaEJGV,2014-09-09T08:15:29Z
144297,Marikoi handia,eu,"","",,Basque,IngurumenaEJGV,2014-09-09T08:17:47Z
144541,Txenada hankabeltza,eu,"","",,Basque,IngurumenaEJGV,2014-09-09T08:19:58Z
4450,Txenada arrunta,eu,"","",,Basque,IngurumenaEJGV,2014-09-09T08:23:24Z
4449,Ipar-txenada,eu,"","",,Basque,IngurumenaEJGV,2014-09-09T08:25:04Z
144529,Txenada txikia,eu,"","",,Basque,IngurumenaEJGV,2014-09-09T08:26:37Z
4627,Aliota txikia,eu,"","",,Basque,IngurumenaEJGV,2014-09-09T08:28:39Z
4623,Aliota arktikoa,eu,"","",,Basque,IngurumenaEJGV,2014-09-09T08:30:38Z
4626,Aliota handia,eu,"","",,Basque,IngurumenaEJGV,2014-09-09T08:36:12Z
4209,Txilinporta urrebelarria,eu,"","",,Basque,IngurumenaEJGV,2014-09-09T08:38:46Z
4224,Murgil lepagorria,eu,"","",,Basque,IngurumenaEJGV,2014-09-09T08:41:22Z
4180,Fulmarra,eu,"","",,Basque,IngurumenaEJGV,2014-09-09T08:44:18Z
4170,Ekaitz txori txikia,eu,"","",,Basque,IngurumenaEJGV,2014-09-09T08:45:52Z
7024,Eiderra,eu,"","",,Basque,IngurumenaEJGV,2014-09-09T08:50:07Z
144221,Ahatebeltz arrunta,eu,"","",,Basque,IngurumenaEJGV,2014-09-09T08:51:57Z
6996,Zerra ertaina,eu,"","",,Basque,IngurumenaEJGV,2014-09-09T12:20:28Z
73203,Mendebal txori mokolodia,eu,"","",,Basque,IngurumenaEJGV,2014-09-09T12:24:15Z
4512,Itas enara,eu,"","",,Basque,IngurumenaEJGV,2014-09-09T12:26:00Z
4519,Martina arrunta,eu,"","",,Basque,IngurumenaEJGV,2014-09-10T06:17:25Z
4501,Pottorroa arrunta,eu,"","",,Basque,IngurumenaEJGV,2014-09-10T06:19:23Z
4504,Lanperna musua,eu,"","",,Basque,IngurumenaEJGV,2014-09-10T06:21:47Z
4524,Pottorro txikia,eu,"","",,Basque,IngurumenaEJGV,2014-09-10T06:24:17Z
13141,Harkaitz-zozo urdina,eu,"","",,Basque,IngurumenaEJGV,2014-09-10T06:26:10Z
4647,Belatz handia,eu,"","",,Basque,IngurumenaEJGV,2014-09-10T06:28:49Z
475120,Gabai handia,eu,"","",,Basque,IngurumenaEJGV,2015-10-07T03:46:47Z
502899,Gabai iluna,eu,"","",,Basque,IngurumenaEJGV,2016-08-01T00:28:24Z
335074,Gabia arrea,eu,"","",,Basque,IngurumenaEJGV,2016-10-06T23:12:28Z
342042,Gabia arrea,eu,"","",,Basque,IngurumenaEJGV,2016-10-06T23:15:49Z
1,Animaliak,eu,"","",http://eol.org/pages/59775440,Basque,Ken-ichi Ueda,2017-06-06T21:22:26Z
2,Kordatu,eu,"","",,Basque,John E. Christensen,2017-11-30T12:41:29Z
47158,Intsektu,eu,"","",,Basque,John E. Christensen,2017-11-30T22:17:47Z
47115,Molusku,eu,"","",,Basque,John E. Christensen,2017-12-08T10:09:59Z
3,Hegazti,eu,"","",,Basque,John E. Christensen,2017-12-10T14:08:09Z
49187,Castanea,eu,"","",,Basque,John E. Christensen,2017-12-17T11:07:51Z
50616,Gau-lore,eu,"","",,Basque,John E. Christensen,2017-12-24T13:13:24Z
43793,Europar kastore,eu,"","",,Basque,John E. Christensen,2017-12-30T15:26:09Z
47451,Konstantinoplako akazia,eu,"","",,Basque,John E. Christensen,2018-01-03T11:28:39Z
78555,Datil-palmondo,eu,"","",,Basque,John E. Christensen,2018-01-12T09:40:22Z
56348,Gentziana,eu,"","",,Basque,John E. Christensen,2018-01-17T06:40:29Z
40268,Saguzar,eu,"","",,Basque,John E. Christensen,2018-01-24T16:21:58Z
246134,Txipiroi,eu,"","",,Basque,John E. Christensen,2018-02-04T09:50:03Z
47668,Itsas izar,eu,"","",,Basque,John E. Christensen,2018-02-04T16:30:51Z
10070,Txonta arrunt,eu,"","",,Basque,John E. Christensen,2018-02-12T12:52:08Z
9398,Karnaba,eu,"","",,Basque,John E. Christensen,2018-02-14T11:06:45Z
53052,Mihilu,eu,"","",,Basque,John E. Christensen,2018-02-15T09:15:26Z
115167,Ezpata-arrain,eu,"","",,Basque,John E. Christensen,2018-02-17T13:16:36Z
47375,Pinofito,eu,"","",,Basque,John E. Christensen,2018-03-09T08:31:34Z
5305,Arrano buruzuri,eu,"","",,Basque,John E. Christensen,2018-03-23T10:46:40Z
56152,Hartz-baratxuri,eu,"","",,Basque,John E. Christensen,2018-04-02T06:30:09Z
160162,Txarpoil,eu,"","",,Basque,John E. Christensen,2018-05-04T16:10:25Z
67759,Martorri,eu,"","",,Basque,John E. Christensen,2018-05-06T07:28:27Z
131625,Zolda-belar,eu,"","",,Basque,John E. Christensen,2018-05-09T14:53:20Z
51884,Asun,eu,"","",,Basque,John E. Christensen,2018-05-11T19:58:04Z
53352,Haltz,eu,"","",,Basque,John E. Christensen,2018-05-12T19:24:16Z
64549,Gaitun sendagarri,eu,"","",,Basque,John E. Christensen,2018-05-15T09:07:56Z
43042,Triku arrunt,eu,"","",,Basque,John E. Christensen,2018-05-24T15:37:13Z
48332,Eszifozoo,eu,"","",,Basque,John E. Christensen,2018-06-17T16:46:57Z
47727,Astigar,eu,"","",,Basque,John E. Christensen,2018-07-01T09:06:00Z
569428,Erbinude,eu,"","",,Basque,John E. Christensen,2018-07-05T06:52:03Z
333586,Zizare,eu,"","",,Basque,John E. Christensen,2018-07-11T14:07:06Z
116694,zarzabacoa comun,eu,"","",,Basque,Valerie Anderson,2018-09-04T14:24:46Z
49315,Olagarro Arrunta,eu,"","",,Basque,Bobby McCabe,2018-09-26T16:01:12Z
372759,Azpiklasea,eu,"","",,Basque,Bobby McCabe,2018-09-27T14:46:22Z
47459,Zefalopodoak,eu,"","",,Basque,Bobby McCabe,2018-09-27T14:47:40Z
43697,Asiar elefante,eu,"","",,Basque,Bobby McCabe,2018-10-09T20:27:50Z
465033,Indiar elefante,eu,"","",,Basque,Bobby McCabe,2018-10-09T20:28:20Z
41964,Lehoi,eu,"","",,Basque,Bobby McCabe,2018-10-22T03:53:02Z
41970,Jaguar,eu,"","",,Basque,Bobby McCabe,2018-10-22T04:18:22Z
41963,Lehoinabar,eu,"","",,Basque,Bobby McCabe,2018-10-22T04:38:02Z
41963,Lehoinabarra,eu,"","",,Basque,Bobby McCabe,2018-10-22T04:38:15Z
41963,Leopardoa,eu,"","",,Basque,Bobby McCabe,2018-10-22T04:38:32Z
41963,Pantera,eu,"","",,Basque,Bobby McCabe,2018-10-22T04:38:47Z
41967,Tigre,eu,"","",,Basque,Bobby McCabe,2018-10-22T05:04:31Z
74831,Elur-lehoinabar,eu,"","",,Basque,Bobby McCabe,2018-10-22T05:18:46Z
74831,Elur-pantera,eu,"","",,Basque,Bobby McCabe,2018-10-22T05:19:12Z
41955,Gepardo,eu,"","",,Basque,Bobby McCabe,2018-10-22T12:52:26Z
42007,Puma,eu,"","",,Basque,Bobby McCabe,2018-10-22T13:19:24Z
41641,Hartz arre,eu,"","",,Basque,Bobby McCabe,2018-10-22T22:35:09Z
41659,Panda handi,eu,"","",,Basque,Bobby McCabe,2018-10-23T00:19:26Z
253698,Txibia erraldoi,eu,"","",,Basque,Bobby McCabe,2018-10-23T05:15:31Z
41644,Hartz zuri,eu,"","",,Basque,Bobby McCabe,2018-10-23T20:37:05Z
41644,Hartz polar,eu,"","",,Basque,Bobby McCabe,2018-10-23T20:37:22Z
41638,Hartz beltz,eu,"","",,Basque,Bobby McCabe,2018-10-23T21:48:55Z
43335,Zebra arrunt,eu,"","",,Basque,Bobby McCabe,2018-10-23T22:23:56Z
41647,Asiar hartz beltz,eu,"","",,Basque,Bobby McCabe,2018-10-24T13:41:17Z
447428,Olagarro zuri,eu,"","",,Basque,Bobby McCabe,2018-10-26T00:43:56Z
43692,Elefanteak,eu,"","",,Basque,Bobby McCabe,2018-11-01T18:58:46Z
43694,Afrikar elefante,eu,"","",,Basque,Bobby McCabe,2018-11-10T23:06:33Z
569099,Haitzuloetako lehoi,eu,"","",,Basque,Bobby McCabe,2018-11-14T02:54:36Z
41663,Mapatxe,eu,"","",,Basque,John E. Christensen,2018-11-14T10:14:04Z
4730,Amiamoko,eu,"","",,Basque,John E. Christensen,2018-11-15T08:19:56Z
357910,Basoko elefante,eu,"","",,Basque,Bobby McCabe,2018-11-22T17:32:21Z
47157,Tximeleta,eu,"","",,Basque,John E. Christensen,2018-11-23T08:53:25Z
42405,Afrikar bufalo,eu,"","",,Basque,Bobby McCabe,2018-11-24T17:47:05Z
43348,Errinozero zuri,eu,"","",,Basque,Bobby McCabe,2018-11-26T13:21:41Z
6930,Basahate,eu,"","",,Basque,John E. Christensen,2018-12-14T15:04:31Z
121943,Iratze,eu,"","",,Basque,John E. Christensen,2018-12-17T16:22:17Z
56299,Eguzki-lore luze,eu,"","",,Basque,John E. Christensen,2018-12-30T15:43:51Z
8034,Basamortuko erroi,eu,"","",,Basque,John E. Christensen,2019-01-06T08:56:31Z
522193,Altze,eu,"","",,Basque,Bobby McCabe,2019-01-14T23:24:29Z
848319,Martsupio,eu,"","",,Basque,Bobby McCabe,2019-01-18T21:16:59Z
42412,Idi musketadun,eu,"","",,Basque,Bobby McCabe,2019-01-20T17:29:19Z
4756,Sai papargorri,eu,"","",,Basque,John E. Christensen,2019-01-23T09:59:10Z
12727,Zozo papargorri,eu,"","",,Basque,John E. Christensen,2019-02-02T16:40:06Z
40151,Ugaztun,eu,"","",,Basque,John E. Christensen,2019-02-07T16:24:04Z
85493,Krustazeo,eu,"","",,Basque,John E. Christensen,2019-02-10T11:12:45Z
32036,Ziraun,eu,"","",,Basque,John E. Christensen,2019-02-21T15:23:57Z
47458,Olagarro,eu,"","",,Basque,Bobby McCabe,2019-03-05T13:05:12Z
47217,Orkidea,eu,"","",,Basque,John E. Christensen,2019-03-15T10:43:13Z
133387,Erikazeo,eu,"","",,Basque,John E. Christensen,2019-04-07T11:57:04Z
81542,Dromedario,eu,"","",,Basque,Bobby McCabe,2019-04-11T14:27:04Z
44576,Arratoi arrunt,eu,"","",,Basque,John E. Christensen,2019-04-17T09:31:02Z
43236,Ornitorrinko,eu,"","",,Basque,Bobby McCabe,2019-04-18T15:20:23Z
47125,Landare loredun,eu,"","",,Basque,John E. Christensen,2019-04-27T09:47:21Z
74113,Behi,eu,"","",,Basque,Bobby McCabe,2019-05-07T14:17:11Z
74113,Zezen,eu,"","",,Basque,Bobby McCabe,2019-05-07T14:17:31Z
56739,Akain-belar,eu,"","",,Basque,John E. Christensen,2019-05-12T14:26:30Z
47563,Heriotzorri,eu,"","",,Basque,John E. Christensen,2019-05-20T11:30:30Z
57563,Baratze-kardu,eu,"","",,Basque,John E. Christensen,2019-07-06T09:42:48Z
74442,Kapibara,eu,"","",,Basque,Bobby McCabe,2019-07-17T20:57:36Z
81925,Asiar bufalo,eu,"","",,Basque,John E. Christensen,2019-08-15T13:48:40Z
5179,Zapelatz,eu,"","",,Basque,John E. Christensen,2019-09-05T13:54:46Z
7998,Bele,eu,"","",,Basque,John E. Christensen,2019-09-18T08:54:32Z
131586,Azpelar,eu,"","",,Basque,John E. Christensen,2019-10-02T07:24:22Z
72281,leiho-geranio,eu,"","",,Basque,John E. Christensen,2019-10-26T07:09:15Z
48071,Sagitaria,eu,"","",https://eol.org/pages/29168,Basque,,2019-11-08T03:59:15Z
47927,Burruntzi,eu,"","",,Basque,John E. Christensen,2019-11-11T21:22:12Z
505478,Oilo,eu,"","",,Basque,John E. Christensen,2019-11-19T14:12:37Z
791928,Pasmo belarra,eu,"","",,Basque,Miguel de Salas,2020-01-17T02:56:15Z
48460,Bizitza,eu,"","",,Basque,cassi saari,2020-01-30T18:09:23Z
47605,Asterales,eu,"","",,Basque,John E. Christensen,2020-02-10T07:35:42Z
1036675,Antropomorfo,eu,"","",,Basque,Bobby McCabe,2020-02-14T06:45:06Z
1036675,Gizaide,eu,"","",,Basque,Bobby McCabe,2020-02-14T06:45:22Z
131236,birusak,eu,"","",,Basque,James K. Douch,2020-02-23T01:47:55Z
1067775,Uriel,eu,"","",,Basque,Bobby McCabe,2020-04-10T19:47:37Z
526556,Lutrinae,eu,"","",,Basque,John E. Christensen,2020-06-07T11:41:11Z
41766,Mortsa,eu,"","",,Basque,Bobby McCabe,2020-08-22T18:58:11Z
59653,gerrido,eu,"","",https://eol.org/pages/588,Basque,,2020-08-27T12:22:23Z
19350,Hontz,eu,"","",,Basque,John E. Christensen,2020-08-30T20:04:41Z
165793,Itsas oenetera,eu,"","",,Basque,Galder Gonzalez,2020-09-08T11:27:52Z
55990,horma-sugandila,eu,"","",,Basque,Galder Gonzalez,2020-09-09T16:32:20Z
56530,sits pirata,eu,"","",,Basque,Galder Gonzalez,2020-09-15T09:03:41Z
41997,Ozelote,eu,"","",,Basque,Bobby McCabe,2020-09-18T18:20:39Z
56133,Haritz kanduduna,eu,"","",,Basque,Roberto Saez Martin,2020-10-20T14:32:41Z
49005,Haritz gorria,eu,"","",,Basque,Roberto Saez Martin,2020-10-20T14:45:19Z
200942,Haritz kandugabea,eu,"","",,Basque,Roberto Saez Martin,2020-10-20T14:49:26Z
50790,igitai-belar arrunt,eu,"","",,Basque,Galder Gonzalez,2020-11-22T19:01:00Z
78334,itsas lilipa,eu,"","",,Basque,Galder Gonzalez,2020-11-22T19:24:37Z
53983,kuku-praka,eu,"","",,Basque,Galder Gonzalez,2020-11-29T22:17:48Z
64017,Kainabera,eu,"","",,Basque,Galder Gonzalez,2020-11-29T23:21:44Z
200958,Arrano arrantzale,eu,"","",,Basque,John E. Christensen,2020-12-01T07:54:37Z
55727,murruntz,eu,"","",,Basque,Galder Gonzalez,2020-12-02T08:47:00Z
4943,Lertxuntxo txiki,eu,"","",,Basque,Galder Gonzalez,2020-12-02T12:19:18Z
82689,gurbitz,eu,"","",,Basque,Galder Gonzalez,2020-12-03T12:44:16Z
752393,Txirla zerrendaduna,eu,"","",,Basque,Johan Devos,2020-12-03T13:01:47Z
162845,Pazko lorea,eu,"","",,Basque,Galder Gonzalez,2020-12-11T10:41:35Z
157765,Okra,eu,"","",,Basque,Johan Devos,2020-12-20T20:36:06Z
134693,apo arrunt iberiarra,eu,"","",,Basque,Galder Gonzalez,2020-12-22T21:41:51Z
119805,arbustu,eu,"","",,Basque,Galder Gonzalez,2020-12-27T13:00:44Z
5268,miru beltz,eu,"","",,Basque,Galder Gonzalez,2020-12-27T13:41:18Z
5267,miru gorri,eu,"","",,Basque,Galder Gonzalez,2020-12-27T13:42:42Z
119450,Erikazeo,eu,"","",,Basque,John E. Christensen,2021-02-26T15:12:11Z
168326,Sahats hauskara,eu,"","",,Basque,Galder Gonzalez,2021-02-27T16:20:05Z
55837,gerezi-aranondo,eu,"","",,Basque,Galder Gonzalez,2021-03-04T09:42:57Z
119793,Txinako udareondo,eu,"","",,Basque,Galder Gonzalez,2021-03-04T09:43:48Z
204113,orein arrunt,eu,"","",,Basque,Galder Gonzalez,2021-04-03T22:35:33Z
3731,mokozabal zuri,eu,"","",,Basque,Galder Gonzalez,2021-04-03T22:37:12Z
7018,Antzara hankagorrizta,eu,"","",,Basque,Galder Gonzalez,2021-04-03T22:37:40Z
1024536,Izar-belar arrunt,eu,"","",,Basque,Galder Gonzalez,2021-04-03T22:39:26Z
201282,Uroilo arrunt,eu,"","",,Basque,Galder Gonzalez,2021-04-03T22:51:29Z
482,kopetazuri arrunt,eu,"","",,Basque,Galder Gonzalez,2021-04-03T22:59:36Z
371871,Espartzu,eu,"","",,Basque,Nekane Garasa,2021-04-28T15:55:15Z
60218,Pikondo,eu,"","",,Basque,Nekane Garasa,2021-04-29T19:47:11Z
82848,Otxar basatia,eu,"","",,Basque,Nekane Garasa,2021-04-29T19:50:01Z
56088,Sasiakazia,eu,"","",,Basque,Nekane Garasa,2021-04-29T19:51:38Z
47565,Makal beltza,eu,"","",,Basque,Nekane Garasa,2021-04-29T19:53:14Z
51147,Elorri zuria,eu,"","",,Basque,Nekane Garasa,2021-04-30T16:19:50Z
53549,Zumarra,eu,"","",,Basque,Nekane Garasa,2021-04-30T16:39:56Z
966205,Haltza,eu,"","",,Basque,Nekane Garasa,2021-04-30T16:48:47Z
82853,Irasagar,eu,"","",,Basque,Nekane Garasa,2021-04-30T16:51:43Z
47570,Makal zuria,eu,"","",,Basque,Nekane Garasa,2021-05-02T18:53:34Z
54404,Mitxoleta,eu,"","",,Basque,Nekane Garasa,2021-05-02T18:54:43Z
84298,Indigaztainondo,eu,"","",,Basque,Nekane Garasa,2021-05-02T18:57:31Z
765394,Intsusa,eu,"","",,Basque,Nekane Garasa,2021-05-03T20:59:41Z
47602,Txikoria-belar,eu,"","",,Basque,Nekane Garasa,2021-05-03T21:00:42Z
155124,Zuhandor,eu,"","",,Basque,Nekane Garasa,2021-05-03T21:02:06Z
12716,Zozo,eu,"","",,Basque,Nekane Garasa,2021-05-03T21:03:12Z
54495,Intxaurrondo,eu,"","",,Basque,Nekane Garasa,2021-05-03T21:04:41Z
132600,Ezki,eu,"","",,Basque,Nekane Garasa,2021-05-03T21:05:45Z
53453,Sahats,eu,"","",,Basque,Nekane Garasa,2021-05-03T21:06:46Z
125440,Lizar arrunt,eu,"","",,Basque,maialen_,2021-05-04T09:15:24Z
57182,garagar,eu,"","",,Basque,andervillabona,2021-05-04T09:17:02Z
203153,Kaskabeltz handi,eu,"","",,Basque,Nekane Garasa,2021-05-11T12:44:39Z
55884,Arkakarats,eu,"","",,Basque,Nekane Garasa,2021-05-21T10:36:06Z
49365,ezpata-belar arrunt,eu,"","",,Basque,Galder Gonzalez,2021-06-07T07:29:21Z
4954,koartza hauskara,eu,"","",,Basque,Galder Gonzalez,2021-06-07T11:37:09Z
5366,sai arre,eu,"","",,Basque,Galder Gonzalez,2021-06-07T11:39:39Z
99786,Aingira elektriko,eu,"","",https://eol.org/pages/206595,Basque,,2021-07-29T02:50:54Z
47516,Ortzadar-amuarrain,eu,"","",,Basque,Zane Roskoph,2021-07-29T22:56:31Z
41972,Pantera lainotsu,eu,"","",,Basque,Zane Roskoph,2021-07-30T12:51:43Z
50873,Marrazo zuri,eu,"","",,Basque,Zane Roskoph,2021-07-30T13:51:44Z
123749,Hartz mamu,eu,"","",,Basque,Zane Roskoph,2021-08-02T00:33:10Z
30472,Errege-kobra,eu,"","",https://eol.org/pages/1055746,Basque,,2021-08-02T18:14:19Z
52188,Marrazo balea,eu,"","",https://eol.org/pages/46559686,Basque,,2021-08-03T13:53:46Z
52188,Marrazo bale,eu,"","",,Basque,Zane Roskoph,2021-08-03T14:19:04Z
112841,Groenlandiako marrazo,eu,"","",,Basque,Zane Roskoph,2021-08-03T14:34:31Z
54536,Belardun itsas dragoi,eu,"","",https://eol.org/pages/46567739,Basque,,2021-08-05T13:21:15Z
49105,Hostodun itsas dragoi,eu,"","",https://eol.org/pages/46567737,Basque,,2021-08-05T13:25:28Z
37641,Eskinko arrunt,eu,"","",,Basque,Zane Roskoph,2021-08-05T13:52:58Z
10421,Eskoziar mokoker,eu,"","",,Basque,Zane Roskoph,2021-08-06T15:12:53Z
123356,Zidrondo,eu,"","",,Basque,Zane Roskoph,2021-08-10T12:37:55Z
709635,Lirio arrunt,eu,"","",,Basque,Zane Roskoph,2021-08-10T16:17:42Z
4555,Boli-kaio,eu,"","",https://eol.org/pages/45509269,Basque,,2021-08-11T12:18:35Z
3802,Zanga,eu,"","",,Basque,Zane Roskoph,2021-08-11T15:55:00Z
41724,Itsas lehoinabar,eu,"","",,Basque,Zane Roskoph,2021-08-11T19:33:45Z
112581,Siluru,eu,"","",https://eol.org/pages/46581838,Basque,,2021-08-14T18:08:12Z
41553,Balea urdin,eu,"","",https://eol.org/pages/46559433,Basque,,2021-08-15T14:48:05Z
41553,Bale urdina,eu,"","",,Basque,Zane Roskoph,2021-08-15T14:48:31Z
41553,Balea urdina,eu,"","",,Basque,Zane Roskoph,2021-08-15T14:49:01Z
41570,Sardako balea,eu,"","",https://eol.org/pages/46559421,Basque,Victor HOYEAU,2021-08-15T17:08:00Z
41570,Euskal balea,eu,"","",,Basque,Zane Roskoph,2021-08-15T17:08:32Z
41461,Beluga,eu,"","",,Basque,Zane Roskoph,2021-08-15T18:06:04Z
41461,Balea zuria,eu,"","",,Basque,Zane Roskoph,2021-08-15T18:06:40Z
41461,Balea zuri,eu,"","",,Basque,Zane Roskoph,2021-08-15T18:07:00Z
41461,Bale txuri,eu,"","",,Basque,Zane Roskoph,2021-08-15T18:07:22Z
42407,Europako bisonte,eu,"","",,Basque,Zane Roskoph,2021-08-25T12:55:46Z
130796,Siberiar tigre,eu,"","",,Basque,Zane Roskoph,2021-08-26T13:52:51Z
130796,Siberiako tigre,eu,"","",,Basque,Zane Roskoph,2021-08-26T13:53:06Z
130799,Sumatrako tigre,eu,"","",,Basque,Zane Roskoph,2021-08-26T16:54:23Z
130793,Bengalako tigre,eu,"","",,Basque,Zane Roskoph,2021-08-27T12:22:13Z
130793,Hego Txinako tigre,eu,"","",,Basque,Zane Roskoph,2021-08-27T14:29:57Z
130793,Amoy tigre,eu,"","",,Basque,Zane Roskoph,2021-08-27T14:30:08Z
57066,itsabalki arrunt,eu,"","",,Basque,Charlie A.,2021-09-08T14:40:22Z
116523,Gabial,eu,"","",,Basque,Zane Roskoph,2021-09-13T15:56:17Z
1289622,Ekaitz txori handia,eu,"","",https://www.inaturalist.org/taxon_names/584887/edit,Basque,Cole Gaerber,2022-04-18T20:12:48Z
3756,beltzaran,eu,"","",,Basque,Galder Gonzalez,2022-04-23T18:21:13Z
15282,Txinbo kaskabeltza,eu,"","",,Basque,,2022-04-24T07:28:06Z
57030,Azeri buztana,eu,"","",,Basque,,2022-04-24T07:31:54Z
11901,Enara arrunta,eu,"","",,Basque,,2022-04-24T07:34:50Z
318836,Istingor arrunta,eu,"","",,Basque,,2022-04-24T07:39:01Z
558438,Ahate mokozabala,eu,"","",,Basque,,2022-04-24T07:39:53Z
13094,Txantxangorria,eu,"","",,Basque,Victor HOYEAU,2022-04-24T07:40:35Z
5366,Sai Arrea,eu,"","",,Basque,,2022-04-24T07:41:19Z
13711,Uda-txirta,eu,"","",,Basque,,2022-04-24T07:42:17Z
144823,Pinu kaskabeltza,eu,"","",,Basque,,2022-04-24T07:47:51Z
117097,Erregetxo bekainzuria,eu,"","",,Basque,,2022-04-24T07:49:02Z
891696,Mika,eu,"","",,Basque,,2022-04-24T07:50:40Z
3048,Pagausoa,eu,"","",,Basque,Christoph Posch,2022-04-24T07:51:14Z
13858,Etxe-txolarrea,eu,"","",,Basque,,2022-04-24T08:11:04Z
145303,Tarina,eu,"","",,Basque,,2022-04-24T08:14:47Z
144242,Okil berdea,eu,"","",,Basque,Christoph Posch,2022-04-24T08:17:02Z
9462,Gailupa,eu,"","",,Basque,carnifex,2022-04-24T08:17:43Z
5267,Miru Gorria,eu,"","",,Basque,,2022-04-24T08:20:08Z
203153,Kaskabetz handia,eu,"","",,Basque,,2022-04-24T08:20:29Z
4733,Amiamoko Zuria,eu,"","",,Basque,,2022-04-25T07:46:50Z
1289604,Ubarroi mottoduna,eu,"","",https://www.inaturalist.org/taxon_names/584845/edit,Basque,max kirsch,2022-05-15T02:58:36Z
1110763,Katilu marroi-oliba,eu,"","",,Basque,Arzen,2022-09-20T12:20:02Z
57774,Alga gorri,eu,"","",,Basque,John E. Christensen,2022-09-29T12:05:02Z
48867,Palmondo,eu,"","",,Basque,John E. Christensen,2022-11-02T10:46:15Z
632390,Inkonte-belar txiki,eu,"","",,Basque,John E. Christensen,2023-01-17T12:53:35Z
78895,arantza,eu,"","",,Basque,Johan Devos,2023-01-28T11:01:42Z
78895,asu arantza,eu,"","",,Basque,Johan Devos,2023-01-28T11:01:59Z
20526,Ostruka,eu,"","",,Basque,Johan Devos,2023-02-28T22:25:24Z
47144,Txakur,eu,"","",,Basque,Izan Lopez Vergel,2023-11-25T08:20:24Z
122854,garbantzua,eu,"","",,Basque,Yann Kemper,2023-12-11T01:56:25Z
61293,pinu-beldar,eu,"","",,Basque,Galder Gonzalez,2024-02-18T13:22:27Z
61293,prozesionari,eu,"","",,Basque,Galder Gonzalez,2024-02-18T13:23:28Z
51702,marigorringo zazpittitta,eu,"","",,Basque,Galder Gonzalez,2024-04-07T19:36:02Z
