id,vernacularName,language,locality,countryCode,source,lexicon,contributor,created
278953,badoo-cha,und,"","",,Zapoteco,Ken-ichi Ueda,2013-05-16T08:00:25Z
59561,badungás,und,"","",,Zapoteco,sea-kangaroo,2013-05-16T08:00:25Z
75395,ba-llaa,und,"","",,Zapoteco,Ken-ichi Ueda,2013-05-16T08:00:28Z
60439,bandaa-yu,und,"","",,Zapoteco,Zinogre,2013-05-16T08:00:31Z
290509,becho-topa,und,"","",,Zapoteco,Ken-ichi Ueda,2013-05-16T08:00:45Z
276594,be-cuela-toba,und,"","",,Zapoteco,Ken-ichi Ueda,2013-05-16T08:00:45Z
58392,beecho,und,"","",,Zapoteco,Cole Gaerber,2013-05-16T08:00:46Z
79069,be-laga-cuti,und,"","",,Zapoteco,Ken-ichi Ueda,2013-05-16T08:01:01Z
206170,be-laga-xobana-bela,und,"","",,Zapoteco,Ken-ichi Ueda,2013-05-16T08:01:01Z
123694,be-lohui,und,"","",,Zapoteco,max kirsch,2013-05-16T08:01:03Z
291340,bene-guia,und,"","",,Zapoteco,Ken-ichi Ueda,2013-05-16T08:01:03Z
166545,bete ' a,und,"","",,Zapoteco,Ken-ichi Ueda,2013-05-16T08:01:07Z
290171,betusa-gitse,und,"","",,Zapoteco,Ken-ichi Ueda,2013-05-16T08:01:07Z
127676,bia,und,"","",,Zapoteco,Ken-ichi Ueda,2013-05-16T08:01:07Z
84815,bi-aa,und,"","",,Zapoteco,Ken-ichi Ueda,2013-05-16T08:01:07Z
169286,biache,und,"","",,Zapoteco,Ken-ichi Ueda,2013-05-16T08:01:07Z
277826,biaqui,und,"","",,Zapoteco,Ken-ichi Ueda,2013-05-16T08:01:08Z
244459,biga-raagú,und,"","",,Zapoteco,Ken-ichi Ueda,2013-05-16T08:01:09Z
199217,bigi-tope,und,"","",,Zapoteco,Bodo Nuñez Oberg,2013-05-16T08:01:09Z
79141,bi-tache,und,"","",,Zapoteco,harum.koh,2013-05-16T08:01:11Z
49658,bito,und,"","",,Zapoteco,Ken-ichi Ueda,2013-05-16T08:01:11Z
54919,bi-toni-castilla,und,"","",,Zapoteco,Ken-ichi Ueda,2013-05-16T08:01:11Z
274257,bi-tzuri,und,"","",,Zapoteco,Ken-ichi Ueda,2013-05-16T08:01:12Z
64237,bi-xilla,und,"","",,Zapoteco,Ken-ichi Ueda,2013-05-16T08:01:12Z
165876,bi-yaa,und,"","",,Zapoteco,Ken-ichi Ueda,2013-05-16T08:01:12Z
122850,bi-zaa-hui,und,"","",,Zapoteco,Zachary Dankowicz,2013-05-16T08:01:13Z
57309,bizaa-roo-xtilla,und,"","",,Zapoteco,Bobby McCabe,2013-05-16T08:01:13Z
64340,bi-zoya,und,"","",,Zapoteco,Ken-ichi Ueda,2013-05-16T08:02:24Z
283212,blag-chog,und,"","",,Zapoteco,Bodo Nuñez Oberg,2013-05-16T08:02:25Z
122866,calabaza tamalayota,und,"","",,Zapoteco,Bobby McCabe,2013-05-16T08:03:16Z
53219,chaa,und,"","",,Zapoteco,Ken-ichi Ueda,2013-05-16T08:04:46Z
161443,chapandú,und,"","",,Zapoteco,Ken-ichi Ueda,2013-05-16T08:05:01Z
277618,chicle guizh guts,und,"","",,Zapoteco,Ken-ichi Ueda,2013-05-16T08:05:23Z
209868,chie-nita,und,"","",,Zapoteco,Ken-ichi Ueda,2013-05-16T08:05:25Z
281785,chie-nita,und,"","",,Zapoteco,Ken-ichi Ueda,2013-05-16T08:05:25Z
202341,chie-nita,und,"","",,Zapoteco,Ken-ichi Ueda,2013-05-16T08:05:26Z
282250,chie-nita,und,"","",,Zapoteco,Ken-ichi Ueda,2013-05-16T08:05:26Z
283656,chie-nita,und,"","",,Zapoteco,Ken-ichi Ueda,2013-05-16T08:05:26Z
164079,chie-nita,und,"","",,Zapoteco,Alexis López Hernández,2013-05-16T08:05:26Z
201454,chie-nita,und,"","",,Zapoteco,Ken-ichi Ueda,2013-05-16T08:05:27Z
288153,coba-chita,und,"","",,Zapoteco,Ken-ichi Ueda,2013-05-16T08:06:07Z
279626,coba-gui,und,"","",,Zapoteco,Ken-ichi Ueda,2013-05-16T08:06:07Z
128270,coba-gui-naxi,und,"","",,Zapoteco,Ken-ichi Ueda,2013-05-16T08:06:07Z
57057,coba-picina-xi-castilla,und,"","",,Zapoteco,Victor HOYEAU,2013-05-16T08:06:08Z
206196,cobilla,und,"","",,Zapoteco,Ken-ichi Ueda,2013-05-16T08:06:08Z
276278,Coche,und,"","",,Zapoteco,Ken-ichi Ueda,2013-05-16T08:06:09Z
284319,cuanabiche,und,"","",,Zapoteco,Ken-ichi Ueda,2013-05-16T08:07:27Z
159580,cuan-dzun,und,"","",,Zapoteco,Ken-ichi Ueda,2013-05-16T08:07:27Z
286123,cuan-guiña,und,"","",,Zapoteco,Ken-ichi Ueda,2013-05-16T08:07:27Z
163712,cuan-guixi,und,"","",,Zapoteco,Ken-ichi Ueda,2013-05-16T08:07:27Z
158098,doba-yey,und,"","",,Zapoteco,Ken-ichi Ueda,2013-05-16T08:08:09Z
152204,goñi,und,"","",,Zapoteco,Bodo Nuñez Oberg,2013-05-16T08:10:08Z
75869,goo-gati,und,"","",,Zapoteco,Ken-ichi Ueda,2013-05-16T08:10:08Z
62941,gu,und,"","",,Zapoteco,Ken-ichi Ueda,2013-05-16T08:10:17Z
158455,gubaguinashi,und,"","",,Zapoteco,Ken-ichi Ueda,2013-05-16T08:10:31Z
56739,Guechi beyo,und,"","",,Zapoteco,Bodo Nuñez Oberg,2013-05-16T08:10:32Z
160266,guechi beziia,und,"","",,Zapoteco,Austin R. Kelly,2013-05-16T08:10:32Z
166911,guechi gu,und,"","",,Zapoteco,Ken-ichi Ueda,2013-05-16T08:10:32Z
128533,guechi-nichi,und,"","",,Zapoteco,Steve Jones,2013-05-16T08:10:32Z
51306,gueeche becueza xtilla,und,"","",,Zapoteco,Ken-ichi Ueda,2013-05-16T08:10:32Z
273939,gueeche-hui,und,"","",,Zapoteco,Ken-ichi Ueda,2013-05-16T08:10:32Z
206288,gueecho-guiaroo,und,"","",,Zapoteco,Ken-ichi Ueda,2013-05-16T08:10:33Z
276546,gueecho-guiaroo,und,"","",,Zapoteco,Ken-ichi Ueda,2013-05-16T08:10:33Z
64017,gueere,und,"","",,Zapoteco,Yoshimasa Uchiyama,2013-05-16T08:10:33Z
76538,gueeto xuga,und,"","",,Zapoteco,Ken-ichi Ueda,2013-05-16T08:10:33Z
58138,gueeto-lana,und,"","",,Zapoteco,Oscar González,2013-05-16T08:10:33Z
181590,gueeto-xiu,und,"","",,Zapoteco,sea-kangaroo,2013-05-16T08:10:33Z
126925,Guela-gue,und,"","",,Zapoteco,Ken-ichi Ueda,2013-05-16T08:10:34Z
122521,guel-gutzi,und,"","",,Zapoteco,Ken-ichi Ueda,2013-05-16T08:10:34Z
76541,gueto-bichi,und,"","",,Zapoteco,Carlos Galindo-Leal,2013-05-16T08:10:35Z
209957,guetoxiga,und,"","",,Zapoteco,Jorge Rojas S.,2013-05-16T08:10:35Z
51875,gue-tuu-xtilla,und,"","",,Zapoteco,Bobby McCabe,2013-05-16T08:10:35Z
58790,gueza bichi,und,"","",,Zapoteco,Ken-ichi Ueda,2013-05-16T08:10:35Z
165138,guh-yaga,und,"","",,Zapoteco,Ken-ichi Ueda,2013-05-16T08:10:36Z
209889,guia,und,"","",,Zapoteco,Ken-ichi Ueda,2013-05-16T08:10:36Z
167977,guia-be-cohua,und,"","",,Zapoteco,Ken-ichi Ueda,2013-05-16T08:10:36Z
158336,guia-bia,und,"","",,Zapoteco,Ken-ichi Ueda,2013-05-16T08:10:36Z
48363,guia-biche,und,"","",,Zapoteco,cassi saari,2013-05-16T08:10:36Z
290891,guia-chilla,und,"","",,Zapoteco,Ken-ichi Ueda,2013-05-16T08:10:36Z
289134,guia-dana,und,"","",,Zapoteco,Ken-ichi Ueda,2013-05-16T08:10:37Z
49569,guia-guie,und,"","",,Zapoteco,Bobby McCabe,2013-05-16T08:10:37Z
78346,guia-guiña,und,"","",,Zapoteco,Ken-ichi Ueda,2013-05-16T08:10:37Z
146617,guia-huixi,und,"","",,Zapoteco,Bodo Nuñez Oberg,2013-05-16T08:10:37Z
206780,guia-lachi,und,"","",,Zapoteco,Jorge Rojas S.,2013-05-16T08:10:38Z
288710,guia-laga-zaa,und,"","",,Zapoteco,Bodo Nuñez Oberg,2013-05-16T08:10:38Z
276303,guia-lee,und,"","",,Zapoteco,Ken-ichi Ueda,2013-05-16T08:10:38Z
275340,guichi-bidú,und,"","",,Zapoteco,Ken-ichi Ueda,2013-05-16T08:10:38Z
79312,guie coba,und,"","",,Zapoteco,Jorge Rojas S.,2013-05-16T08:10:38Z
62917,guie lachi,und,"","",,Zapoteco,Ken-ichi Ueda,2013-05-16T08:10:39Z
139075,guié se,und,"","",,Zapoteco,Ken-ichi Ueda,2013-05-16T08:10:39Z
162845,guie tiini,und,"","",,Zapoteco,Carlos Galindo-Leal,2013-05-16T08:10:39Z
284829,guié-begu,und,"","",,Zapoteco,Ken-ichi Ueda,2013-05-16T08:10:39Z
163327,guie-nizza,und,"","",,Zapoteco,wsyxbcl,2013-05-16T08:10:39Z
132130,guie-quigá,und,"","",,Zapoteco,Adrian Bojorquez,2013-05-16T08:10:40Z
61398,guiéstia,und,"","",,Zapoteco,Ken-ichi Ueda,2013-05-16T08:10:40Z
158740,guie-vada,und,"","",,Zapoteco,Bodo Nuñez Oberg,2013-05-16T08:10:40Z
57140,guie'yaasé,und,"","",,Zapoteco,Ken-ichi Ueda,2013-05-16T08:10:41Z
48514,guiná,und,"","",,Zapoteco,Nick Block,2013-05-16T08:10:41Z
122796,guiña-shigandú,und,"","",,Zapoteco,Zinogre,2013-05-16T08:10:41Z
147260,guito-xiga,und,"","",,Zapoteco,Jorge Rojas S.,2013-05-16T08:10:42Z
161121,guito-xiga,und,"","",,Zapoteco,Ken-ichi Ueda,2013-05-16T08:10:42Z
166190,guixi-be-taa,und,"","",,Zapoteco,Ken-ichi Ueda,2013-05-16T08:10:42Z
58371,guixi-biguiñi,und,"","",,Zapoteco,Austin R. Kelly,2013-05-16T08:10:42Z
277459,guixi-nichi,und,"","",,Zapoteco,Gerardo Alberto,2013-05-16T08:10:42Z
57182,guixi-xoba xtilla,und,"","",,Zapoteco,Cole Gaerber,2013-05-16T08:10:43Z
206701,gui-yaa,und,"","",,Zapoteco,Ken-ichi Ueda,2013-05-16T08:10:43Z
283150,guízh-cánzr,und,"","",,Zapoteco,Ken-ichi Ueda,2013-05-16T08:10:43Z
122985,guu yati,und,"","",,Zapoteco,Ken-ichi Ueda,2013-05-16T08:10:45Z
290264,guye-biche,und,"","",,Zapoteco,Ken-ichi Ueda,2013-05-16T08:10:46Z
154528,hui-zaa,und,"","",,Zapoteco,Ken-ichi Ueda,2013-05-16T08:15:21Z
201456,im,und,"","",,Zapoteco,Ken-ichi Ueda,2013-05-16T08:15:28Z
276415,Jit kiek,und,"","",,Zapoteco,Ken-ichi Ueda,2013-05-16T08:16:13Z
122976,laa-goo,und,"","",,Zapoteco,Zinogre,2013-05-16T08:16:47Z
138912,laa-guía,und,"","",,Zapoteco,Ken-ichi Ueda,2013-05-16T08:16:47Z
281776,laa-lag,und,"","",,Zapoteco,Ken-ichi Ueda,2013-05-16T08:16:47Z
276489,la-bela,und,"","",,Zapoteco,Ken-ichi Ueda,2013-05-16T08:16:48Z
136889,laga-axi,und,"","",,Zapoteco,Ken-ichi Ueda,2013-05-16T08:16:50Z
287160,laga-guidi,und,"","",,Zapoteco,Ken-ichi Ueda,2013-05-16T08:16:50Z
168917,lati adi ñá,und,"","",,Zapoteco,Ken-ichi Ueda,2013-05-16T08:16:56Z
48448,llucu,und,"","",,Zapoteco,Ken-ichi Ueda,2013-05-16T08:17:57Z
286649,loobabi-chuli,und,"","",,Zapoteco,Ken-ichi Ueda,2013-05-16T08:18:00Z
276602,looba-gaa,und,"","",,Zapoteco,Ken-ichi Ueda,2013-05-16T08:18:00Z
78580,nemole-pi-aa,und,"","",,Zapoteco,Bodo Nuñez Oberg,2013-05-16T08:20:02Z
275129,nenda-xunaxi,und,"","",,Zapoteco,Ken-ichi Ueda,2013-05-16T08:20:03Z
160544,nocuana-be-bec,und,"","",,Zapoteco,Ken-ichi Ueda,2013-05-16T08:20:09Z
164064,nocuana-cohui,und,"","",,Zapoteco,Ken-ichi Ueda,2013-05-16T08:20:09Z
47602,nocuana-gueeta,und,"","",,Zapoteco,Orsi Galló,2013-05-16T08:20:09Z
62821,nocuana-huenaa,und,"","",,Zapoteco,sea-kangaroo,2013-05-16T08:20:10Z
275447,nocuana-tanini,und,"","",,Zapoteco,Ken-ichi Ueda,2013-05-16T08:20:10Z
154008,nocuana-titete-xini-ni,und,"","",,Zapoteco,Ken-ichi Ueda,2013-05-16T08:20:10Z
154538,nocuana-yana,und,"","",,Zapoteco,Adrian Bojorquez,2013-05-16T08:20:10Z
58991,nocuana-zeeche,und,"","",,Zapoteco,Victor HOYEAU,2013-05-16T08:20:10Z
58300,Nocuana-zeha-castilla,und,"","",,Zapoteco,Ken-ichi Ueda,2013-05-16T08:20:10Z
158552,nuzu-ndu,und,"","",,Zapoteco,Ken-ichi Ueda,2013-05-16T08:20:36Z
62859,pehui,und,"","",,Zapoteco,Ken-ichi Ueda,2013-05-16T08:22:43Z
166920,pe-qui-che,und,"","",,Zapoteco,Joshua Ekrut,2013-05-16T08:22:48Z
281833,piaviachi,und,"","",,Zapoteco,Ken-ichi Ueda,2013-05-16T08:22:52Z
122854,pi-zaa-paa-castilla,und,"","",,Zapoteco,Ken-ichi Ueda,2013-05-16T08:23:22Z
62829,quechi-pelle,und,"","",,Zapoteco,rjq,2013-05-16T08:23:36Z
206537,quie-lachi,und,"","",,Zapoteco,Ken-ichi Ueda,2013-05-16T08:23:43Z
170076,quixi-coba,und,"","",,Zapoteco,Ken-ichi Ueda,2013-05-16T08:23:45Z
161422,shapandú,und,"","",,Zapoteco,Ken-ichi Ueda,2013-05-16T08:24:30Z
164415,shigabá,und,"","",,Zapoteco,sea-kangaroo,2013-05-16T08:24:32Z
161155,shunashi-lase,und,"","",,Zapoteco,Ken-ichi Ueda,2013-05-16T08:24:35Z
206949,taaciña,und,"","",,Zapoteco,Ken-ichi Ueda,2013-05-16T08:24:55Z
167666,t-nuya,und,"","",,Zapoteco,Ken-ichi Ueda,2013-05-16T08:25:51Z
122965,toba-quela,und,"","",,Zapoteco,Ken-ichi Ueda,2013-05-16T08:25:52Z
290846,Tobaxiche,und,"","",,Zapoteco,Carlos Galindo-Leal,2013-05-16T08:25:52Z
78755,traza,und,"","",,Zapoteco,Ken-ichi Ueda,2013-05-16T08:26:06Z
281835,vishivishio,und,"","",,Zapoteco,Ken-ichi Ueda,2013-05-16T08:27:26Z
281597,xegua,und,"","",,Zapoteco,Ken-ichi Ueda,2013-05-16T08:27:35Z
122869,xete,und,"","",,Zapoteco,Oscar González,2013-05-16T08:27:36Z
77299,xiaa,und,"","",,Zapoteco,Ken-ichi Ueda,2013-05-16T08:27:37Z
274225,xixuega,und,"","",,Zapoteco,Ken-ichi Ueda,2013-05-16T08:27:41Z
55854,xolo,und,"","",,Zapoteco,Stefano Doglio,2013-05-16T08:27:49Z
61381,xooba-ne-gati-xtilla,und,"","",,Zapoteco,Ken-ichi Ueda,2013-05-16T08:27:52Z
286485,xtulaca,und,"","",,Zapoteco,Ken-ichi Ueda,2013-05-16T08:27:58Z
49665,Ya'ayitz,und,"","",,Zapoteco,Ken-ichi Ueda,2013-05-16T08:28:03Z
160255,Yaba,und,"","",,Zapoteco,Ken-ichi Ueda,2013-05-16T08:28:04Z
52440,ya-chibe,und,"","",,Zapoteco,Ken-ichi Ueda,2013-05-16T08:28:04Z
207496,ya-dova,und,"","",,Zapoteco,Ken-ichi Ueda,2013-05-16T08:28:04Z
286731,ya-dua-guixi,und,"","",,Zapoteco,Ken-ichi Ueda,2013-05-16T08:28:05Z
279206,yaga-beche,und,"","",,Zapoteco,Ken-ichi Ueda,2013-05-16T08:28:05Z
164238,yaga-be-lape,und,"","",,Zapoteco,Bodo Nuñez Oberg,2013-05-16T08:28:05Z
273859,yagabiche,und,"","",,Zapoteco,Ken-ichi Ueda,2013-05-16T08:28:05Z
79519,yaga-bicholi,und,"","",,Zapoteco,Ken-ichi Ueda,2013-05-16T08:28:06Z
286749,yaga-buxe,und,"","",,Zapoteco,Ken-ichi Ueda,2013-05-16T08:28:06Z
273902,yaga-bziga,und,"","",,Zapoteco,Ken-ichi Ueda,2013-05-16T08:28:06Z
179398,ya-gachi,und,"","",,Zapoteco,Ken-ichi Ueda,2013-05-16T08:28:07Z
163502,yaga-cohui,und,"","",,Zapoteco,Ken-ichi Ueda,2013-05-16T08:28:07Z
290378,yaga-cohui-pichacha,und,"","",,Zapoteco,Ken-ichi Ueda,2013-05-16T08:28:07Z
285302,yagaduchi,und,"","",,Zapoteco,Ken-ichi Ueda,2013-05-16T08:28:07Z
285584,yagagueto,und,"","",,Zapoteco,Ken-ichi Ueda,2013-05-16T08:28:08Z
130734,Yaga-guito,und,"","",,Zapoteco,Ken-ichi Ueda,2013-05-16T08:28:08Z
283284,yaga-laa,und,"","",,Zapoteco,Ken-ichi Ueda,2013-05-16T08:28:08Z
316769,yagalán,und,"","",,Zapoteco,Ken-ichi Ueda,2013-05-16T08:28:09Z
164344,yagalán,und,"","",,Zapoteco,Carlos G Velazco-Macias,2013-05-16T08:28:09Z
285739,yagalán,und,"","",,Zapoteco,Ken-ichi Ueda,2013-05-16T08:28:09Z
286845,yaga-lana,und,"","",,Zapoteco,Ken-ichi Ueda,2013-05-16T08:28:09Z
202573,yaga-latzi,und,"","",,Zapoteco,Ken-ichi Ueda,2013-05-16T08:28:09Z
279163,yaga-lope,und,"","",,Zapoteco,Ken-ichi Ueda,2013-05-16T08:28:10Z
206775,yaga-muzia,und,"","",,Zapoteco,Ken-ichi Ueda,2013-05-16T08:28:10Z
291821,yaganiche,und,"","",,Zapoteco,Ken-ichi Ueda,2013-05-16T08:28:10Z
209891,Yaga-piogo-xila,und,"","",,Zapoteco,Adrian Bojorquez,2013-05-16T08:28:11Z
209950,yaga-quie-nite,und,"","",,Zapoteco,Ken-ichi Ueda,2013-05-16T08:28:11Z
62809,Yagaxeni,und,"","",,Zapoteco,Ken-ichi Ueda,2013-05-16T08:28:11Z
81817,yaga-xveya,und,"","",,Zapoteco,Ken-ichi Ueda,2013-05-16T08:28:12Z
276412,yaga-yala,und,"","",,Zapoteco,Ken-ichi Ueda,2013-05-16T08:28:12Z
207404,yaga-yana,und,"","",,Zapoteco,Ken-ichi Ueda,2013-05-16T08:28:12Z
60218,yaga-yaxo-castilla,und,"","",,Zapoteco,Ken-ichi Ueda,2013-05-16T08:28:12Z
289866,yaga-yetzi,und,"","",,Zapoteco,Ken-ichi Ueda,2013-05-16T08:28:12Z
276411,yág-yáal,und,"","",,Zapoteco,Ken-ichi Ueda,2013-05-16T08:28:13Z
276401,Yág-yáal,und,"","",,Zapoteco,Ken-ichi Ueda,2013-05-16T08:28:13Z
283240,yahga-yaihla,und,"","",,Zapoteco,Ken-ichi Ueda,2013-05-16T08:28:13Z
146597,yarg yurshe,und,"","",,Zapoteco,Jorge Rojas S.,2013-05-16T08:28:14Z
62831,yashusa,und,"","",,Zapoteco,Ken-ichi Ueda,2013-05-16T08:28:15Z
52763,ya-yado,und,"","",,Zapoteco,Ken-ichi Ueda,2013-05-16T08:28:16Z
286503,yet-le,und,"","",,Zapoteco,Ken-ichi Ueda,2013-05-16T08:28:19Z
276565,ye-totzi,und,"","",,Zapoteco,Ken-ichi Ueda,2013-05-16T08:28:19Z
284048,yo-betz,und,"","",,Zapoteco,Ken-ichi Ueda,2013-05-16T08:28:19Z
206349,yo-betz,und,"","",,Zapoteco,Ken-ichi Ueda,2013-05-16T08:28:19Z
284923,yo-vela,und,"","",,Zapoteco,Ken-ichi Ueda,2013-05-16T08:28:20Z
286886,yo-zia,und,"","",,Zapoteco,Ken-ichi Ueda,2013-05-16T08:28:21Z
181525,bi-ti,und,"","",,Zapoteco,Ken-ichi Ueda,2013-08-21T18:59:24Z
57065,shi lli dzne,und,"","",,Zapoteco,,2013-08-23T19:49:38Z
204973,guia-lacha-yati,und,"","",,Zapoteco,Bodo Nuñez Oberg,2013-11-18T18:57:57Z
76746,bitía,und,"","",,Zapoteco,Ken-ichi Ueda,2014-01-07T06:19:01Z
35006,Talachini,und,"","",,Zapoteco,Carlos Galindo-Leal,2014-04-13T16:43:23Z
170883,biduáa,und,"","",,Zapoteco,Carlos Galindo-Leal,2014-10-13T18:18:12Z
69936,pi-zoya-castilla,und,"","",,Zapoteco,,2015-12-27T13:25:02Z
124349,ndari,und,"","",,Zapoteco,Bobby McCabe,2016-08-02T02:59:53Z
123438,"Guia-bixi-guii, Gui-chachas, Quiechacha, Guie-chachi, Yichiachi",und,"","",,Zapoteco,Leoncio Paz,2017-04-04T21:54:24Z
79472,bihi,und,"","",,Zapoteco,Konstantinos Kalaentzis,2017-04-20T06:43:49Z
126882,bito-xha,und,"","",,Zapoteco,,2017-05-02T01:07:03Z
315018,capuli taunday,und,"","",,Zapoteco,Bodo Nuñez Oberg,2017-07-10T00:37:01Z
47902,bia,und,"","",,Zapoteco,Jorge Rojas S.,2017-09-27T23:08:41Z
130869,guie yanayu,und,"","",,Zapoteco,Chris Thawley,2017-11-01T18:26:33Z
84300,bixhumi,und,"","",,Zapoteco,wsyxbcl,2018-04-04T15:02:03Z
331122,Yaga-naraxo,und,"","",,Zapoteco,Bobby McCabe,2018-08-14T03:28:42Z
769427,laa-zaa-y-xe,und,"","",,Zapoteco,Ken-ichi Ueda,2018-08-21T06:31:16Z
765366,guizh-guiee-naranj,und,"","",,Zapoteco,Ken-ichi Ueda,2018-08-21T06:57:07Z
165144,Guela-chiña,und,"","",,Zapoteco,Bodo Nuñez Oberg,2018-10-10T14:15:02Z
165144,gueladao,und,"","",,Zapoteco,Bodo Nuñez Oberg,2018-10-10T14:15:26Z
165144,Guenda-china,und,"","",,Zapoteco,Bodo Nuñez Oberg,2018-10-10T14:15:46Z
165144,Guenda-dxina,und,"","",,Zapoteco,Bodo Nuñez Oberg,2018-10-10T14:16:02Z
165144,Guenda-giña,und,"","",,Zapoteco,Bodo Nuñez Oberg,2018-10-10T14:16:18Z
165144,Yaga-guelde,und,"","",,Zapoteco,Bodo Nuñez Oberg,2018-10-10T14:16:33Z
206316,yaga-biche,und,"","",,Zapoteco,Ken-ichi Ueda,2018-11-25T18:18:20Z
49658,yagabizigui,und,"","",,Zapoteco,Ken-ichi Ueda,2019-01-29T17:53:25Z
867262,shtob bnijh,und,"","",,Zapoteco,M. Domínguez-Laso,2019-02-18T03:19:17Z
281219,guie-zaa,und,"","",,Zapoteco,Bodo Nuñez Oberg,2019-02-18T04:24:28Z
281758,yaga-ñupi,und,"","",,Zapoteco,Ken-ichi Ueda,2019-03-01T20:30:42Z
873768,gueeza,und,"","",,Zapoteco,Valentin de Mazancourt,2019-03-13T15:24:00Z
862823,Do-Bagu,und,"","",,Zapoteco,M. Domínguez-Laso,2019-03-14T23:53:02Z
898810,guixo-gui-tope,und,"","",,Zapoteco,Ken-ichi Ueda,2019-06-08T01:21:51Z
83257,guie'stía,und,"","",,Zapoteco,Ken-ichi Ueda,2019-06-08T13:29:08Z
77965,guia-gueza,und,"","",,Zapoteco,Ken-ichi Ueda,2019-06-17T02:36:04Z
945610,badoh,und,"","",https://www.inaturalist.org/taxon_names/442448/edit,Zapoteco,Carlos Galindo-Leal,2019-09-23T19:15:01Z
237609,yapa,und,"","",https://www.inaturalist.org/taxon_names/449773/edit,Zapoteco,,2019-11-13T16:47:47Z
971122,guichi-tachi,und,"","",https://www.inaturalist.org/taxon_names/445367/edit,Zapoteco,,2019-11-29T12:47:35Z
284812,ya-guii,und,"","",https://www.inaturalist.org/taxon_names/449766/edit,Zapoteco,,2020-02-19T22:56:28Z
1065314,xaa-galá,und,"","",https://www.inaturalist.org/taxon_names/449571/edit,Zapoteco,Adrian Bojorquez,2020-04-05T16:25:36Z
1065360,xa-gala,und,"","",https://www.inaturalist.org/taxon_names/449576/edit,Zapoteco,,2020-04-05T21:07:37Z
1065403,umaga,und,"","",https://www.inaturalist.org/taxon_names/449466/edit,Zapoteco,Adrian Bojorquez,2020-04-05T22:00:31Z
290486,chie-nita,und,"","",https://www.inaturalist.org/taxon_names/443850/edit,Zapoteco,,2020-04-05T23:10:41Z
47381,Chintatlahua,und,"Valles Centrales, Sierra Juárez y Mixteca - CONANP, OA, MX","",,Zapoteco,Josefina Ramos-Frías,2020-09-24T00:06:36Z
1193915,Rompe Palos,und,"","",https://www.inaturalist.org/taxon_names/2060996/edit,Zapoteco,,2021-02-09T17:37:40Z
291143,Yaa'  Bru'k,und,"Oaxaca, MX","",,Zapoteco,Gustavo Cruz,2021-07-09T22:48:41Z
469472,belehui,und,"","",https://www.inaturalist.org/taxon_names/442639/edit,Zapoteco,,2021-07-30T01:52:18Z
1375470,bi-zaa-huimi castilla,und,"","",https://www.inaturalist.org/taxon_names/442693/edit,Zapoteco,,2022-04-13T08:41:17Z
1392729,yaga-gueta-bigi,und,"","",,Zapoteco,Elizabeth Torres Bahena,2022-05-18T15:17:44Z
291306,ska niusti ucuchi,und,"","",,Zapoteco,Leoncio Paz,2022-11-18T12:22:13Z
286778,guie-tiqui,und,"","",https://www.inaturalist.org/taxon_names/445378/edit,Zapoteco,,2023-01-29T05:42:02Z
1451050,xaa guiña castilla,und,"","",https://www.inaturalist.org/taxon_names/449570/edit,Zapoteco,,2023-02-18T07:40:39Z
287428,yaga-lache,und,"","",https://www.inaturalist.org/taxon_names/449747/edit,Zapoteco,,2023-02-19T04:16:08Z
1451555,guelau,und,"","",https://www.inaturalist.org/taxon_names/445343/edit,Zapoteco,,2023-02-19T05:31:59Z
866390,uyau,und,"","",https://www.inaturalist.org/taxon_names/449498/edit,Zapoteco,Chris Thawley,2023-03-17T00:57:36Z
58732,Yaga-beche-topa,und,"","",,Zapoteco,Oscar González,2023-07-11T21:15:43Z
286728,Yagalache,und,"","",,Zapoteco,Oscar González,2023-07-11T21:19:59Z
284484,Yagaguej,und,"","",,Zapoteco,Oscar González,2023-07-11T21:31:49Z
314493,Yichiachi,und,"","",,Zapoteco,Oscar González,2023-08-31T06:08:28Z
1199821,ya-cuchar,und,"","",https://www.inaturalist.org/taxon_names/449728/edit,Zapoteco,,2023-11-01T00:18:06Z
995125,coo-guiña nagali-castilla,und,"","",https://www.inaturalist.org/taxon_names/444244/edit,Zapoteco,Dmitriy Bochkov,2024-03-27T02:49:06Z
