id,vernacularName,language,locality,countryCode,source,lexicon,contributor,created
62941,agcum,und,"","",,Chol,Ken-ichi Ueda,2013-05-16T07:58:17Z
290046,Chacté,und,"","",,Chol,Ken-ichi Ueda,2013-05-16T08:04:51Z
209939,chacté,und,"","",,Chol,Ken-ichi Ueda,2013-05-16T08:04:51Z
209957,chic'b,und,"","",,Chol,Jorge Rojas S.,2013-05-16T08:05:15Z
49658,naba,und,"","",,Chol,Ken-ichi Ueda,2013-05-16T08:19:44Z
291783,cha'te',und,"","",,Chol,Ken-ichi Ueda,2018-08-21T06:56:47Z
47118,Am,und,"","",,Chol,Diego Barrales,2021-03-14T18:20:15Z
47424,Chiwoj,und,"","",,Chol,Diego Barrales,2021-03-14T18:21:45Z
48894,Tuchub,und,"","",,Chol,Diego Barrales,2021-03-14T18:22:36Z
866390,ñiuc,und,"","",https://www.inaturalist.org/taxon_names/447706/edit,Chol,Chris Thawley,2023-03-17T00:57:39Z
1471581,guch-shibá,und,"","",https://www.inaturalist.org/taxon_names/445328/edit,Chol,,2023-05-31T20:26:47Z
980760,chacté,und,"","",https://www.inaturalist.org/taxon_names/443662/edit,Chol,,2023-06-17T01:34:32Z
1528912,Gran Cucaracha de Aguas,und,"","",https://www.inaturalist.org/taxon_names/2063354/edit,Chol,,2024-01-30T22:34:37Z
