id,vernacularName,language,locality,countryCode,source,lexicon,contributor,created
320523,ཨེ་ཏོ་མེ་ཏོག,und,Bhutan,BT,,Dzongkha,Phuentsho,2020-05-23T00:50:41Z
627333,ཏ་ལ,und,Bhutan,BT,,Dzongkha,Phuentsho,2020-05-24T14:20:10Z
602998,Mitsu Shing,und,Bhutan,BT,,Dzongkha,Phuentsho,2020-06-02T12:16:30Z
20969,འདྲེ་ཏོག་ཟེམ,und,Bhutan,BT,,Dzongkha,Phuentsho,2020-07-18T05:38:02Z
68507,ཏེབ་བྱ་གནགམོ,und,Bhutan,BT,,Dzongkha,Phuentsho,2020-07-20T05:21:04Z
122866,ཀ་ཀུ་རུ།,und,Bhutan,BT,,Dzongkha,Phuentsho,2020-09-30T05:19:57Z
1070741,སྤྱ་དཀར།,und,Bhutan,BT,,Dzongkha,Phuentsho,2020-11-13T06:36:19Z
438179,Ruto Shing,und,Bhutan,BT,,Dzongkha,Phuentsho,2020-11-27T05:14:18Z
74659,ཀ་ཤ།,und,Bhutan,BT,,Dzongkha,Phuentsho,2021-01-06T05:40:11Z
25,ཁྲུང་ཁྲུང་དཀར་མོ།,und,Bhutan,BT,,Dzongkha,Phuentsho,2021-02-24T08:12:54Z
447082,Doched Metog,und,Bhutan,BT,,Dzongkha,Phuentsho,2021-03-02T03:37:19Z
411078,De Shing,und,Bhutan,BT,,Dzongkha,Phuentsho,2021-03-02T06:55:41Z
429558,ཆུ་དཀར་མེ་ཏོག།,und,Bhutan,BT,,Dzongkha,Phuentsho,2021-07-13T05:30:58Z
