id,vernacularName,language,locality,countryCode,source,lexicon,contributor,created
527007,xg'óà,und,"","",,Naro,Botswanabugs,2020-03-14T18:45:22Z
47114,U-uba,und,"","",,Naro,Dewald du Plessis,2020-04-07T11:37:21Z
48112,"!Na-ka-k""a:asha",und,Namibia | Botswana,"NA,BW",,Naro,Dewald du Plessis,2020-11-11T13:17:57Z
47208,||Ga'mma-tshu,und,"","",,Naro,Dewald du Plessis,2020-11-11T14:34:22Z
48894,"||Ari, ||K’’arriba",und,"Ghanzi, BW | Namibia",NA,,Naro,Dewald du Plessis,2021-10-18T18:43:02Z
510214,"||Ari, ||K''arriba",und,"Ghanzi, BW | Central Kalahari and Khutse Game Reserves","",,Naro,Dewald du Plessis,2021-10-19T20:37:37Z
142774,khoe,und,"","",,Naro,Botswanabugs,2022-01-09T04:43:59Z
