id,vernacularName,language,locality,countryCode,source,lexicon,contributor,created
133588,Mkigara,und,"","",,Taita,brnhn,2020-11-17T21:31:22Z
68492,molukandela,und,"","",,Taita,Botswanabugs,2021-03-23T12:22:33Z
132925,Ndiyo-Ya-Kisanga,und,"","",,Taita,Tammo Reichgelt,2022-07-20T14:29:53Z
132925,Mamasungu,und,"","",,Taita,Tammo Reichgelt,2022-07-20T14:30:11Z
132931,Manyoda,und,"","",,Taita,Tammo Reichgelt,2022-07-20T15:27:46Z
132931,Munganga,und,"","",,Taita,Tammo Reichgelt,2022-07-20T15:27:56Z
132931,Mulongo,und,"","",,Taita,Tammo Reichgelt,2022-07-20T15:28:09Z
184346,Msimaguare,und,"","",,Taita,Tammo Reichgelt,2022-07-20T19:28:49Z
342724,Wangombei,und,"","",,Taita,Tammo Reichgelt,2022-07-20T19:54:06Z
340231,Mtunguru,und,"","",,Taita,Tammo Reichgelt,2022-07-20T20:23:55Z
210929,Mungondi,und,"","",,Taita,Tammo Reichgelt,2022-07-21T02:21:05Z
1046695,Ngoche,und,"","",,Taita,Tammo Reichgelt,2022-10-24T12:12:30Z
435472,kipapa,und,"","",,Taita,Joe Zito,2023-10-21T17:10:32Z
32439,ngomu,und,"","",,Taita,Andrew Durso,2023-12-27T18:15:01Z
32610,ngomu,und,"","",,Taita,Andrew Durso,2023-12-27T18:15:38Z
540179,ngomu,und,"","",,Taita,Andrew Durso,2023-12-27T18:16:04Z
111451,are,und,"","",,Taita,Andrew Durso,2023-12-27T18:16:50Z
32208,kivuvu,und,"","",,Taita,Andrew Durso,2023-12-27T18:17:19Z
29760,mwawaya,und,"","",,Taita,Andrew Durso,2023-12-27T18:17:56Z
27156,nguluku,und,"","",,Taita,Andrew Durso,2023-12-27T18:34:12Z
29933,zagho,und,"","",,Taita,Andrew Durso,2023-12-27T18:38:38Z
28771,choka ya nganga nganga,und,"","",,Taita,Andrew Durso,2023-12-27T18:40:02Z
28769,nguluku,und,"","",,Taita,Andrew Durso,2023-12-27T18:41:08Z
28965,zagho,und,"","",,Taita,Andrew Durso,2023-12-27T18:41:37Z
56629,zagho,und,"","",,Taita,Andrew Durso,2023-12-27T18:42:11Z
28971,ndezi ya ng'ombe,und,"","",,Taita,Andrew Durso,2023-12-27T18:43:02Z
110765,kisikiria maza,und,"","",,Taita,Andrew Durso,2023-12-27T18:44:16Z
28961,kisikiria maza,und,"","",,Taita,Andrew Durso,2023-12-27T18:44:35Z
116533,zagho,und,"","",,Taita,Andrew Durso,2023-12-27T18:45:05Z
109304,ikumbo,und,"","",,Taita,Andrew Durso,2023-12-27T19:04:26Z
29074,ikumbo,und,"","",,Taita,Andrew Durso,2023-12-27T19:04:45Z
29073,ikumbo,und,"","",,Taita,Andrew Durso,2023-12-27T19:05:06Z
26726,nguluku,und,"","",,Taita,Andrew Durso,2023-12-27T19:05:25Z
28447,nguluku,und,"","",,Taita,Andrew Durso,2023-12-27T19:06:17Z
30358,vunjarere,und,"","",,Taita,Andrew Durso,2023-12-27T19:07:17Z
30358,bafwe,und,"","",,Taita,Andrew Durso,2023-12-27T19:07:33Z
28334,ifurudi,und,"","",,Taita,Andrew Durso,2023-12-27T19:07:57Z
30476,bafwe,und,"","",,Taita,Andrew Durso,2023-12-27T19:08:58Z
30476,ilimanjighu,und,"","",,Taita,Andrew Durso,2023-12-27T19:09:16Z
30486,nguluku,und,"","",,Taita,Andrew Durso,2023-12-27T19:09:51Z
30405,ilimanjighu,und,"","",,Taita,Andrew Durso,2023-12-27T19:10:07Z
30820,kili,und,"","",,Taita,Andrew Durso,2023-12-27T19:10:24Z
30851,kili,und,"","",,Taita,Andrew Durso,2023-12-27T19:10:49Z
