id,vernacularName,language,locality,countryCode,source,lexicon,contributor,created
102742,Lek,und,"","",,Dinka,Zane Roskoph,2021-07-16T16:09:21Z
371437,Luth,und,"","",,Dinka,Zane Roskoph,2021-07-19T15:07:36Z
102692,Cur,und,"","",,Dinka,Zane Roskoph,2021-07-19T16:45:26Z
41964,Kör,und,"","",,Dinka,Zane Roskoph,2021-08-24T13:07:23Z
493799,Agwer,und,"","",,Dinka,Zane Roskoph,2021-09-11T19:37:48Z
493799,Ding,und,"","",,Dinka,Zane Roskoph,2021-09-11T19:38:03Z
113934,Buliak,und,"","",,Dinka,Zane Roskoph,2021-12-23T20:24:00Z
20526,Wut,und,"","",,Dinka,Johan Devos,2023-02-28T22:20:38Z
30851,Kuryeth,und,South Sudan,SS,,Dinka,Andrew Durso,2023-10-26T12:15:24Z
31088,Anyak,und,South Sudan,SS,,Dinka,Andrew Durso,2023-10-26T12:16:26Z
30405,Choch,und,South Sudan,SS,,Dinka,Andrew Durso,2023-10-26T12:18:01Z
30479,Riir,und,South Sudan,SS,,Dinka,Andrew Durso,2023-10-26T12:18:44Z
30476,Pien,und,South Sudan,SS,,Dinka,Andrew Durso,2023-10-26T12:19:21Z
30476,Akalek,und,South Sudan,SS,,Dinka,Andrew Durso,2023-10-26T12:19:40Z
42327,Abuɔɔk,und,"","",,Dinka,El Vaquero Loco,2024-04-24T05:44:00Z
45763,Abuop,und,"","",,Dinka,El Vaquero Loco,2024-04-24T05:44:38Z
2183,Aciu,und,"","",,Dinka,El Vaquero Loco,2024-04-24T05:45:27Z
47735,Acir,und,"","",,Dinka,El Vaquero Loco,2024-04-24T05:45:58Z
51672,Acak,und,"","",,Dinka,El Vaquero Loco,2024-04-24T05:46:26Z
5265,Acuil,und,"","",,Dinka,El Vaquero Loco,2024-04-24T05:47:46Z
47336,Acuk,und,"","",,Dinka,El Vaquero Loco,2024-04-24T05:48:25Z
71085,Agɛny,und,"","",,Dinka,El Vaquero Loco,2024-04-24T05:49:35Z
71085,Agany,und,"","",,Dinka,El Vaquero Loco,2024-04-24T05:49:54Z
42380,Lɔ̈ɔ̈c,und,"","",,Dinka,El Vaquero Loco,2024-04-24T05:50:27Z
4736,Agal,und,"","",,Dinka,El Vaquero Loco,2024-04-24T05:51:22Z
1075514,Agaŋrial,und,"","",,Dinka,El Vaquero Loco,2024-04-24T05:52:38Z
340320,Agep,und,"","",,Dinka,El Vaquero Loco,2024-04-24T05:53:06Z
41900,Agor,und,"","",,Dinka,El Vaquero Loco,2024-04-24T05:53:46Z
20979,Aguek,und,"","",,Dinka,El Vaquero Loco,2024-04-24T05:54:11Z
19350,Agumut,und,"","",,Dinka,El Vaquero Loco,2024-04-24T05:54:50Z
74832,Agɔɔk,und,"","",,Dinka,El Vaquero Loco,2024-04-24T05:55:11Z
516827,Ajuec,und,"","",,Dinka,El Vaquero Loco,2024-04-24T05:55:55Z
882,Ajïth,und,"","",,Dinka,El Vaquero Loco,2024-04-24T05:56:18Z
148030,Akaja,und,"","",,Dinka,El Vaquero Loco,2024-04-24T05:56:39Z
365985,Akarap,und,"","",,Dinka,El Vaquero Loco,2024-04-24T05:57:04Z
6888,Akeer,und,"","",,Dinka,El Vaquero Loco,2024-04-24T06:00:15Z
72486,Akoi,und,"","",,Dinka,El Vaquero Loco,2024-04-24T06:00:45Z
5438,Akiɛl,und,"","",,Dinka,El Vaquero Loco,2024-04-24T06:01:30Z
43694,Ŋuönakɔ̈ɔ̈n de Apirïka,und,"","",,Dinka,El Vaquero Loco,2024-04-24T06:02:06Z
75082,Akuoŋ,und,"","",,Dinka,El Vaquero Loco,2024-04-24T06:04:31Z
54919,Akuɔl,und,"","",,Dinka,El Vaquero Loco,2024-04-24T06:04:58Z
47792,Akɔlmagar,und,"","",,Dinka,El Vaquero Loco,2024-04-24T06:05:40Z
4270,Aliec,und,"","",,Dinka,El Vaquero Loco,2024-04-24T06:06:05Z
42418,Aluɛlweŋ,und,"","",,Dinka,El Vaquero Loco,2024-04-24T06:06:30Z
48201,Aluotweer,und,"","",,Dinka,El Vaquero Loco,2024-04-24T06:07:02Z
40268,Alïïk,und,"","",,Dinka,El Vaquero Loco,2024-04-24T06:07:38Z
95042,Alɔ̈ɔ̈u,und,"","",,Dinka,El Vaquero Loco,2024-04-24T06:09:16Z
45842,Alɔ̈l,und,"","",,Dinka,El Vaquero Loco,2024-04-24T06:09:48Z
2184,Amaibaai,und,"","",,Dinka,El Vaquero Loco,2024-04-24T06:10:30Z
44171,Amiyok,und,"","",,Dinka,El Vaquero Loco,2024-04-24T06:11:12Z
42332,Amom,und,"","",,Dinka,El Vaquero Loco,2024-04-24T06:12:04Z
74870,Amuöŋlith,und,"","",,Dinka,El Vaquero Loco,2024-04-24T06:13:20Z
1430997,Amuŋ thith,und,"","",,Dinka,El Vaquero Loco,2024-04-24T06:14:03Z
42424,Amuɔŋlual,und,"","",,Dinka,El Vaquero Loco,2024-04-24T06:15:33Z
121578,Amɛ̈lbaai,und,"","",,Dinka,El Vaquero Loco,2024-04-24T06:16:35Z
42405,Anyaar Apirïka,und,"","",,Dinka,El Vaquero Loco,2024-04-24T06:17:08Z
30851,Anyak,und,"","",,Dinka,El Vaquero Loco,2024-04-24T06:18:11Z
164415,Anyal,und,"","",,Dinka,El Vaquero Loco,2024-04-24T06:18:35Z
42338,Anyidol,und,"","",,Dinka,El Vaquero Loco,2024-04-24T06:19:01Z
49240,Anyidɔl,und,"","",,Dinka,El Vaquero Loco,2024-04-24T06:19:24Z
46279,Anyor,und,"","",,Dinka,El Vaquero Loco,2024-04-24T06:19:51Z
48448,Anyuɔl,und,"","",,Dinka,El Vaquero Loco,2024-04-24T06:20:40Z
120917,Apabuoŋ,und,"","",,Dinka,El Vaquero Loco,2024-04-24T06:21:17Z
39420,Apaluoc,und,"","",,Dinka,El Vaquero Loco,2024-04-24T06:21:43Z
53940,Apam,und,"","",,Dinka,El Vaquero Loco,2024-04-24T06:22:33Z
3739,Arumjok,und,"","",,Dinka,El Vaquero Loco,2024-04-24T14:58:07Z
3734,Athokpur,und,"","",,Dinka,El Vaquero Loco,2024-04-24T15:00:30Z
121324,Atuur,und,"","",,Dinka,El Vaquero Loco,2024-04-24T15:01:17Z
42054,Awan,und,"","",,Dinka,El Vaquero Loco,2024-04-24T15:02:01Z
23,Awet,und,"","",,Dinka,El Vaquero Loco,2024-04-24T15:04:15Z
