id,vernacularName,language,locality,countryCode,source,lexicon,contributor,created
340245,omwoongo,und,"","",,Kwanyama,Botswanabugs,2020-01-13T06:34:57Z
595536,omaphsha,und,"","",,Kwanyama,Botswanabugs,2020-09-20T11:31:51Z
513962,ekoka,und,"","",,Kwanyama,Botswanabugs,2021-01-06T03:00:00Z
513962,omakoda,und,"","",,Kwanyama,Botswanabugs,2021-01-06T03:01:06Z
513962,eschilulua,und,"","",,Kwanyama,Botswanabugs,2021-01-06T03:01:53Z
513962,engodyo,und,"","",,Kwanyama,Botswanabugs,2021-01-06T03:02:36Z
122098,omukene,und,"","",South African National Biodiversity Institute. 2021. Botanical Database of Southern Africa (BODATSA) [offline dataset]. http://newposa.sanbi.org [Note that these data are not available at this URL as of 2021],Kwanyama,Ken-ichi Ueda,2021-10-21T20:18:09Z
598569,ombango,und,"","",South African National Biodiversity Institute. 2021. Botanical Database of Southern Africa (BODATSA) [offline dataset]. http://newposa.sanbi.org [Note that these data are not available at this URL as of 2021],Kwanyama,Ken-ichi Ueda,2021-10-21T20:18:09Z
141177,ompilu,und,"","",South African National Biodiversity Institute. 2021. Botanical Database of Southern Africa (BODATSA) [offline dataset]. http://newposa.sanbi.org [Note that these data are not available at this URL as of 2021],Kwanyama,Ken-ichi Ueda,2021-10-21T20:18:09Z
79141,ndemukolenghula,und,"","",South African National Biodiversity Institute. 2021. Botanical Database of Southern Africa (BODATSA) [offline dataset]. http://newposa.sanbi.org [Note that these data are not available at this URL as of 2021],Kwanyama,Ken-ichi Ueda,2021-10-21T20:18:09Z
340253,omunghongo,und,"","",South African National Biodiversity Institute. 2021. Botanical Database of Southern Africa (BODATSA) [offline dataset]. http://newposa.sanbi.org [Note that these data are not available at this URL as of 2021],Kwanyama,Ken-ichi Ueda,2021-10-21T20:18:10Z
30851,euta,und,"","",,Kwanyama,Botswanabugs,2023-05-13T18:44:55Z
