id,vernacularName,language,locality,countryCode,source,lexicon,contributor,created
43997,koypu,und,"","",,Mapudungun,Diego Almendras G.,2019-01-10T02:04:54Z
47414,Limanche,und,"","",,Mapudungun,Diego Almendras G.,2019-06-05T03:46:04Z
41516,Kawel,und,"","",,Mapudungun,Diego Almendras G.,2019-06-10T02:33:03Z
126404,Pehuen,und,"","",,Mapudungun,Diego Almendras G.,2019-06-11T20:55:19Z
42169,püdü,und,"","",,Mapudungun,Diego Almendras G.,2019-06-17T20:34:58Z
8901,Kamtrü,und,"","",,Mapudungun,Diego Almendras G.,2019-06-24T21:58:13Z
497142,Diullin,und,"","",,Mapudungun,Diego Almendras G.,2019-06-25T22:54:47Z
810560,kawen,und,"","",,Mapudungun,Diego Almendras G.,2019-07-03T19:40:48Z
73388,pinzá,und,"","",,Mapudungun,Diego Almendras G.,2019-07-24T16:20:45Z
41168,Piwicheñ,und,"","",,Mapudungun,Diego Almendras G.,2019-08-16T23:19:47Z
41168,Piuchén,und,"","",,Mapudungun,Diego Almendras G.,2019-08-16T23:20:10Z
135546,Lleuque,und,"","",,Mapudungun,Diego Almendras G.,2019-09-02T04:57:33Z
47144,Quiltro,und,"","",,Mapudungun,Diego Almendras G.,2020-02-25T22:42:56Z
704519,Quilquil,und,"","",,Mapudungun,Jorge Herreros de Lartundo,2020-03-04T02:37:38Z
23214,Coicoy,und,"","",,Mapudungun,Diego Almendras G.,2020-05-02T00:06:39Z
18283,Rere,und,"","",,Mapudungun,Diego Almendras G.,2020-05-04T05:34:33Z
1093236,Melonhue,und,"","",,Mapudungun,Diego Almendras G.,2020-05-30T23:40:31Z
190621,Huillipatagua,und,"","",,Mapudungun,Nicolás Lavandero,2020-09-03T22:23:22Z
497142,Zuwlliñ,und,"","",,Mapudungun,Diego Almendras G.,2020-09-09T14:01:45Z
51751,chacay,und,"","",,Mapudungun,Diego Almendras G.,2020-09-10T22:21:20Z
556940,Awach awach,und,"","",,Mapudungun,Diego Almendras G.,2020-09-21T23:40:44Z
278781,Foike,und,Chile,CL,,Mapudungun,Diego Almendras G.,2021-09-15T20:48:11Z
123353,Kan-Kan,und,"","",,Mapudungun,Diego Almendras G.,2021-09-16T13:04:23Z
74482,Kodkod,und,"","",,Mapudungun,Ariel Cabrera Foix,2021-10-17T15:59:04Z
367272,Huilli,und,"","",,Mapudungun,Nodora L. Moyano,2021-12-19T21:27:22Z
802830,Llaw llaw,und,"","",,Mapudungun,Nodora L. Moyano,2021-12-19T21:29:00Z
450336,Pellín,und,"","",,Mapudungun,Nodora L. Moyano,2021-12-19T21:29:43Z
450336,Hualle,und,Chile,CL,,Mapudungun,Nodora L. Moyano,2021-12-19T21:30:45Z
450336,Koyam,und,"","",,Mapudungun,Nodora L. Moyano,2021-12-19T21:31:44Z
18261,Pütiw,und,"","",,Mapudungun,Nodora L. Moyano,2021-12-20T14:07:36Z
528617,Ñuil,und,"","",,Mapudungun,Nodora L. Moyano,2021-12-20T15:26:40Z
556940,Italahuen,und,Chile,CL,,Mapudungun,Nodora L. Moyano,2021-12-20T16:33:54Z
787205,Pilpilvoqui,und,Chile,CL,,Mapudungun,Nodora L. Moyano,2021-12-20T16:47:36Z
626441,Pengiill,und,"","",,Mapudungun,Diego Almendras G.,2022-01-06T18:01:08Z
860993,Quilmay,und,Chile,CL,,Mapudungun,Nicolás Clavijo Inzunza,2022-01-25T19:51:58Z
474994,Ñamku,und,Chile,CL,,Mapudungun,Nodora L. Moyano,2022-01-26T14:03:45Z
201044,Ñamku,und,"","",,Mapudungun,Nodora L. Moyano,2022-01-26T14:04:15Z
144595,kil-kil,und,"","",,Mapudungun,Diego Almendras G.,2022-02-13T01:22:29Z
29112,Iwai,und,"","",,Mapudungun,Diego Almendras G.,2022-02-15T02:36:34Z
352185,Pike,und,"","",,Mapudungun,Nodora L. Moyano,2022-03-18T16:42:11Z
126404,Pewen,und,"","",,Mapudungun,Diego Almendras G.,2022-05-09T18:16:25Z
77310,Pangue,und,"","",,Mapudungun,Diego Almendras G.,2022-05-11T20:16:30Z
19948,Kong kong,und,"","",,Mapudungun,Nodora L. Moyano,2022-05-13T04:23:36Z
39234,Lawañe,und,Chile,CL,,Mapudungun,Nodora L. Moyano,2022-06-21T17:58:28Z
38927,Palüm,und,Chile,CL,,Mapudungun,Nodora L. Moyano,2022-06-21T18:21:09Z
892039,Liguay,und,"","",https://www.inaturalist.org/taxon_names/2858906/edit,Mapudungun,,2022-09-26T18:53:08Z
1042210,Katalapi,und,"","",https://www.inaturalist.org/taxon_names/2043756/edit,Mapudungun,Pablo Silva,2022-10-07T11:48:23Z
1439435,Vilo,und,"","",https://www.inaturalist.org/taxon_names/2895225/edit,Mapudungun,,2023-01-07T00:02:28Z
47336,Kollalla,und,"","",,Mapudungun,Diego Almendras G.,2023-01-24T02:51:44Z
490850,Huepo,und,"","",,Mapudungun,Diego Almendras G.,2023-03-01T15:27:11Z
1444782,Huepo,und,"","",,Mapudungun,Diego Almendras G.,2023-03-01T15:27:49Z
42179,wümul,und,"","",,Mapudungun,Diego Almendras G.,2023-03-01T21:28:05Z
571199,Meki,und,"","",,Mapudungun,Nodora L. Moyano,2023-03-15T20:40:55Z
482913,Chiwüd,und,"","",,Mapudungun,Diego Almendras G.,2023-05-08T19:44:03Z
928269,Hualtata,und,"","",,Mapudungun,Diego Almendras G.,2023-06-06T00:54:38Z
1078147,Cüdu-mamëll,und,"","",,Mapudungun,Diego Almendras G.,2023-08-07T14:50:47Z
855993,Pehueldén,und,"","",,Mapudungun,Diego Almendras G.,2023-08-29T19:06:39Z
567783,Ehuelpúe,und,Chile,CL,,Mapudungun,Nodora L. Moyano,2023-11-07T03:15:23Z
42180,wümul,und,Chile,CL,,Mapudungun,Diego Almendras G.,2023-11-24T14:48:05Z
735369,Foiyelawén,und,"","",,Mapudungun,Diego Almendras G.,2024-01-09T00:11:43Z
772070,alhuepoñi,und,"","",,Mapudungun,Diego Almendras G.,2024-01-16T18:40:38Z
490916,Ngëfü,und,"","",,Mapudungun,Nodora L. Moyano,2024-03-24T02:39:15Z
474123,rëngi,und,"","",,Mapudungun,Nodora L. Moyano,2024-03-24T02:41:08Z
874478,Coyanlahuén,und,"","",,Mapudungun,Diego Almendras G.,2024-04-25T13:35:48Z
