id,vernacularName,language,locality,countryCode,source,lexicon,contributor,created
58467,Dahlia,und,"","","FA Bisby, YR Roskov, MA Ruggiero, TM Orrell, LE Paglinawan, PW Brewer, N Bailly, J van Hertum, eds (2007). Species 2000 & ITIS Catalogue of Life: 2007 Annual Checklist Taxonomic Classification. CD-ROM; Species 2000: Reading, U.K.",Carolinian,Mark Rosenstein,2010-03-31T19:06:49Z
52323,Dahlia,und,"","","FA Bisby, YR Roskov, MA Ruggiero, TM Orrell, LE Paglinawan, PW Brewer, N Bailly, J van Hertum, eds (2007). Species 2000 & ITIS Catalogue of Life: 2007 Annual Checklist Taxonomic Classification. CD-ROM; Species 2000: Reading, U.K.",Carolinian,Mark Rosenstein,2010-03-31T19:06:51Z
121460,Sera,und,"","","FA Bisby, YR Roskov, MA Ruggiero, TM Orrell, LE Paglinawan, PW Brewer, N Bailly, J van Hertum, eds (2007). Species 2000 & ITIS Catalogue of Life: 2007 Annual Checklist Taxonomic Classification. CD-ROM; Species 2000: Reading, U.K.",Carolinian,Victor HOYEAU,2012-07-18T20:18:57Z
68030,Moos,und,"","",http://www.catalogueoflife.org/annual-checklist/2012/details/species/id/10075943/common/139569,Carolinian,Mark Rosenstein,2015-05-06T20:03:04Z
121460,sara,und,"","",http://www.catalogueoflife.org/annual-checklist/details/species/id/10055520/common/318612,Carolinian,Victor HOYEAU,2015-10-27T08:44:31Z
53573,sara,und,"","",http://www.catalogueoflife.org/annual-checklist/details/species/id/10055496/common/319069,Carolinian,Victor HOYEAU,2015-10-27T08:44:31Z
479375,sara,und,"","",http://www.catalogueoflife.org/annual-checklist/details/species/id/10054405/common/329474,Carolinian,,2015-10-27T08:44:32Z
179880,sara,und,"","",http://www.catalogueoflife.org/annual-checklist/details/species/id/10070344/common/147951,Carolinian,Mark Rosenstein,2015-10-27T08:44:35Z
181020,sara,und,"","",http://www.catalogueoflife.org/annual-checklist/details/species/id/10070269/common/148875,Carolinian,Mark Rosenstein,2015-10-27T08:44:35Z
102579,Mem,und,"","",http://www.catalogueoflife.org/annual-checklist/details/species/id/10076405/common/67408,Carolinian,Donald Davesne,2016-10-11T13:03:34Z
97649,Mem,und,"","",http://www.catalogueoflife.org/annual-checklist/details/species/id/10076205/common/69711,Carolinian,,2016-10-11T13:03:36Z
82355,Mem,und,"","",http://www.catalogueoflife.org/annual-checklist/details/species/id/10076203/common/69867,Carolinian,Mark Rosenstein,2016-10-11T13:03:36Z
102580,Mem,und,"","",http://www.catalogueoflife.org/annual-checklist/details/species/id/10076406/common/67347,Carolinian,Mark Rosenstein,2016-10-11T13:03:37Z
504122,Mwelel,und,"","",,Carolinian,James Ojascastro,2016-11-19T06:47:26Z
363301,Lighitar,und,"","",,Carolinian,James Ojascastro,2017-07-05T00:27:09Z
363301,Atiyat,und,"","",,Carolinian,James Ojascastro,2017-07-05T00:27:40Z
360351,Ghasooso,und,"","",,Carolinian,James Ojascastro,2017-07-05T00:37:24Z
552070,Bwengwa,und,"","",,Carolinian,James Ojascastro,2017-07-05T00:43:11Z
549374,Mwesor,und,"","",,Carolinian,James Ojascastro,2017-07-05T00:44:43Z
159698,Raghisch,und,"","",,Carolinian,James Ojascastro,2017-07-05T01:03:14Z
48865,luu,und,"","",,Carolinian,James Ojascastro,2017-07-05T01:24:32Z
84150,Poghu,und,"","",,Carolinian,James Ojascastro,2017-07-05T02:12:33Z
70026,Fashil wal,und,"","",,Carolinian,James Ojascastro,2017-07-05T02:15:03Z
343758,Apilas,und,"","",,Carolinian,James Ojascastro,2017-07-05T02:16:38Z
62888,Weighu,und,"","",,Carolinian,James Ojascastro,2017-07-05T03:39:18Z
504090,Oschal,und,"","",,Carolinian,James Ojascastro,2017-07-05T19:34:29Z
62859,Abwas,und,"","",,Carolinian,James Ojascastro,2017-07-05T19:38:36Z
278899,Oschal,und,"","",,Carolinian,James Ojascastro,2017-07-05T19:47:08Z
2787,Mwee'mwe,und,"","",,Carolinian,James Ojascastro,2017-07-05T21:41:38Z
366267,Mwesor,und,"","",,Carolinian,James Ojascastro,2017-11-21T18:20:08Z
553615,Walmwasching,und,"","",,Carolinian,James Ojascastro,2018-07-20T16:44:27Z
123681,Wengu,und,"","",,Carolinian,James Ojascastro,2019-08-01T16:03:15Z
344375,Nimmis,und,"","",http://www.catalogueoflife.org/annual-checklist/details/species/id/10070372/common/53526,Carolinian,,2021-07-13T12:22:55Z
57339,Nimmis,und,"","",http://www.catalogueoflife.org/annual-checklist/details/species/id/10070355/common/53672,Carolinian,,2021-07-13T12:22:55Z
468752,Nimmis,und,"","",http://www.catalogueoflife.org/annual-checklist/details/species/id/10070377/common/53495,Carolinian,,2021-07-13T12:22:56Z
179869,Nimmis,und,"","",http://www.catalogueoflife.org/annual-checklist/details/species/id/10070356/common/53648,Carolinian,,2021-07-13T12:22:56Z
179849,Nimmis,und,"","",http://www.catalogueoflife.org/annual-checklist/details/species/id/10070358/common/53632,Carolinian,,2021-07-13T12:22:57Z
338073,Nimmis,und,"","",http://www.catalogueoflife.org/annual-checklist/details/species/id/10070382/common/53452,Carolinian,,2021-07-13T12:22:57Z
204591,Nimmis,und,"","",http://www.catalogueoflife.org/annual-checklist/details/species/id/10070363/common/53587,Carolinian,,2021-07-13T12:22:58Z
470653,Nimmis,und,"","",http://www.catalogueoflife.org/annual-checklist/details/species/id/10070364/common/53562,Carolinian,,2021-07-13T12:22:58Z
341387,Nimmis,und,"","",http://www.catalogueoflife.org/annual-checklist/details/species/id/10070353/common/53714,Carolinian,,2021-07-13T12:22:58Z
95837,Ngishif,und,"","",http://www.catalogueoflife.org/annual-checklist/details/species/id/10076179/common/124990,Carolinian,,2021-07-13T12:35:27Z
113978,Gashileo,und,"","",http://www.catalogueoflife.org/annual-checklist/details/species/id/10076596/common/94252,Carolinian,,2021-07-13T13:00:02Z
113980,Gashileo,und,"","",http://www.catalogueoflife.org/annual-checklist/details/species/id/10076599/common/94182,Carolinian,,2021-07-13T13:00:02Z
113981,Gashileo,und,"","",http://www.catalogueoflife.org/annual-checklist/details/species/id/10076600/common/94103,Carolinian,,2021-07-13T13:00:03Z
113202,Ighil-wosh,und,"","",http://www.catalogueoflife.org/annual-checklist/details/species/id/10076555/common/152073,Carolinian,,2021-07-13T13:00:17Z
113981,Ighil-wosh,und,"","",http://www.catalogueoflife.org/annual-checklist/details/species/id/10076600/common/94101,Carolinian,,2021-07-13T13:00:17Z
113981,Keyiyop,und,"","",http://www.catalogueoflife.org/annual-checklist/details/species/id/10076600/common/94099,Carolinian,,2021-07-13T13:00:27Z
100111,Taiyaaw,und,"","",http://www.catalogueoflife.org/annual-checklist/details/species/id/10073135/common/42142,Carolinian,Victor HOYEAU,2021-07-15T12:07:14Z
67971,Faiyemeet,und,"","",http://www.catalogueoflife.org/annual-checklist/details/species/id/10078380/common/265772,Carolinian,,2021-07-19T14:58:33Z
111716,Sáyuwaanu,und,"","",http://www.catalogueoflife.org/annual-checklist/details/species/id/10053747/common/198070,Carolinian,,2021-07-20T15:49:54Z
52508,Yásáápin yáriiné,und,"","",http://www.catalogueoflife.org/annual-checklist/details/species/id/10076322/common/200205,Carolinian,,2021-07-27T16:00:58Z
52508,Yásááp pwerépwer,und,"","",http://www.catalogueoflife.org/annual-checklist/details/species/id/10076322/common/200207,Carolinian,,2021-07-27T16:01:04Z
52508,Yásááp,und,"","",http://www.catalogueoflife.org/annual-checklist/details/species/id/10076322/common/200206,Carolinian,,2021-07-27T16:01:10Z
52508,U-wau,und,"","",http://www.catalogueoflife.org/annual-checklist/details/species/id/10076322/common/200211,Carolinian,,2021-07-27T16:01:19Z
113985,U-wau,und,"","",http://www.catalogueoflife.org/annual-checklist/details/species/id/10076605/common/93935,Carolinian,,2021-07-27T16:01:19Z
52508,Geosaap,und,"","",http://www.catalogueoflife.org/annual-checklist/details/species/id/10076322/common/200256,Carolinian,,2021-07-27T16:01:25Z
93202,Pariutet,und,"","",http://www.catalogueoflife.org/annual-checklist/details/species/id/10085161/common/230778,Carolinian,,2021-07-27T16:09:13Z
334731,Pariutet,und,"","",http://www.catalogueoflife.org/annual-checklist/details/species/id/10085222/common/124376,Carolinian,,2021-07-27T16:09:13Z
338159,Pariutet,und,"","",http://www.catalogueoflife.org/annual-checklist/details/species/id/10085163/common/230754,Carolinian,,2021-07-27T16:09:14Z
196902,Pariutet,und,"","",http://www.catalogueoflife.org/annual-checklist/details/species/id/10085236/common/205979,Carolinian,,2021-07-27T16:09:14Z
196907,Pariutet,und,"","",http://www.catalogueoflife.org/annual-checklist/details/species/id/10085169/common/161232,Carolinian,,2021-07-27T16:09:14Z
418231,Pariutet,und,"","",http://www.catalogueoflife.org/annual-checklist/details/species/id/10085176/common/175560,Carolinian,,2021-07-27T16:09:15Z
196905,Pariutet,und,"","",http://www.catalogueoflife.org/annual-checklist/details/species/id/10085182/common/175523,Carolinian,Donald Davesne,2021-07-27T16:09:15Z
154282,Bbutelitel,und,"","",http://www.catalogueoflife.org/annual-checklist/details/species/id/10084940/common/227978,Carolinian,,2021-07-27T16:26:01Z
154282,Ppwumásen,und,"","",http://www.catalogueoflife.org/annual-checklist/details/species/id/10084940/common/227947,Carolinian,,2021-07-27T16:26:08Z
121597,Gamashuwag,und,"","",http://www.catalogueoflife.org/annual-checklist/details/species/id/10066649/common/55164,Carolinian,,2021-07-27T16:46:40Z
187000,Gamashuwag,und,"","",http://www.catalogueoflife.org/annual-checklist/details/species/id/10066659/common/54894,Carolinian,,2021-07-27T16:46:41Z
132366,Gamashuwag,und,"","",http://www.catalogueoflife.org/annual-checklist/details/species/id/10066677/common/54026,Carolinian,,2021-07-27T16:46:41Z
94016,Gaaguluug,und,"","",http://www.catalogueoflife.org/annual-checklist/details/species/id/10076137/common/200164,Carolinian,,2021-07-27T16:50:31Z
94016,Nipwurupwur,und,"","",http://www.catalogueoflife.org/annual-checklist/details/species/id/10076137/common/200139,Carolinian,,2021-07-27T16:50:37Z
135283,Filaang,und,"","",http://www.catalogueoflife.org/annual-checklist/details/species/id/10066658/common/54824,Carolinian,Victor HOYEAU,2021-07-27T17:58:02Z
135283,Felang,und,"","",http://www.catalogueoflife.org/annual-checklist/details/species/id/10066658/common/54826,Carolinian,Victor HOYEAU,2021-07-27T17:58:16Z
135283,Hiyuk,und,"","",http://www.catalogueoflife.org/annual-checklist/details/species/id/10066658/common/54818,Carolinian,Victor HOYEAU,2021-07-27T17:58:25Z
135283,Fenaang,und,"","",http://www.catalogueoflife.org/annual-checklist/details/species/id/10066658/common/54825,Carolinian,Victor HOYEAU,2021-07-27T17:58:31Z
135283,Fitiru,und,"","",http://www.catalogueoflife.org/annual-checklist/details/species/id/10066658/common/54823,Carolinian,Victor HOYEAU,2021-07-27T17:58:38Z
63597,Lisheileil,und,"","",http://www.catalogueoflife.org/annual-checklist/details/species/id/10076469/common/36368,Carolinian,,2021-07-27T19:19:17Z
63597,Potofúsúfús,und,"","",http://www.catalogueoflife.org/annual-checklist/details/species/id/10076469/common/36321,Carolinian,,2021-07-27T19:19:23Z
424818,Fiepwerik,und,"","",http://www.catalogueoflife.org/annual-checklist/details/species/id/10066720/common/55477,Carolinian,,2021-07-27T19:58:51Z
52459,Ligapwarig,und,"","",http://www.catalogueoflife.org/annual-checklist/details/species/id/10066716/common/55593,Carolinian,,2021-07-27T19:59:01Z
49641,Ligapwarig,und,"","",http://www.catalogueoflife.org/annual-checklist/details/species/id/10066719/common/55526,Carolinian,,2021-07-27T19:59:01Z
424818,Ligapwarig,und,"","",http://www.catalogueoflife.org/annual-checklist/details/species/id/10066720/common/55496,Carolinian,,2021-07-27T19:59:01Z
424818,Borig,und,"","",http://www.catalogueoflife.org/annual-checklist/details/species/id/10066720/common/55464,Carolinian,,2021-07-27T19:59:06Z
424818,Meraseras,und,"","",http://www.catalogueoflife.org/annual-checklist/details/species/id/10066720/common/55499,Carolinian,,2021-07-27T19:59:11Z
424818,Nikáppwárik,und,"","",http://www.catalogueoflife.org/annual-checklist/details/species/id/10066720/common/55505,Carolinian,,2021-07-27T19:59:22Z
123529,Hamoktan,und,"","",http://www.catalogueoflife.org/annual-checklist/details/species/id/10066653/common/55034,Carolinian,Victor HOYEAU,2021-07-28T13:24:56Z
424818,Hamoktan,und,"","",http://www.catalogueoflife.org/annual-checklist/details/species/id/10066720/common/55479,Carolinian,,2021-07-28T13:24:56Z
49641,Hugupau chokolati,und,"","",http://www.catalogueoflife.org/annual-checklist/details/species/id/10066719/common/55527,Carolinian,,2021-07-28T13:37:23Z
132410,Mwochepag,und,"","",http://www.catalogueoflife.org/annual-checklist/details/species/id/10066664/common/54430,Carolinian,,2021-07-28T14:53:10Z
121597,Hugupao dankulo,und,"","",http://www.catalogueoflife.org/annual-checklist/details/species/id/10066649/common/55161,Carolinian,,2021-07-28T14:53:22Z
132410,Hugupao dankulo,und,"","",http://www.catalogueoflife.org/annual-checklist/details/species/id/10066664/common/54452,Carolinian,,2021-07-28T14:53:23Z
132410,Ig-angung,und,"","",http://www.catalogueoflife.org/annual-checklist/details/species/id/10066664/common/54451,Carolinian,,2021-07-28T14:53:30Z
69760,Mar-re-fasch,und,"","",http://www.catalogueoflife.org/annual-checklist/details/species/id/10066640/common/55400,Carolinian,,2021-07-28T14:53:44Z
132410,Mar-re-fasch,und,"","",http://www.catalogueoflife.org/annual-checklist/details/species/id/10066664/common/54435,Carolinian,,2021-07-28T14:53:44Z
121704,Mar-re-fasch,und,"","",http://www.catalogueoflife.org/annual-checklist/details/species/id/10066667/common/54333,Carolinian,,2021-07-28T14:53:44Z
97003,Iugiushaap,und,"","",http://www.catalogueoflife.org/annual-checklist/details/species/id/10073053/common/60600,Carolinian,,2021-07-29T00:16:13Z
96989,Iugiushaap,und,"","",http://www.catalogueoflife.org/annual-checklist/details/species/id/10073037/common/61352,Carolinian,,2021-07-29T00:16:13Z
97005,Iugiushaap,und,"","",http://www.catalogueoflife.org/annual-checklist/details/species/id/10073055/common/60417,Carolinian,,2021-07-29T00:16:14Z
96990,Iugiushaap,und,"","",http://www.catalogueoflife.org/annual-checklist/details/species/id/10073038/common/61289,Carolinian,,2021-07-29T00:16:14Z
96996,Iugiushaap,und,"","",http://www.catalogueoflife.org/annual-checklist/details/species/id/10073045/common/60916,Carolinian,,2021-07-29T00:16:14Z
49639,Iugiushaap,und,"","",http://www.catalogueoflife.org/annual-checklist/details/species/id/10073047/common/60758,Carolinian,,2021-07-29T00:16:15Z
97001,Iugiushaap,und,"","",http://www.catalogueoflife.org/annual-checklist/details/species/id/10073051/common/60629,Carolinian,,2021-07-29T00:16:15Z
49639,Ligmelial,und,"","",http://www.catalogueoflife.org/annual-checklist/details/species/id/10073047/common/60817,Carolinian,,2021-07-29T00:17:14Z
53669,Bbugesaf,und,"","",http://www.catalogueoflife.org/annual-checklist/details/species/id/10084948/common/235513,Carolinian,,2021-07-30T11:30:55Z
53669,Ngüngü,und,"","",,Carolinian,Zane Roskoph,2021-07-30T11:31:12Z
53669,Mwáánni weneyité,und,"","",http://www.catalogueoflife.org/annual-checklist/details/species/id/10084948/common/235495,Carolinian,,2021-07-30T11:31:51Z
53669,Ppwukusaf,und,"","",http://www.catalogueoflife.org/annual-checklist/details/species/id/10084948/common/235487,Carolinian,,2021-07-30T11:32:00Z
53669,Niuniu,und,"","",,Carolinian,Zane Roskoph,2021-07-30T11:32:17Z
187279,Metechou,und,"","",http://www.catalogueoflife.org/annual-checklist/details/species/id/10066678/common/143603,Carolinian,,2021-07-30T12:36:26Z
83884,Bbubesh,und,"","",http://www.catalogueoflife.org/annual-checklist/details/species/id/10084953/common/180679,Carolinian,,2021-07-30T19:14:37Z
83884,Ppwupwér,und,"","",http://www.catalogueoflife.org/annual-checklist/details/species/id/10084953/common/180623,Carolinian,,2021-07-30T19:14:53Z
52456,Galiuyeliuy,und,"","",http://www.catalogueoflife.org/annual-checklist/details/species/id/10073036/common/61456,Carolinian,,2021-07-31T23:26:13Z
52456,Gadau maluslus,und,"","",http://www.catalogueoflife.org/annual-checklist/details/species/id/10073036/common/61458,Carolinian,,2021-07-31T23:26:40Z
52456,Maluslus,und,"","",,Carolinian,Zane Roskoph,2021-07-31T23:27:12Z
52456,Mwánisénús,und,"","",http://www.catalogueoflife.org/annual-checklist/details/species/id/10073036/common/61417,Carolinian,,2021-07-31T23:27:26Z
52459,Par-par,und,"","",,Carolinian,Zane Roskoph,2021-08-03T13:06:38Z
52451,Bulagaaley,und,"","",http://www.catalogueoflife.org/annual-checklist/details/species/id/10066695/common/8301,Carolinian,,2021-08-03T16:03:59Z
52451,Bula-lai,und,"","",http://www.catalogueoflife.org/annual-checklist/details/species/id/10066695/common/8300,Carolinian,,2021-08-03T16:04:05Z
52451,Hagun,und,"","",,Carolinian,Zane Roskoph,2021-08-03T16:04:22Z
52451,Nimataat,und,"","",http://www.catalogueoflife.org/annual-checklist/details/species/id/10066695/common/8256,Carolinian,,2021-08-03T16:04:31Z
52451,Pesepes,und,"","",http://www.catalogueoflife.org/annual-checklist/details/species/id/10066695/common/8248,Carolinian,,2021-08-03T16:04:41Z
52451,Pwunááney,und,"","",http://www.catalogueoflife.org/annual-checklist/details/species/id/10066695/common/8243,Carolinian,,2021-08-03T16:04:48Z
52451,Pwunukaney,und,"","",http://www.catalogueoflife.org/annual-checklist/details/species/id/10066695/common/8242,Carolinian,,2021-08-03T16:04:55Z
196836,Samonetin-acho',und,"","",http://www.catalogueoflife.org/annual-checklist/details/species/id/10077033/common/64996,Carolinian,,2021-08-10T01:46:19Z
196836,Satmonetin-acho',und,"","",http://www.catalogueoflife.org/annual-checklist/details/species/id/10077033/common/64997,Carolinian,,2021-08-10T01:46:32Z
122514,Semaribong,und,"","",http://www.catalogueoflife.org/annual-checklist/details/species/id/10077027/common/65245,Carolinian,Donald Davesne,2021-08-10T01:46:51Z
196836,Semaribong,und,"","",http://www.catalogueoflife.org/annual-checklist/details/species/id/10077033/common/64998,Carolinian,,2021-08-10T01:46:51Z
196836,Chúkúún,und,"","",http://www.catalogueoflife.org/annual-checklist/details/species/id/10077033/common/64985,Carolinian,,2021-08-10T01:47:09Z
196836,Semáyúrúpwong,und,"","",http://www.catalogueoflife.org/annual-checklist/details/species/id/10077033/common/64999,Carolinian,,2021-08-10T01:47:22Z
52323,Lisheolifaliyap,und,"","",http://www.catalogueoflife.org/annual-checklist/details/species/id/10076294/common/142031,Carolinian,,2021-08-12T15:57:26Z
52323,Niréénéfáániyap,und,"","",http://www.catalogueoflife.org/annual-checklist/details/species/id/10076294/common/142021,Carolinian,,2021-08-12T15:57:45Z
52323,Yáreperang,und,"","",http://www.catalogueoflife.org/annual-checklist/details/species/id/10076294/common/142006,Carolinian,,2021-08-12T15:57:53Z
615243,Fela,und,"","",,Carolinian,Zane Roskoph,2021-08-23T12:09:32Z
153280,Mamulan,und,"","",http://www.catalogueoflife.org/annual-checklist/details/species/id/10069945/common/133271,Carolinian,,2021-08-29T13:59:11Z
153280,Yetam-gaigumaw,und,"","",http://www.catalogueoflife.org/annual-checklist/details/species/id/10069945/common/133221,Carolinian,,2021-08-29T13:59:27Z
153280,Yoruniwor,und,"","",http://www.catalogueoflife.org/annual-checklist/details/species/id/10069945/common/133220,Carolinian,,2021-08-29T13:59:35Z
181027,Lisheog,und,"","",http://www.catalogueoflife.org/annual-checklist/details/species/id/10070501/common/11938,Carolinian,,2021-08-29T17:04:45Z
325535,Lisheog,und,"","",http://www.catalogueoflife.org/annual-checklist/details/species/id/10070467/common/12209,Carolinian,,2021-08-29T17:04:47Z
49922,Lisheog,und,"","",http://www.catalogueoflife.org/annual-checklist/details/species/id/10070554/common/11534,Carolinian,,2021-08-29T17:04:48Z
204597,Lisheog,und,"","",http://www.catalogueoflife.org/annual-checklist/details/species/id/10070443/common/156480,Carolinian,,2021-08-29T17:04:48Z
424314,Lisheog,und,"","",http://www.catalogueoflife.org/annual-checklist/details/species/id/10070504/common/11881,Carolinian,Donald Davesne,2021-08-29T17:04:49Z
181026,Lisheog,und,"","",http://www.catalogueoflife.org/annual-checklist/details/species/id/10070477/common/12162,Carolinian,,2021-08-29T17:04:49Z
484792,Lisheog,und,"","",http://www.catalogueoflife.org/annual-checklist/details/species/id/10070561/common/11474,Carolinian,,2021-08-29T17:04:50Z
49303,Lisheog,und,"","",http://www.catalogueoflife.org/annual-checklist/details/species/id/10070392/common/199757,Carolinian,,2021-08-29T17:04:50Z
619688,Lisheog,und,"","",http://www.catalogueoflife.org/annual-checklist/details/species/id/10070517/common/11804,Carolinian,,2021-08-29T17:04:51Z
447759,Lisheog,und,"","",http://www.catalogueoflife.org/annual-checklist/details/species/id/10070486/common/12092,Carolinian,,2021-08-29T17:04:51Z
57337,Lisheog,und,"","",http://www.catalogueoflife.org/annual-checklist/details/species/id/10070448/common/156388,Carolinian,,2021-08-29T17:04:52Z
318321,Lisheog,und,"","",http://www.catalogueoflife.org/annual-checklist/details/species/id/10070396/common/227307,Carolinian,,2021-08-29T17:04:52Z
135270,Lisheog,und,"","",http://www.catalogueoflife.org/annual-checklist/details/species/id/10070521/common/11755,Carolinian,,2021-08-29T17:04:52Z
181028,Lisheog,und,"","",http://www.catalogueoflife.org/annual-checklist/details/species/id/10070498/common/11985,Carolinian,,2021-08-29T17:04:53Z
57334,Lisheog,und,"","",http://www.catalogueoflife.org/annual-checklist/details/species/id/10070449/common/156371,Carolinian,,2021-08-29T17:04:53Z
345864,Lisheog,und,"","",http://www.catalogueoflife.org/annual-checklist/details/species/id/10070400/common/229174,Carolinian,,2021-08-29T17:04:53Z
447830,Lisheog,und,"","",http://www.catalogueoflife.org/annual-checklist/details/species/id/10070534/common/11709,Carolinian,,2021-08-29T17:04:54Z
332372,Lisheog,und,"","",http://www.catalogueoflife.org/annual-checklist/details/species/id/10070500/common/11961,Carolinian,,2021-08-29T17:04:54Z
359124,Lisheog,und,"","",http://www.catalogueoflife.org/annual-checklist/details/species/id/10070465/common/12229,Carolinian,,2021-08-29T17:04:54Z
132370,Lisheog,und,"","",http://www.catalogueoflife.org/annual-checklist/details/species/id/10070411/common/223867,Carolinian,,2021-08-29T17:04:55Z
106222,Aguas,und,"Guam | Guam, GU",GU,,Carolinian,Zane Roskoph,2021-09-01T17:12:54Z
106222,Aitam,und,"","",,Carolinian,Zane Roskoph,2021-09-01T17:13:24Z
106222,Laiguan-asut,und,"","",,Carolinian,Zane Roskoph,2021-09-01T17:13:51Z
196838,Failigiy,und,"","",http://www.catalogueoflife.org/annual-checklist/2012/details/species/id/9741333,Carolinian,Victor HOYEAU,2021-09-12T22:01:47Z
359362,Failigiy,und,"","",http://www.catalogueoflife.org/annual-checklist/2012/details/species/id/9741333,Carolinian,Victor HOYEAU,2021-09-12T22:01:47Z
196723,Loou,und,"","",http://www.catalogueoflife.org/annual-checklist/2012/details/species/id/9741333,Carolinian,,2021-09-13T01:45:49Z
119419,Loou,und,"","",http://www.catalogueoflife.org/annual-checklist/2012/details/species/id/9741333,Carolinian,,2021-09-13T01:45:50Z
84181,Ngiungiu,und,"","",http://www.catalogueoflife.org/annual-checklist/2012/details/species/id/9741333,Carolinian,,2021-09-13T12:31:56Z
84181,Ningúúngú,und,"","",http://www.catalogueoflife.org/annual-checklist/2012/details/species/id/9741333,Carolinian,,2021-09-13T12:32:06Z
83879,Felamwe,und,"","",http://www.catalogueoflife.org/annual-checklist/2012/details/species/id/9741333,Carolinian,,2021-09-15T23:14:23Z
83879,Gim,und,"","",http://www.catalogueoflife.org/annual-checklist/2012/details/species/id/9741333,Carolinian,,2021-09-15T23:17:19Z
83879,Tataga,und,"","",,Carolinian,Zane Roskoph,2021-09-15T23:17:46Z
83879,Fenamwe,und,"","",http://www.catalogueoflife.org/annual-checklist/2012/details/species/id/9741333,Carolinian,,2021-09-15T23:18:00Z
83879,Nimóngósines,und,"","",http://www.catalogueoflife.org/annual-checklist/2012/details/species/id/9741333,Carolinian,,2021-09-15T23:18:12Z
132366,Igaingun,und,"","",http://www.catalogueoflife.org/annual-checklist/2012/details/species/id/9741333,Carolinian,,2021-09-17T19:09:34Z
132366,Hugupau dankulo,und,"","",http://www.catalogueoflife.org/annual-checklist/2012/details/species/id/9741333,Carolinian,,2021-09-17T19:10:07Z
114122,Taguw peras,und,"","",http://www.catalogueoflife.org/annual-checklist/2012/details/species/id/9741333,Carolinian,Donald Davesne,2021-09-18T20:04:48Z
69675,Taguw peras,und,"","",http://www.catalogueoflife.org/annual-checklist/2012/details/species/id/9741333,Carolinian,,2021-09-18T20:04:49Z
114125,Taguw peras,und,"","",http://www.catalogueoflife.org/annual-checklist/2012/details/species/id/9741333,Carolinian,,2021-09-18T20:04:49Z
114122,Taguw tangir,und,"","",http://www.catalogueoflife.org/annual-checklist/2012/details/species/id/9741333,Carolinian,Donald Davesne,2021-09-18T20:05:03Z
69675,Taguw tangir,und,"","",http://www.catalogueoflife.org/annual-checklist/2012/details/species/id/9741333,Carolinian,,2021-09-18T20:05:04Z
114125,Taguw tangir,und,"","",http://www.catalogueoflife.org/annual-checklist/2012/details/species/id/9741333,Carolinian,,2021-09-18T20:05:04Z
114122,Tárákapw,und,"","",http://www.catalogueoflife.org/annual-checklist/2012/details/species/id/9741333,Carolinian,Donald Davesne,2021-09-18T20:05:13Z
114122,Taguw,und,"","",,Carolinian,Zane Roskoph,2021-09-18T20:05:27Z
47257,Ngal-ngalibeo,und,"","",http://www.catalogueoflife.org/annual-checklist/2012/details/species/id/9741333,Carolinian,,2021-09-19T23:16:03Z
47257,Ngenl,und,"","",http://www.catalogueoflife.org/annual-checklist/2012/details/species/id/9741333,Carolinian,,2021-09-19T23:16:12Z
47257,Ngal,und,"","",,Carolinian,Zane Roskoph,2021-09-19T23:16:21Z
47257,Sawaran,und,"","",http://www.catalogueoflife.org/annual-checklist/2012/details/species/id/9741333,Carolinian,,2021-09-19T23:16:32Z
47257,Ngáán,und,"","",http://www.catalogueoflife.org/annual-checklist/2012/details/species/id/9741333,Carolinian,,2021-09-19T23:16:39Z
112161,Mogoweim,und,"","",http://www.catalogueoflife.org/annual-checklist/2012/details/species/id/9741333,Carolinian,,2021-09-25T14:27:19Z
97638,Mogoweim,und,"","",http://www.catalogueoflife.org/annual-checklist/2012/details/species/id/9741333,Carolinian,,2021-09-25T14:27:19Z
68028,Mogoweim,und,"","",http://www.catalogueoflife.org/annual-checklist/2012/details/species/id/9741333,Carolinian,,2021-09-25T14:27:19Z
112160,Mogoweim,und,"","",http://www.catalogueoflife.org/annual-checklist/2012/details/species/id/9741333,Carolinian,,2021-09-25T14:27:20Z
68025,Gaab,und,"","",,Carolinian,Zane Roskoph,2021-09-25T14:48:55Z
83318,Lesh,und,"","",http://www.catalogueoflife.org/annual-checklist/2012/details/species/id/9741333,Carolinian,,2021-09-29T00:36:02Z
96748,Lesh,und,"","",http://www.catalogueoflife.org/annual-checklist/2012/details/species/id/9741333,Carolinian,,2021-09-29T00:36:03Z
121758,Lesh,und,"","",http://www.catalogueoflife.org/annual-checklist/2012/details/species/id/9741333,Carolinian,,2021-09-29T00:36:03Z
119385,Lesh,und,"","",http://www.catalogueoflife.org/annual-checklist/2012/details/species/id/9741333,Carolinian,,2021-09-29T00:36:04Z
335075,Lesh,und,"","",http://www.catalogueoflife.org/annual-checklist/2012/details/species/id/9741333,Carolinian,,2021-09-29T00:36:04Z
123146,Lesh,und,"","",http://www.catalogueoflife.org/annual-checklist/2012/details/species/id/9741333,Carolinian,,2021-09-29T00:36:04Z
445674,Lesh,und,"","",http://www.catalogueoflife.org/annual-checklist/2012/details/species/id/9741333,Carolinian,,2021-09-29T00:36:05Z
144017,Lesh,und,"","",http://www.catalogueoflife.org/annual-checklist/2012/details/species/id/9741333,Carolinian,,2021-09-29T00:36:05Z
445727,Lesh,und,"","",http://www.catalogueoflife.org/annual-checklist/2012/details/species/id/9741333,Carolinian,,2021-09-29T00:36:05Z
196936,Lesh,und,"","",http://www.catalogueoflife.org/annual-checklist/2012/details/species/id/9741333,Carolinian,,2021-09-29T00:36:06Z
196935,Lesh,und,"","",http://www.catalogueoflife.org/annual-checklist/2012/details/species/id/9741333,Carolinian,,2021-09-29T00:36:07Z
193920,Lesh,und,"","",http://www.catalogueoflife.org/annual-checklist/2012/details/species/id/9741333,Carolinian,,2021-09-29T00:36:07Z
196943,Lesh,und,"","",http://www.catalogueoflife.org/annual-checklist/2012/details/species/id/9741333,Carolinian,,2021-09-29T00:36:07Z
124906,Lesh,und,"","",http://www.catalogueoflife.org/annual-checklist/2012/details/species/id/9741333,Carolinian,,2021-09-29T00:36:08Z
129549,Lesh,und,"","",http://www.catalogueoflife.org/annual-checklist/2012/details/species/id/9741333,Carolinian,,2021-09-29T00:36:08Z
122031,Lesh,und,"","",http://www.catalogueoflife.org/annual-checklist/2012/details/species/id/9741333,Carolinian,,2021-09-29T00:36:09Z
153279,Gashengal,und,"","",http://www.catalogueoflife.org/annual-checklist/2012/details/species/id/9741333,Carolinian,,2021-09-30T00:26:54Z
153279,Yárengan,und,"","",http://www.catalogueoflife.org/annual-checklist/2012/details/species/id/9741333,Carolinian,,2021-09-30T00:27:02Z
67658,Galiyechimweliyal,und,"","",http://www.catalogueoflife.org/annual-checklist/2012/details/species/id/9741333,Carolinian,,2021-10-10T18:48:50Z
360094,Galiyechimweliyal,und,"","",http://www.catalogueoflife.org/annual-checklist/2012/details/species/id/9741333,Carolinian,,2021-10-10T18:48:51Z
566031,Galiyechimweliyal,und,"","",http://www.catalogueoflife.org/annual-checklist/2012/details/species/id/9741333,Carolinian,lwnrngr,2021-10-10T18:48:52Z
47578,Galiyechimweliyal,und,"","",http://www.catalogueoflife.org/annual-checklist/2012/details/species/id/9741333,Carolinian,,2021-10-10T18:48:52Z
47578,Ali-mulial,und,"","",http://www.catalogueoflife.org/annual-checklist/2012/details/species/id/9741333,Carolinian,,2021-10-10T18:49:23Z
52464,Bbupel,und,"","",http://www.catalogueoflife.org/annual-checklist/2012/details/species/id/9741333,Carolinian,,2021-10-17T14:18:21Z
49498,Paal,und,"","",http://www.catalogueoflife.org/annual-checklist/2012/details/species/id/9741333,Carolinian,,2021-10-17T14:25:57Z
49498,Lioma,und,"","",http://www.catalogueoflife.org/annual-checklist/2012/details/species/id/9741333,Carolinian,,2021-10-17T14:26:09Z
196902,Lioma,und,"","",http://www.catalogueoflife.org/annual-checklist/2012/details/species/id/9741333,Carolinian,,2021-10-17T14:26:09Z
49498,Paratet,und,"","",http://www.catalogueoflife.org/annual-checklist/2012/details/species/id/9741333,Carolinian,,2021-10-17T14:26:16Z
49498,Pariyen,und,"","",http://www.catalogueoflife.org/annual-checklist/2012/details/species/id/9741333,Carolinian,,2021-10-17T14:26:22Z
47251,Sarau,und,"","",http://www.catalogueoflife.org/annual-checklist/2012/details/species/id/9741333,Carolinian,,2021-10-17T19:58:47Z
135712,sarau,und,"","",http://www.catalogueoflife.org/annual-checklist/2012/details/species/id/9741333,Carolinian,,2021-10-17T19:58:48Z
47251,Seraw,und,"","",http://www.catalogueoflife.org/annual-checklist/2012/details/species/id/9741333,Carolinian,,2021-10-17T19:59:02Z
47251,Alu,und,"","",,Carolinian,Zane Roskoph,2021-10-17T20:00:10Z
180396,Lipe-le-ngi,und,"","",http://www.catalogueoflife.org/annual-checklist/2012/details/species/id/9741333,Carolinian,,2021-11-07T18:17:26Z
188399,Igesheosheo,und,"","",http://www.catalogueoflife.org/annual-checklist/2012/details/species/id/9741333,Carolinian,Victor HOYEAU,2021-11-07T18:17:48Z
180397,Igesheosheo,und,"","",http://www.catalogueoflife.org/annual-checklist/2012/details/species/id/9741333,Carolinian,Victor HOYEAU,2021-11-07T18:17:49Z
180396,Igesheosheo,und,"","",http://www.catalogueoflife.org/annual-checklist/2012/details/species/id/9741333,Carolinian,,2021-11-07T18:17:49Z
180402,Igesheosheo,und,"","",http://www.catalogueoflife.org/annual-checklist/2012/details/species/id/9741333,Carolinian,,2021-11-07T18:17:49Z
135218,Igesheosheo,und,"","",http://www.catalogueoflife.org/annual-checklist/2012/details/species/id/9741333,Carolinian,Victor HOYEAU,2021-11-07T18:17:50Z
471653,Igesheosheo,und,"","",http://www.catalogueoflife.org/annual-checklist/2012/details/species/id/9741333,Carolinian,Victor HOYEAU,2021-11-07T18:17:50Z
180402,Geramey-geramey,und,"","",http://www.catalogueoflife.org/annual-checklist/2012/details/species/id/9741333,Carolinian,,2021-11-07T18:18:07Z
135218,Geramey-geramey,und,"","",http://www.catalogueoflife.org/annual-checklist/2012/details/species/id/9741333,Carolinian,Victor HOYEAU,2021-11-07T18:18:07Z
180399,Geramey-geramey,und,"","",http://www.catalogueoflife.org/annual-checklist/2012/details/species/id/9741333,Carolinian,,2021-11-07T18:18:08Z
471653,Geramey-geramey,und,"","",http://www.catalogueoflife.org/annual-checklist/2012/details/species/id/9741333,Carolinian,Victor HOYEAU,2021-11-07T18:18:08Z
180397,Geramey-geramey,und,"","",http://www.catalogueoflife.org/annual-checklist/2012/details/species/id/9741333,Carolinian,Victor HOYEAU,2021-11-07T18:18:08Z
188399,Geramey-geramey,und,"","",http://www.catalogueoflife.org/annual-checklist/2012/details/species/id/9741333,Carolinian,Victor HOYEAU,2021-11-07T18:18:09Z
180396,Geramey-geramey,und,"","",http://www.catalogueoflife.org/annual-checklist/2012/details/species/id/9741333,Carolinian,,2021-11-07T18:18:09Z
49927,Taius-wushuga,und,"","",http://www.catalogueoflife.org/annual-checklist/2012/details/species/id/9741333,Carolinian,,2021-11-07T23:28:22Z
49269,Taius-wushuga,und,"","",http://www.catalogueoflife.org/annual-checklist/2012/details/species/id/9741333,Carolinian,Małgorzata Śliż,2021-11-07T23:28:22Z
52313,Taius-wushuga,und,"","",http://www.catalogueoflife.org/annual-checklist/2012/details/species/id/9741333,Carolinian,Victor HOYEAU,2021-11-07T23:28:23Z
123268,Taius-wushuga,und,"","",http://www.catalogueoflife.org/annual-checklist/2012/details/species/id/9741333,Carolinian,,2021-11-07T23:28:23Z
81498,Worupwurupw,und,"","",http://www.catalogueoflife.org/annual-checklist/2012/details/species/id/9741333,Carolinian,,2021-12-04T06:44:11Z
102075,Kutiw,und,"","",http://www.catalogueoflife.org/annual-checklist/2012/details/species/id/9741333,Carolinian,,2021-12-04T14:07:01Z
471636,Galengaay,und,"","",http://www.catalogueoflife.org/annual-checklist/2012/details/species/id/9741333,Carolinian,Donald Davesne,2021-12-04T15:00:25Z
201023,Galengaay,und,"","",http://www.catalogueoflife.org/annual-checklist/2012/details/species/id/9741333,Carolinian,Donald Davesne,2021-12-04T15:00:26Z
122514,Souwenal,und,"","",http://www.catalogueoflife.org/annual-checklist/2012/details/species/id/9741333,Carolinian,Donald Davesne,2021-12-06T00:03:16Z
122514,Satmonetin tatdong,und,"","",http://www.catalogueoflife.org/annual-checklist/2012/details/species/id/9741333,Carolinian,Donald Davesne,2021-12-06T00:03:31Z
122514,Sauwarang,und,"","",http://www.catalogueoflife.org/annual-checklist/2012/details/species/id/9741333,Carolinian,Donald Davesne,2021-12-06T00:04:19Z
122514,Sowunnónn,und,"","",http://www.catalogueoflife.org/annual-checklist/2012/details/species/id/9741333,Carolinian,Donald Davesne,2021-12-06T00:04:34Z
1316755,Lisheog,und,"","",http://www.catalogueoflife.org/annual-checklist/details/species/id/10070312/common/119821,Carolinian,,2021-12-07T22:28:31Z
1325088,Lisheog,und,"","",http://www.catalogueoflife.org/annual-checklist/details/species/id/10070447/common/156418,Carolinian,,2021-12-07T22:47:42Z
1325094,Lisheog,und,"","",http://www.catalogueoflife.org/annual-checklist/details/species/id/10070543/common/11627,Carolinian,Mark Rosenstein,2021-12-07T23:01:25Z
1316560,Nimmis,und,"","",http://www.catalogueoflife.org/annual-checklist/details/species/id/10070381/common/53470,Carolinian,,2021-12-08T23:26:55Z
121661,Sópw,und,"","",http://www.catalogueoflife.org/annual-checklist/2012/details/species/id/9741333,Carolinian,,2021-12-28T15:15:51Z
121661,Ssab,und,"","",http://www.catalogueoflife.org/annual-checklist/2012/details/species/id/9741333,Carolinian,,2021-12-28T15:16:26Z
49313,Ssab,und,"","",http://www.catalogueoflife.org/annual-checklist/2012/details/species/id/9741333,Carolinian,,2021-12-28T15:16:26Z
199600,Ssab,und,"","",http://www.catalogueoflife.org/annual-checklist/2012/details/species/id/9741333,Carolinian,,2021-12-28T15:16:27Z
49378,Ssab,und,"","",http://www.catalogueoflife.org/annual-checklist/2012/details/species/id/9741333,Carolinian,,2021-12-28T15:16:27Z
47527,Ssab,und,"","",http://www.catalogueoflife.org/annual-checklist/2012/details/species/id/9741333,Carolinian,,2021-12-28T15:16:27Z
115035,Buubul nipom,und,"","",http://www.catalogueoflife.org/annual-checklist/2012/details/species/id/9741333,Carolinian,,2021-12-28T16:13:02Z
244366,Buubul nipom,und,"","",http://www.catalogueoflife.org/annual-checklist/2012/details/species/id/9741333,Carolinian,,2021-12-28T16:13:04Z
194918,Buubul nipom,und,"","",http://www.catalogueoflife.org/annual-checklist/2012/details/species/id/9741333,Carolinian,,2021-12-28T16:13:04Z
131517,Buubul nipom,und,"","",http://www.catalogueoflife.org/annual-checklist/2012/details/species/id/9741333,Carolinian,,2021-12-28T16:13:04Z
95815,Ngiship,und,"","",http://www.catalogueoflife.org/annual-checklist/2012/details/species/id/9741333,Carolinian,,2022-01-07T02:12:23Z
