id,vernacularName,language,locality,countryCode,source,lexicon,contributor,created
178810,Tornos,und,"","",http://www.ubio.org/browser/details.php?namebankID=1538475,Cebuano,,2012-10-24T23:26:15Z
13851,Pirok-Pirok,und,"","",,Cebuano,Blogie Robillo,2015-08-15T10:31:06Z
47208,Bakukang,und,"","",,Cebuano,John E. Christensen,2017-11-30T21:53:56Z
47549,Mananap nga adunay panit ang tunokon,und,"","",,Cebuano,John E. Christensen,2017-12-02T21:29:55Z
47170,Uhong,und,"","",,Cebuano,John E. Christensen,2018-01-20T08:39:24Z
85553,Bitin,und,"","",,Cebuano,John E. Christensen,2018-06-24T13:40:30Z
121943,Pako,und,"","",,Cebuano,John E. Christensen,2018-08-12T07:11:21Z
64444,Durio zibethinus,und,"","",,Cebuano,John E. Christensen,2018-09-22T10:04:54Z
41871,Milo,und,"","",,Cebuano,John E. Christensen,2018-10-28T12:50:26Z
114891,Varanus,und,"","",,Cebuano,John E. Christensen,2019-01-03T07:19:21Z
40151,Mamipero,und,"","",,Cebuano,John E. Christensen,2019-02-07T18:20:11Z
18874,Langgam nga adunay periko,und,"","",,Cebuano,John E. Christensen,2019-03-04T13:05:18Z
118552,Iring,und,"","",,Cebuano,John E. Christensen,2019-04-14T11:45:56Z
43367,Ungoy,und,"","",,Cebuano,John E. Christensen,2019-05-11T11:16:17Z
427965,Marang,und,"","",,Cebuano,Greg III Espera,2020-01-31T09:48:23Z
62876,Gumamela,und,"","",,Cebuano,Greg III Espera,2020-02-02T11:32:11Z
131236,mga virus,und,"","",,Cebuano,James K. Douch,2020-02-23T01:53:32Z
199400,Hagonoy,und,"","",,Cebuano,Greg III Espera,2020-03-04T22:27:55Z
47114,Hilahila,und,"","",,Cebuano,John E. Christensen,2020-04-24T14:43:11Z
326015,dunggandunggan,und,"","",,Cebuano,anneliese merrigan,2020-07-20T04:45:04Z
131560,Tawa Tawa,und,"","",,Cebuano,Godfrey Sigamata,2020-11-01T12:38:19Z
329781,Lagong,und,"","",,Cebuano,Godfrey Sigamata,2020-11-01T23:26:49Z
125443,Tapay Tapay,und,"","",,Cebuano,Godfrey Sigamata,2020-11-02T06:52:44Z
20979,Baki,und,"","",,Cebuano,John E. Christensen,2020-12-07T11:28:15Z
85552,Bayawak,und,"","",,Cebuano,John E. Christensen,2021-01-06T22:28:06Z
102025,Buntogon,und,"","",http://www.catalogueoflife.org/annual-checklist/details/species/id/10076325/common/59594,Cebuano,,2021-07-13T12:42:39Z
97307,Buntogon,und,"","",http://www.catalogueoflife.org/annual-checklist/details/species/id/10076195/common/126080,Cebuano,,2021-07-13T12:42:39Z
108080,Buntogon,und,"","",http://www.catalogueoflife.org/annual-checklist/details/species/id/10076479/common/125429,Cebuano,,2021-07-13T12:42:39Z
81498,Buntogon,und,"","",http://www.catalogueoflife.org/annual-checklist/details/species/id/10076455/common/192639,Cebuano,,2021-07-13T12:42:39Z
102037,Buntogon,und,"","",http://www.catalogueoflife.org/annual-checklist/details/species/id/10076338/common/59476,Cebuano,,2021-07-13T12:42:40Z
97308,Buntogon,und,"","",http://www.catalogueoflife.org/annual-checklist/details/species/id/10076196/common/125966,Cebuano,,2021-07-13T12:42:40Z
108528,Buntogon,und,"","",http://www.catalogueoflife.org/annual-checklist/details/species/id/10076498/common/125360,Cebuano,,2021-07-13T12:42:40Z
105065,Buntogon,und,"","",http://www.catalogueoflife.org/annual-checklist/details/species/id/10076457/common/192594,Cebuano,,2021-07-13T12:42:41Z
102045,Buntogon,und,"","",http://www.catalogueoflife.org/annual-checklist/details/species/id/10076351/common/59297,Cebuano,,2021-07-13T12:42:41Z
97310,Buntogon,und,"","",http://www.catalogueoflife.org/annual-checklist/details/species/id/10076201/common/125867,Cebuano,,2021-07-13T12:42:42Z
108073,Buntogon,und,"","",http://www.catalogueoflife.org/annual-checklist/details/species/id/10076472/common/125598,Cebuano,,2021-07-13T12:42:42Z
102059,Buntogon,und,"","",http://www.catalogueoflife.org/annual-checklist/details/species/id/10076365/common/59020,Cebuano,Donald Davesne,2021-07-13T12:42:43Z
97311,Buntogon,und,"","",http://www.catalogueoflife.org/annual-checklist/details/species/id/10076202/common/125819,Cebuano,,2021-07-13T12:42:43Z
108075,Buntogon,und,"","",http://www.catalogueoflife.org/annual-checklist/details/species/id/10076474/common/125540,Cebuano,,2021-07-13T12:42:43Z
102073,Buntogon,und,"","",http://www.catalogueoflife.org/annual-checklist/details/species/id/10076381/common/58853,Cebuano,,2021-07-13T12:42:43Z
82355,Buntogon,und,"","",http://www.catalogueoflife.org/annual-checklist/details/species/id/10076203/common/125682,Cebuano,,2021-07-13T12:42:44Z
108076,Buntogon,und,"","",http://www.catalogueoflife.org/annual-checklist/details/species/id/10076475/common/125463,Cebuano,,2021-07-13T12:42:44Z
102075,Buntogon,und,"","",http://www.catalogueoflife.org/annual-checklist/details/species/id/10076383/common/58816,Cebuano,,2021-07-13T12:42:45Z
113207,Buntugon,und,"","",http://www.catalogueoflife.org/annual-checklist/details/species/id/10076560/common/152020,Cebuano,,2021-07-13T13:01:03Z
102056,Buntugon,und,"","",http://www.catalogueoflife.org/annual-checklist/details/species/id/10076362/common/59100,Cebuano,,2021-07-13T13:01:03Z
67963,Buntugon,und,"","",http://www.catalogueoflife.org/annual-checklist/details/species/id/10076593/common/94340,Cebuano,,2021-07-13T13:01:04Z
102062,Buntugon,und,"","",http://www.catalogueoflife.org/annual-checklist/details/species/id/10076368/common/58982,Cebuano,,2021-07-13T13:01:04Z
97667,Buntugon,und,"","",http://www.catalogueoflife.org/annual-checklist/details/species/id/10076223/common/165313,Cebuano,,2021-07-13T13:01:04Z
113978,Buntugon,und,"","",http://www.catalogueoflife.org/annual-checklist/details/species/id/10076596/common/94256,Cebuano,,2021-07-13T13:01:05Z
102077,Buntugon,und,"","",http://www.catalogueoflife.org/annual-checklist/details/species/id/10076387/common/58730,Cebuano,,2021-07-13T13:01:05Z
52323,Buntugon,und,"","",http://www.catalogueoflife.org/annual-checklist/details/species/id/10076294/common/142067,Cebuano,,2021-07-13T13:01:05Z
113981,Buntugon,und,"","",http://www.catalogueoflife.org/annual-checklist/details/species/id/10076600/common/94107,Cebuano,,2021-07-13T13:01:06Z
102080,Buntugon,und,"","",http://www.catalogueoflife.org/annual-checklist/details/species/id/10076392/common/58703,Cebuano,lwnrngr,2021-07-13T13:01:06Z
102044,Buntugon,und,"","",http://www.catalogueoflife.org/annual-checklist/details/species/id/10076349/common/59344,Cebuano,,2021-07-13T13:01:06Z
58467,Buntugon,und,"","",http://www.catalogueoflife.org/annual-checklist/details/species/id/10076606/common/93915,Cebuano,,2021-07-13T13:01:07Z
102088,Buntugon,und,"","",http://www.catalogueoflife.org/annual-checklist/details/species/id/10076400/common/58584,Cebuano,,2021-07-13T13:01:07Z
102055,Buntugon,und,"","",http://www.catalogueoflife.org/annual-checklist/details/species/id/10076361/common/59160,Cebuano,,2021-07-13T13:01:07Z
100124,Pugapo,und,"","",http://www.catalogueoflife.org/annual-checklist/details/species/id/10073089/common/44050,Cebuano,,2021-07-15T12:08:57Z
100127,Pugapo,und,"","",http://www.catalogueoflife.org/annual-checklist/details/species/id/10073147/common/41562,Cebuano,,2021-07-15T12:08:58Z
100111,Pugapo,und,"","",http://www.catalogueoflife.org/annual-checklist/details/species/id/10073135/common/42152,Cebuano,Victor HOYEAU,2021-07-15T12:08:58Z
97007,Pugapo,und,"","",http://www.catalogueoflife.org/annual-checklist/details/species/id/10073057/common/60294,Cebuano,,2021-07-15T12:09:01Z
100140,Pugapo,und,"","",http://www.catalogueoflife.org/annual-checklist/details/species/id/10073161/common/41066,Cebuano,,2021-07-15T12:09:02Z
109745,Pugapo,und,"","",http://www.catalogueoflife.org/annual-checklist/details/species/id/10073364/common/200847,Cebuano,,2021-07-15T12:09:02Z
100090,Pugapo,und,"","",http://www.catalogueoflife.org/annual-checklist/details/species/id/10073112/common/43111,Cebuano,,2021-07-15T12:09:02Z
96996,Pugapo,und,"","",http://www.catalogueoflife.org/annual-checklist/details/species/id/10073045/common/60893,Cebuano,,2021-07-15T12:09:03Z
100077,Pugapo,und,"","",http://www.catalogueoflife.org/annual-checklist/details/species/id/10073098/common/43752,Cebuano,,2021-07-15T12:09:03Z
94231,Pugapo,und,"","",http://www.catalogueoflife.org/annual-checklist/details/species/id/10073015/common/229532,Cebuano,,2021-07-15T12:09:03Z
100128,Pugapo,und,"","",http://www.catalogueoflife.org/annual-checklist/details/species/id/10073148/common/41525,Cebuano,,2021-07-15T12:09:03Z
100116,Pugapo,und,"","",http://www.catalogueoflife.org/annual-checklist/details/species/id/10073140/common/41954,Cebuano,,2021-07-15T12:09:04Z
100141,Pugapo,und,"","",http://www.catalogueoflife.org/annual-checklist/details/species/id/10073162/common/40972,Cebuano,,2021-07-15T12:09:04Z
114929,Pugapo,und,"","",http://www.catalogueoflife.org/annual-checklist/details/species/id/10073504/common/202603,Cebuano,,2021-07-15T12:09:05Z
100098,Pugapo,und,"","",http://www.catalogueoflife.org/annual-checklist/details/species/id/10073120/common/42909,Cebuano,,2021-07-15T12:09:05Z
96997,Pugapo,und,"","",http://www.catalogueoflife.org/annual-checklist/details/species/id/10073046/common/60835,Cebuano,,2021-07-15T12:09:05Z
100146,Pugapo,und,"","",http://www.catalogueoflife.org/annual-checklist/details/species/id/10073169/common/40741,Cebuano,,2021-07-15T12:09:06Z
100080,Pugapo,und,"","",http://www.catalogueoflife.org/annual-checklist/details/species/id/10073101/common/43627,Cebuano,,2021-07-15T12:09:06Z
96989,Pugapo,und,"","",http://www.catalogueoflife.org/annual-checklist/details/species/id/10073037/common/61336,Cebuano,,2021-07-15T12:09:06Z
100130,Pugapo,und,"","",http://www.catalogueoflife.org/annual-checklist/details/species/id/10073150/common/41430,Cebuano,,2021-07-15T12:09:06Z
100118,Pugapo,und,"","",http://www.catalogueoflife.org/annual-checklist/details/species/id/10073142/common/41828,Cebuano,Victor HOYEAU,2021-07-15T12:09:07Z
142212,Pugapo,und,"","",http://www.catalogueoflife.org/annual-checklist/details/species/id/10073082/common/201741,Cebuano,,2021-07-15T12:09:07Z
100143,Pugapo,und,"","",http://www.catalogueoflife.org/annual-checklist/details/species/id/10073164/common/40893,Cebuano,,2021-07-15T12:09:07Z
114930,Pugapo,und,"","",http://www.catalogueoflife.org/annual-checklist/details/species/id/10073505/common/202488,Cebuano,Donald Davesne,2021-07-15T12:09:08Z
100099,Pugapo,und,"","",http://www.catalogueoflife.org/annual-checklist/details/species/id/10073121/common/42752,Cebuano,,2021-07-15T12:09:08Z
49639,Pugapo,und,"","",http://www.catalogueoflife.org/annual-checklist/details/species/id/10073047/common/60800,Cebuano,,2021-07-15T12:09:09Z
109741,Pugapo,und,"","",http://www.catalogueoflife.org/annual-checklist/details/species/id/10073360/common/201227,Cebuano,,2021-07-15T12:09:09Z
52556,Pugapo,und,"","",http://www.catalogueoflife.org/annual-checklist/details/species/id/10073107/common/43434,Cebuano,,2021-07-15T12:09:09Z
96990,Pugapo,und,"","",http://www.catalogueoflife.org/annual-checklist/details/species/id/10073038/common/61249,Cebuano,,2021-07-15T12:09:09Z
100131,Pugapo,und,"","",http://www.catalogueoflife.org/annual-checklist/details/species/id/10073151/common/41367,Cebuano,,2021-07-15T12:09:10Z
100120,Pugapo,und,"","",http://www.catalogueoflife.org/annual-checklist/details/species/id/10073144/common/41763,Cebuano,,2021-07-15T12:09:10Z
100121,Pugapo,und,"","",http://www.catalogueoflife.org/annual-checklist/details/species/id/10073084/common/44407,Cebuano,Donald Davesne,2021-07-15T12:09:11Z
100145,Pugapo,und,"","",http://www.catalogueoflife.org/annual-checklist/details/species/id/10073168/common/40802,Cebuano,,2021-07-15T12:09:11Z
56559,Pugapo,und,"","",http://www.catalogueoflife.org/annual-checklist/details/species/id/10073124/common/42524,Cebuano,,2021-07-15T12:09:11Z
97003,Pugapo,und,"","",http://www.catalogueoflife.org/annual-checklist/details/species/id/10073053/common/60589,Cebuano,,2021-07-15T12:09:12Z
100132,Pugapo,und,"","",http://www.catalogueoflife.org/annual-checklist/details/species/id/10073152/common/41281,Cebuano,Victor HOYEAU,2021-07-15T12:09:12Z
109743,Pugapo,und,"","",http://www.catalogueoflife.org/annual-checklist/details/species/id/10073362/common/201064,Cebuano,,2021-07-15T12:09:13Z
100088,Pugapo,und,"","",http://www.catalogueoflife.org/annual-checklist/details/species/id/10073110/common/43369,Cebuano,,2021-07-15T12:09:13Z
96992,Pugapo,und,"","",http://www.catalogueoflife.org/annual-checklist/details/species/id/10073040/common/61107,Cebuano,,2021-07-15T12:09:13Z
50114,Pugapo,und,"","",http://www.catalogueoflife.org/annual-checklist/details/species/id/10073087/common/44158,Cebuano,,2021-07-15T12:09:14Z
100125,Pugapo,und,"","",http://www.catalogueoflife.org/annual-checklist/details/species/id/10073145/common/41647,Cebuano,,2021-07-15T12:09:14Z
100106,Pugapo,und,"","",http://www.catalogueoflife.org/annual-checklist/details/species/id/10073129/common/42376,Cebuano,,2021-07-15T12:09:14Z
97004,Pugapo,und,"","",http://www.catalogueoflife.org/annual-checklist/details/species/id/10073054/common/60486,Cebuano,,2021-07-15T12:09:15Z
100134,Pugapo,und,"","",http://www.catalogueoflife.org/annual-checklist/details/species/id/10073154/common/41215,Cebuano,,2021-07-15T12:09:16Z
109744,Pugapo,und,"","",http://www.catalogueoflife.org/annual-checklist/details/species/id/10073363/common/200956,Cebuano,,2021-07-15T12:09:16Z
100089,Pugapo,und,"","",http://www.catalogueoflife.org/annual-checklist/details/species/id/10073111/common/43206,Cebuano,,2021-07-15T12:09:16Z
54941,Pugapo,und,"","",http://www.catalogueoflife.org/annual-checklist/details/species/id/10073041/common/61048,Cebuano,,2021-07-15T12:09:17Z
122882,Casili,und,"","",http://www.catalogueoflife.org/annual-checklist/details/species/id/10054353/common/20307,Cebuano,,2021-07-15T12:28:55Z
128424,Casili,und,"","",http://www.catalogueoflife.org/annual-checklist/details/species/id/10054356/common/20246,Cebuano,,2021-07-15T12:28:55Z
372314,Casili,und,"","",http://www.catalogueoflife.org/annual-checklist/details/species/id/10054350/common/20344,Cebuano,,2021-07-15T12:28:56Z
338159,Sagoksok,und,"","",,Cebuano,Zane Roskoph,2021-07-27T16:09:26Z
154282,Pakol,und,"","",,Cebuano,Zane Roskoph,2021-07-27T16:26:21Z
154282,Pugot,und,"","",,Cebuano,Zane Roskoph,2021-07-27T16:26:35Z
132411,Indangan,und,"","",http://www.catalogueoflife.org/annual-checklist/details/species/id/10066645/common/55292,Cebuano,Victor HOYEAU,2021-07-27T16:43:59Z
187737,Indangan,und,"","",http://www.catalogueoflife.org/annual-checklist/details/species/id/10066704/common/7996,Cebuano,Victor HOYEAU,2021-07-27T16:44:00Z
122689,Indangan,und,"","",http://www.catalogueoflife.org/annual-checklist/details/species/id/10066674/common/54186,Cebuano,,2021-07-27T16:44:00Z
52451,Indangan,und,"","",http://www.catalogueoflife.org/annual-checklist/details/species/id/10066695/common/8279,Cebuano,,2021-07-27T16:44:01Z
121193,Indangan,und,"","",http://www.catalogueoflife.org/annual-checklist/details/species/id/10066662/common/54581,Cebuano,,2021-07-27T16:44:01Z
132407,Indangan,und,"","",http://www.catalogueoflife.org/annual-checklist/details/species/id/10066687/common/8688,Cebuano,,2021-07-27T16:44:01Z
186999,Indangan,und,"","",http://www.catalogueoflife.org/annual-checklist/details/species/id/10066655/common/54964,Cebuano,,2021-07-27T16:44:01Z
59931,Indangan,und,"","",http://www.catalogueoflife.org/annual-checklist/details/species/id/10066675/common/54133,Cebuano,,2021-07-27T16:44:02Z
121597,Indangan,und,"","",http://www.catalogueoflife.org/annual-checklist/details/species/id/10066649/common/55154,Cebuano,,2021-07-27T16:44:02Z
121658,Indangan,und,"","",http://www.catalogueoflife.org/annual-checklist/details/species/id/10066705/common/7936,Cebuano,,2021-07-27T16:44:02Z
187730,Indangan,und,"","",http://www.catalogueoflife.org/annual-checklist/details/species/id/10066696/common/8155,Cebuano,,2021-07-27T16:44:03Z
121194,Indangan,und,"","",http://www.catalogueoflife.org/annual-checklist/details/species/id/10066663/common/54505,Cebuano,,2021-07-27T16:44:03Z
153281,Indangan,und,"","",http://www.catalogueoflife.org/annual-checklist/details/species/id/10066688/common/8610,Cebuano,,2021-07-27T16:44:03Z
55376,Indangan,und,"","",http://www.catalogueoflife.org/annual-checklist/details/species/id/10066656/common/54948,Cebuano,,2021-07-27T16:44:04Z
132366,Indangan,und,"","",http://www.catalogueoflife.org/annual-checklist/details/species/id/10066677/common/54018,Cebuano,,2021-07-27T16:44:04Z
145524,Indangan,und,"","",http://www.catalogueoflife.org/annual-checklist/details/species/id/10066650/common/55097,Cebuano,,2021-07-27T16:44:04Z
106624,Indangan,und,"","",http://www.catalogueoflife.org/annual-checklist/details/species/id/10066706/common/7811,Cebuano,,2021-07-27T16:44:05Z
69760,Indangan,und,"","",http://www.catalogueoflife.org/annual-checklist/details/species/id/10066640/common/55406,Cebuano,,2021-07-27T16:44:05Z
187731,Indangan,und,"","",http://www.catalogueoflife.org/annual-checklist/details/species/id/10066697/common/8141,Cebuano,,2021-07-27T16:44:06Z
132410,Indangan,und,"","",http://www.catalogueoflife.org/annual-checklist/details/species/id/10066664/common/54448,Cebuano,,2021-07-27T16:44:06Z
83879,Indangan,und,"","",http://www.catalogueoflife.org/annual-checklist/details/species/id/10066689/common/8532,Cebuano,,2021-07-27T16:44:06Z
135283,Indangan,und,"","",http://www.catalogueoflife.org/annual-checklist/details/species/id/10066658/common/54814,Cebuano,Victor HOYEAU,2021-07-27T16:44:07Z
123528,Indangan,und,"","",http://www.catalogueoflife.org/annual-checklist/details/species/id/10066682/common/143568,Cebuano,,2021-07-27T16:44:08Z
93074,Indangan,und,"","",http://www.catalogueoflife.org/annual-checklist/details/species/id/10066651/common/55078,Cebuano,,2021-07-27T16:44:08Z
52459,Indangan,und,"","",http://www.catalogueoflife.org/annual-checklist/details/species/id/10066716/common/55600,Cebuano,,2021-07-27T16:44:08Z
186995,Indangan,und,"","",http://www.catalogueoflife.org/annual-checklist/details/species/id/10066642/common/55376,Cebuano,,2021-07-27T16:44:09Z
187733,Indangan,und,"","",http://www.catalogueoflife.org/annual-checklist/details/species/id/10066699/common/8109,Cebuano,,2021-07-27T16:44:09Z
121704,Indangan,und,"","",http://www.catalogueoflife.org/annual-checklist/details/species/id/10066667/common/54341,Cebuano,,2021-07-27T16:44:09Z
187729,Indangan,und,"","",http://www.catalogueoflife.org/annual-checklist/details/species/id/10066693/common/8422,Cebuano,,2021-07-27T16:44:10Z
187000,Indangan,und,"","",http://www.catalogueoflife.org/annual-checklist/details/species/id/10066659/common/54892,Cebuano,,2021-07-27T16:44:10Z
180389,Indangan,und,"","",http://www.catalogueoflife.org/annual-checklist/details/species/id/10066683/common/143534,Cebuano,,2021-07-27T16:44:11Z
132367,Indangan,und,"","",http://www.catalogueoflife.org/annual-checklist/details/species/id/10066652/common/55061,Cebuano,,2021-07-27T16:44:11Z
424818,Indangan,und,"","",http://www.catalogueoflife.org/annual-checklist/details/species/id/10066720/common/55484,Cebuano,,2021-07-27T16:44:12Z
186996,Indangan,und,"","",http://www.catalogueoflife.org/annual-checklist/details/species/id/10066644/common/55332,Cebuano,,2021-07-27T16:44:12Z
187735,Indangan,und,"","",http://www.catalogueoflife.org/annual-checklist/details/species/id/10066702/common/8064,Cebuano,Victor HOYEAU,2021-07-27T16:44:12Z
153279,Indangan,und,"","",http://www.catalogueoflife.org/annual-checklist/details/species/id/10066669/common/54257,Cebuano,,2021-07-27T16:44:13Z
121458,Indangan,und,"","",http://www.catalogueoflife.org/annual-checklist/details/species/id/10066694/common/8394,Cebuano,,2021-07-27T16:44:13Z
132409,Indangan,und,"","",http://www.catalogueoflife.org/annual-checklist/details/species/id/10066660/common/54713,Cebuano,,2021-07-27T16:44:14Z
47617,Indangan,und,"","",http://www.catalogueoflife.org/annual-checklist/details/species/id/10066684/common/143473,Cebuano,,2021-07-27T16:44:14Z
123529,Indangan,und,"","",http://www.catalogueoflife.org/annual-checklist/details/species/id/10066653/common/55025,Cebuano,Victor HOYEAU,2021-07-27T16:44:14Z
94018,Lakoy,und,"","",http://www.catalogueoflife.org/annual-checklist/details/species/id/10076139/common/200096,Cebuano,,2021-07-27T16:50:49Z
94025,Lakoy,und,"","",http://www.catalogueoflife.org/annual-checklist/details/species/id/10076146/common/199993,Cebuano,,2021-07-27T16:50:49Z
95831,Lakoy,und,"","",http://www.catalogueoflife.org/annual-checklist/details/species/id/10076173/common/125034,Cebuano,,2021-07-27T16:50:49Z
97312,Lakoy,und,"","",http://www.catalogueoflife.org/annual-checklist/details/species/id/10076204/common/228918,Cebuano,lwnrngr,2021-07-27T16:50:50Z
94016,Lakoy,und,"","",http://www.catalogueoflife.org/annual-checklist/details/species/id/10076137/common/200152,Cebuano,,2021-07-27T16:50:50Z
97167,Alibangbang,und,"","",,Cebuano,Zane Roskoph,2021-07-27T17:39:35Z
132395,Katambak,und,"","",http://www.catalogueoflife.org/annual-checklist/details/species/id/10076028/common/212149,Cebuano,,2021-07-27T18:09:15Z
132380,Katambak,und,"","",http://www.catalogueoflife.org/annual-checklist/details/species/id/10075978/common/137662,Cebuano,,2021-07-27T18:09:15Z
447971,Katambak,und,"","",http://www.catalogueoflife.org/annual-checklist/details/species/id/10075940/common/139766,Cebuano,,2021-07-27T18:09:16Z
117459,Katambak,und,"","",http://www.catalogueoflife.org/annual-checklist/details/species/id/10076052/common/235698,Cebuano,Donald Davesne,2021-07-27T18:09:16Z
118574,Katambak,und,"","",http://www.catalogueoflife.org/annual-checklist/details/species/id/10075923/common/140622,Cebuano,,2021-07-27T18:09:19Z
132393,Katambak,und,"","",http://www.catalogueoflife.org/annual-checklist/details/species/id/10076044/common/211327,Cebuano,Victor HOYEAU,2021-07-27T18:09:20Z
495918,Katambak,und,"","",http://www.catalogueoflife.org/annual-checklist/details/species/id/10076023/common/199071,Cebuano,,2021-07-27T18:09:20Z
142736,Katambak,und,"","",http://www.catalogueoflife.org/annual-checklist/details/species/id/10075973/common/138095,Cebuano,,2021-07-27T18:09:21Z
344866,Katambak,und,"","",http://www.catalogueoflife.org/annual-checklist/details/species/id/10076036/common/211716,Cebuano,,2021-07-27T18:09:21Z
85297,Katambak,und,"","",http://www.catalogueoflife.org/annual-checklist/details/species/id/10076016/common/188374,Cebuano,lwnrngr,2021-07-27T18:09:21Z
616947,Katambak,und,"","",http://www.catalogueoflife.org/annual-checklist/details/species/id/10075954/common/138999,Cebuano,,2021-07-27T18:09:22Z
135220,Katambak,und,"","",http://www.catalogueoflife.org/annual-checklist/details/species/id/10070961/common/4625,Cebuano,,2021-07-27T18:09:22Z
132389,Katambak,und,"","",http://www.catalogueoflife.org/annual-checklist/details/species/id/10076029/common/211963,Cebuano,,2021-07-27T18:09:22Z
208617,Katambak,und,"","",http://www.catalogueoflife.org/annual-checklist/details/species/id/10075982/common/137398,Cebuano,,2021-07-27T18:09:23Z
135223,Katambak,und,"","",http://www.catalogueoflife.org/annual-checklist/details/species/id/10075941/common/139684,Cebuano,,2021-07-27T18:09:23Z
204570,Katambak,und,"","",http://www.catalogueoflife.org/annual-checklist/details/species/id/10075926/common/140522,Cebuano,,2021-07-27T18:09:23Z
358533,Katambak,und,"","",http://www.catalogueoflife.org/annual-checklist/details/species/id/10076045/common/211232,Cebuano,,2021-07-27T18:09:24Z
341864,Katambak,und,"","",http://www.catalogueoflife.org/annual-checklist/details/species/id/10076025/common/212436,Cebuano,,2021-07-27T18:09:24Z
154723,Katambak,und,"","",http://www.catalogueoflife.org/annual-checklist/details/species/id/10075974/common/137996,Cebuano,,2021-07-27T18:09:24Z
344292,Katambak,und,"","",http://www.catalogueoflife.org/annual-checklist/details/species/id/10076039/common/211628,Cebuano,,2021-07-27T18:09:25Z
530193,Katambak,und,"","",http://www.catalogueoflife.org/annual-checklist/details/species/id/10076018/common/199256,Cebuano,,2021-07-27T18:09:25Z
142704,Katambak,und,"","",http://www.catalogueoflife.org/annual-checklist/details/species/id/10075955/common/138940,Cebuano,,2021-07-27T18:09:25Z
424598,Katambak,und,"","",http://www.catalogueoflife.org/annual-checklist/details/species/id/10075363/common/49653,Cebuano,,2021-07-27T18:09:26Z
344594,Katambak,und,"","",http://www.catalogueoflife.org/annual-checklist/details/species/id/10076030/common/211890,Cebuano,,2021-07-27T18:09:26Z
135280,Katambak,und,"","",http://www.catalogueoflife.org/annual-checklist/details/species/id/10075986/common/198373,Cebuano,,2021-07-27T18:09:26Z
68030,Katambak,und,"","",http://www.catalogueoflife.org/annual-checklist/details/species/id/10075943/common/139660,Cebuano,,2021-07-27T18:09:27Z
530234,Katambak,und,"","",http://www.catalogueoflife.org/annual-checklist/details/species/id/10075928/common/140435,Cebuano,,2021-07-27T18:09:27Z
104516,Katambak,und,"","",http://www.catalogueoflife.org/annual-checklist/details/species/id/10076047/common/211184,Cebuano,,2021-07-27T18:09:27Z
516388,Katambak,und,"","",http://www.catalogueoflife.org/annual-checklist/details/species/id/10076026/common/212323,Cebuano,,2021-07-27T18:09:28Z
359398,Katambak,und,"","",http://www.catalogueoflife.org/annual-checklist/details/species/id/10075975/common/137901,Cebuano,,2021-07-27T18:09:28Z
104515,Katambak,und,"","",http://www.catalogueoflife.org/annual-checklist/details/species/id/10076040/common/211577,Cebuano,,2021-07-27T18:09:28Z
615735,Katambak,und,"","",http://www.catalogueoflife.org/annual-checklist/details/species/id/10076020/common/199212,Cebuano,,2021-07-27T18:09:29Z
616950,Katambak,und,"","",http://www.catalogueoflife.org/annual-checklist/details/species/id/10075960/common/138709,Cebuano,,2021-07-27T18:09:29Z
49508,Katambak,und,"","",http://www.catalogueoflife.org/annual-checklist/details/species/id/10075908/common/219415,Cebuano,,2021-07-27T18:09:30Z
473495,Katambak,und,"","",http://www.catalogueoflife.org/annual-checklist/details/species/id/10076031/common/211839,Cebuano,,2021-07-27T18:09:30Z
122914,Katambak,und,"","",http://www.catalogueoflife.org/annual-checklist/details/species/id/10076002/common/256215,Cebuano,,2021-07-27T18:09:31Z
50345,Katambak,und,"","",http://www.catalogueoflife.org/annual-checklist/details/species/id/10075947/common/139365,Cebuano,,2021-07-27T18:09:31Z
84539,Katambak,und,"","",http://www.catalogueoflife.org/annual-checklist/details/species/id/10075976/common/137817,Cebuano,Victor HOYEAU,2021-07-27T18:09:32Z
204571,Katambak,und,"","",http://www.catalogueoflife.org/annual-checklist/details/species/id/10075930/common/140251,Cebuano,,2021-07-27T18:09:32Z
201236,Katambak,und,"","",http://www.catalogueoflife.org/annual-checklist/details/species/id/10076049/common/211078,Cebuano,,2021-07-27T18:09:33Z
410999,Katambak,und,"","",http://www.catalogueoflife.org/annual-checklist/details/species/id/10075912/common/213397,Cebuano,,2021-07-27T18:09:33Z
615739,Katambak,und,"","",http://www.catalogueoflife.org/annual-checklist/details/species/id/10076041/common/211525,Cebuano,,2021-07-27T18:09:33Z
132385,Katambak,und,"","",http://www.catalogueoflife.org/annual-checklist/details/species/id/10076021/common/199115,Cebuano,,2021-07-27T18:09:34Z
311253,Katambak,und,"","",http://www.catalogueoflife.org/annual-checklist/details/species/id/10075961/common/138639,Cebuano,,2021-07-27T18:09:34Z
132384,Katambak,und,"","",http://www.catalogueoflife.org/annual-checklist/details/species/id/10076032/common/211812,Cebuano,,2021-07-27T18:09:35Z
186848,Katambak,und,"","",http://www.catalogueoflife.org/annual-checklist/details/species/id/10076012/common/271134,Cebuano,,2021-07-27T18:09:36Z
104856,Katambak,und,"","",http://www.catalogueoflife.org/annual-checklist/details/species/id/10075951/common/139235,Cebuano,,2021-07-27T18:09:36Z
474443,Katambak,und,"","",http://www.catalogueoflife.org/annual-checklist/details/species/id/10076027/common/212252,Cebuano,,2021-07-27T18:09:36Z
616954,Katambak,und,"","",http://www.catalogueoflife.org/annual-checklist/details/species/id/10075977/common/137751,Cebuano,,2021-07-27T18:09:37Z
125802,Katambak,und,"","",http://www.catalogueoflife.org/annual-checklist/details/species/id/10075938/common/139942,Cebuano,,2021-07-27T18:09:37Z
132407,Bagis,und,"","",http://www.catalogueoflife.org/annual-checklist/details/species/id/10066687/common/8707,Cebuano,lwnrngr,2021-07-27T18:22:13Z
153281,Bagis,und,"","",http://www.catalogueoflife.org/annual-checklist/details/species/id/10066688/common/8625,Cebuano,lwnrngr,2021-07-27T18:22:14Z
106624,Bagis,und,"","",http://www.catalogueoflife.org/annual-checklist/details/species/id/10066706/common/7827,Cebuano,lwnrngr,2021-07-27T18:22:17Z
63597,Lubay,und,"","",,Cebuano,Zane Roskoph,2021-07-27T19:19:45Z
424818,Mungit,und,"","",,Cebuano,Zane Roskoph,2021-07-27T19:59:57Z
96940,Pata,und,"","",,Cebuano,Zane Roskoph,2021-07-28T14:10:21Z
132410,Mungit,und,"","",,Cebuano,Zane Roskoph,2021-07-28T14:54:07Z
96989,Pugapo salapok,und,"","",http://www.catalogueoflife.org/annual-checklist/details/species/id/10073037/common/61335,Cebuano,,2021-07-29T00:17:32Z
96992,Pugapo salapok,und,"","",http://www.catalogueoflife.org/annual-checklist/details/species/id/10073040/common/61106,Cebuano,,2021-07-29T00:17:33Z
49639,Pugapo salapok,und,"","",http://www.catalogueoflife.org/annual-checklist/details/species/id/10073047/common/60799,Cebuano,,2021-07-29T00:17:33Z
318323,Danggit,und,"","",,Cebuano,Zane Roskoph,2021-07-30T16:05:54Z
97154,Alibangbang,und,"","",,Cebuano,Zane Roskoph,2021-07-30T18:52:49Z
83884,Pugot,und,"","",,Cebuano,Zane Roskoph,2021-07-30T19:10:03Z
83884,Pakol,und,"","",,Cebuano,Zane Roskoph,2021-07-30T19:15:06Z
123227,Danggit,und,"","",,Cebuano,Zane Roskoph,2021-08-03T11:47:04Z
56072,Bunog,und,"","",,Cebuano,Zane Roskoph,2021-08-09T13:17:44Z
765432,Yuzu,und,"","",,Cebuano,Zane Roskoph,2021-08-10T13:13:35Z
52323,Mol-mol,und,"","",,Cebuano,Zane Roskoph,2021-08-12T15:58:15Z
102059,Labayan,und,"","",,Cebuano,Zane Roskoph,2021-08-17T23:31:42Z
54441,Pabukang benhe,und,"","",http://www.catalogueoflife.org/annual-checklist/details/species/id/10053590/common/123227,Cebuano,,2021-08-29T11:44:14Z
93641,Mamsa,und,"","",http://www.catalogueoflife.org/annual-checklist/details/species/id/10069906/common/251556,Cebuano,Christoph Posch,2021-08-29T12:21:01Z
69775,Mamsa,und,"","",http://www.catalogueoflife.org/annual-checklist/details/species/id/10069947/common/132871,Cebuano,,2021-08-29T12:21:02Z
123690,Mamsa,und,"","",http://www.catalogueoflife.org/annual-checklist/details/species/id/10069948/common/132741,Cebuano,,2021-08-29T12:21:03Z
609905,Mamsa,und,"","",http://www.catalogueoflife.org/annual-checklist/details/species/id/10069913/common/236844,Cebuano,,2021-08-29T12:21:04Z
47228,Mamsa,und,"","",http://www.catalogueoflife.org/annual-checklist/details/species/id/10069953/common/132306,Cebuano,,2021-08-29T12:21:04Z
194880,Mamsa,und,"","",http://www.catalogueoflife.org/annual-checklist/details/species/id/10069915/common/133643,Cebuano,,2021-08-29T12:21:05Z
53479,Mamsa,und,"","",http://www.catalogueoflife.org/annual-checklist/details/species/id/10070048/common/233822,Cebuano,,2021-08-29T12:21:06Z
153280,Mamsa,und,"","",http://www.catalogueoflife.org/annual-checklist/details/species/id/10069945/common/133272,Cebuano,,2021-08-29T12:21:07Z
359952,Samin-samin,und,"","",http://www.catalogueoflife.org/annual-checklist/details/species/id/10070050/common/233715,Cebuano,,2021-08-29T12:40:33Z
153280,Samin-samin,und,"","",http://www.catalogueoflife.org/annual-checklist/details/species/id/10069945/common/133253,Cebuano,,2021-08-29T12:40:36Z
478827,Samin-samin,und,"","",http://www.catalogueoflife.org/annual-checklist/details/species/id/10073622/common/76535,Cebuano,,2021-08-29T12:40:36Z
69775,Samin-samin,und,"","",http://www.catalogueoflife.org/annual-checklist/details/species/id/10069947/common/132856,Cebuano,,2021-08-29T12:40:37Z
64099,Samin-samin,und,"","",http://www.catalogueoflife.org/annual-checklist/details/species/id/10073623/common/76456,Cebuano,,2021-08-29T12:40:37Z
123690,Samin-samin,und,"","",http://www.catalogueoflife.org/annual-checklist/details/species/id/10069948/common/132713,Cebuano,,2021-08-29T12:40:38Z
490785,Samin-samin,und,"","",http://www.catalogueoflife.org/annual-checklist/details/species/id/10073610/common/76942,Cebuano,,2021-08-29T12:40:39Z
529703,Samin-samin,und,"","",http://www.catalogueoflife.org/annual-checklist/details/species/id/10069982/common/305969,Cebuano,,2021-08-29T12:40:39Z
173863,Samin-samin,und,"","",http://www.catalogueoflife.org/annual-checklist/details/species/id/10069914/common/215517,Cebuano,,2021-08-29T12:40:39Z
187419,Samin-samin,und,"","",http://www.catalogueoflife.org/annual-checklist/details/species/id/10073611/common/76859,Cebuano,,2021-08-29T12:40:40Z
204776,Samin-samin,und,"","",http://www.catalogueoflife.org/annual-checklist/details/species/id/10069985/common/234885,Cebuano,,2021-08-29T12:40:40Z
64100,Samin-samin,und,"","",http://www.catalogueoflife.org/annual-checklist/details/species/id/10073615/common/76701,Cebuano,,2021-08-29T12:40:41Z
529703,Trakito,und,"","",http://www.catalogueoflife.org/annual-checklist/details/species/id/10069982/common/305949,Cebuano,,2021-08-29T13:52:02Z
194880,Trakito,und,"","",http://www.catalogueoflife.org/annual-checklist/details/species/id/10069915/common/133616,Cebuano,,2021-08-29T13:52:09Z
69775,Trakito,und,"","",http://www.catalogueoflife.org/annual-checklist/details/species/id/10069947/common/132839,Cebuano,,2021-08-29T13:52:09Z
84529,Trakito,und,"","",http://www.catalogueoflife.org/annual-checklist/details/species/id/10069909/common/148949,Cebuano,,2021-08-29T13:52:10Z
204776,Trakito,und,"","",http://www.catalogueoflife.org/annual-checklist/details/species/id/10069985/common/234863,Cebuano,,2021-08-29T13:52:11Z
123690,Trakito,und,"","",http://www.catalogueoflife.org/annual-checklist/details/species/id/10069948/common/132677,Cebuano,,2021-08-29T13:52:13Z
369212,Trakito,und,"","",http://www.catalogueoflife.org/annual-checklist/details/species/id/10069910/common/148906,Cebuano,,2021-08-29T13:52:13Z
359952,Trakito,und,"","",http://www.catalogueoflife.org/annual-checklist/details/species/id/10070050/common/233703,Cebuano,,2021-08-29T13:52:14Z
47228,Trakito,und,"","",http://www.catalogueoflife.org/annual-checklist/details/species/id/10069953/common/132235,Cebuano,,2021-08-29T13:52:14Z
93643,Trakito,und,"","",http://www.catalogueoflife.org/annual-checklist/details/species/id/10069912/common/148809,Cebuano,,2021-08-29T13:52:15Z
194896,Trakito,und,"","",http://www.catalogueoflife.org/annual-checklist/details/species/id/10069968/common/306337,Cebuano,,2021-08-29T13:52:16Z
609905,Trakito,und,"","",http://www.catalogueoflife.org/annual-checklist/details/species/id/10069913/common/236824,Cebuano,,2021-08-29T13:52:17Z
93641,Trakito,und,"","",http://www.catalogueoflife.org/annual-checklist/details/species/id/10069906/common/251492,Cebuano,Christoph Posch,2021-08-29T13:52:17Z
333751,Trakito,und,"","",http://www.catalogueoflife.org/annual-checklist/details/species/id/10069974/common/306117,Cebuano,Mark Rosenstein,2021-08-29T13:52:18Z
173863,Trakito,und,"","",http://www.catalogueoflife.org/annual-checklist/details/species/id/10069914/common/215448,Cebuano,,2021-08-29T13:52:19Z
153280,Trakito,und,"","",http://www.catalogueoflife.org/annual-checklist/details/species/id/10069945/common/133236,Cebuano,,2021-08-29T13:52:20Z
153280,Talakitok,und,"","",,Cebuano,Zane Roskoph,2021-08-29T13:58:32Z
106222,Gisaw,und,"","",http://www.catalogueoflife.org/annual-checklist/2012/details/species/id/9741333,Cebuano,,2021-09-01T17:14:46Z
188052,Bud-bod,und,"","",http://www.catalogueoflife.org/annual-checklist/2012/details/species/id/9741333,Cebuano,,2021-09-12T22:02:47Z
119432,Bud-bod,und,"","",http://www.catalogueoflife.org/annual-checklist/2012/details/species/id/9741333,Cebuano,,2021-09-12T22:02:48Z
132377,Bud-bod,und,"","",http://www.catalogueoflife.org/annual-checklist/2012/details/species/id/9741333,Cebuano,,2021-09-12T22:02:48Z
122514,Bud-bod,und,"","",http://www.catalogueoflife.org/annual-checklist/2012/details/species/id/9741333,Cebuano,Donald Davesne,2021-09-12T22:02:49Z
325734,Bud-bod,und,"","",http://www.catalogueoflife.org/annual-checklist/2012/details/species/id/9741333,Cebuano,,2021-09-12T22:02:49Z
530409,Bud-bod,und,"","",http://www.catalogueoflife.org/annual-checklist/2012/details/species/id/9741333,Cebuano,,2021-09-12T22:02:49Z
180170,Bud-bod,und,"","",http://www.catalogueoflife.org/annual-checklist/2012/details/species/id/9741333,Cebuano,Victor HOYEAU,2021-09-12T22:02:50Z
63718,Bud-bod,und,"","",http://www.catalogueoflife.org/annual-checklist/2012/details/species/id/9741333,Cebuano,,2021-09-12T22:02:50Z
530410,Bud-bod,und,"","",http://www.catalogueoflife.org/annual-checklist/2012/details/species/id/9741333,Cebuano,,2021-09-12T22:02:50Z
196837,Bud-bod,und,"","",http://www.catalogueoflife.org/annual-checklist/2012/details/species/id/9741333,Cebuano,,2021-09-12T22:02:51Z
132375,Bud-bod,und,"","",http://www.catalogueoflife.org/annual-checklist/2012/details/species/id/9741333,Cebuano,,2021-09-12T22:02:51Z
347936,Bud-bod,und,"","",http://www.catalogueoflife.org/annual-checklist/2012/details/species/id/9741333,Cebuano,,2021-09-12T22:02:52Z
131234,Bud-bod,und,"","",http://www.catalogueoflife.org/annual-checklist/2012/details/species/id/9741333,Cebuano,,2021-09-12T22:02:52Z
196838,Bud-bod,und,"","",http://www.catalogueoflife.org/annual-checklist/2012/details/species/id/9741333,Cebuano,Victor HOYEAU,2021-09-12T22:02:52Z
368557,Bud-bod,und,"","",http://www.catalogueoflife.org/annual-checklist/2012/details/species/id/9741333,Cebuano,,2021-09-12T22:02:53Z
121673,Bud-bod,und,"","",http://www.catalogueoflife.org/annual-checklist/2012/details/species/id/9741333,Cebuano,,2021-09-12T22:02:53Z
196838,Timbungan,und,"","",,Cebuano,Zane Roskoph,2021-09-12T22:03:12Z
180170,Ti-ao,und,"","",http://www.catalogueoflife.org/annual-checklist/2012/details/species/id/9741333,Cebuano,Victor HOYEAU,2021-09-12T23:34:15Z
122682,Ti-ao,und,"","",http://www.catalogueoflife.org/annual-checklist/2012/details/species/id/9741333,Cebuano,,2021-09-12T23:34:16Z
131234,Ti-ao,und,"","",http://www.catalogueoflife.org/annual-checklist/2012/details/species/id/9741333,Cebuano,,2021-09-12T23:34:16Z
132375,Ti-ao,und,"","",http://www.catalogueoflife.org/annual-checklist/2012/details/species/id/9741333,Cebuano,,2021-09-12T23:34:17Z
325733,Ti-ao,und,"","",http://www.catalogueoflife.org/annual-checklist/2012/details/species/id/9741333,Cebuano,,2021-09-12T23:34:17Z
196838,Ti-ao,und,"","",http://www.catalogueoflife.org/annual-checklist/2012/details/species/id/9741333,Cebuano,Victor HOYEAU,2021-09-12T23:34:17Z
530410,Ti-ao,und,"","",http://www.catalogueoflife.org/annual-checklist/2012/details/species/id/9741333,Cebuano,,2021-09-12T23:34:18Z
519572,Ti-ao,und,"","",http://www.catalogueoflife.org/annual-checklist/2012/details/species/id/9741333,Cebuano,,2021-09-12T23:34:18Z
368557,Ti-ao,und,"","",http://www.catalogueoflife.org/annual-checklist/2012/details/species/id/9741333,Cebuano,,2021-09-12T23:34:19Z
122514,Ti-ao,und,"","",http://www.catalogueoflife.org/annual-checklist/2012/details/species/id/9741333,Cebuano,Donald Davesne,2021-09-12T23:34:19Z
123346,Ti-ao,und,"","",http://www.catalogueoflife.org/annual-checklist/2012/details/species/id/9741333,Cebuano,,2021-09-12T23:34:20Z
325734,Ti-ao,und,"","",http://www.catalogueoflife.org/annual-checklist/2012/details/species/id/9741333,Cebuano,,2021-09-12T23:34:20Z
84181,Pata,und,"","",,Cebuano,Zane Roskoph,2021-09-13T12:33:34Z
119717,Pata-pata,und,"","",,Cebuano,Zane Roskoph,2021-09-13T13:01:37Z
100990,Sunghan,und,"","",http://www.catalogueoflife.org/annual-checklist/2012/details/species/id/9741333,Cebuano,,2021-09-15T23:19:21Z
83879,Sunghan,und,"","",http://www.catalogueoflife.org/annual-checklist/2012/details/species/id/9741333,Cebuano,,2021-09-15T23:19:22Z
100991,Sunghan,und,"","",http://www.catalogueoflife.org/annual-checklist/2012/details/species/id/9741333,Cebuano,,2021-09-15T23:19:22Z
187730,Sunghan,und,"","",http://www.catalogueoflife.org/annual-checklist/2012/details/species/id/9741333,Cebuano,,2021-09-15T23:19:22Z
187735,Sunghan,und,"","",http://www.catalogueoflife.org/annual-checklist/2012/details/species/id/9741333,Cebuano,Victor HOYEAU,2021-09-15T23:19:23Z
121658,Sunghan,und,"","",http://www.catalogueoflife.org/annual-checklist/2012/details/species/id/9741333,Cebuano,,2021-09-15T23:19:23Z
106624,Sunghan,und,"","",http://www.catalogueoflife.org/annual-checklist/2012/details/species/id/9741333,Cebuano,,2021-09-15T23:19:23Z
47257,Tangigi,und,"","",http://www.catalogueoflife.org/annual-checklist/2012/details/species/id/9741333,Cebuano,,2021-09-19T23:15:35Z
132369,Tangigi,und,"","",http://www.catalogueoflife.org/annual-checklist/2012/details/species/id/9741333,Cebuano,,2021-09-19T23:15:36Z
188362,Tangigi,und,"","",http://www.catalogueoflife.org/annual-checklist/2012/details/species/id/9741333,Cebuano,,2021-09-19T23:15:37Z
47257,Tangigue,und,"","",,Cebuano,Zane Roskoph,2021-09-20T00:56:53Z
112160,Mol-mol,und,"","",,Cebuano,Zane Roskoph,2021-09-25T14:27:39Z
68025,Mol-mol,und,"","",,Cebuano,Zane Roskoph,2021-09-25T14:49:16Z
97097,Uwapay,und,"","",http://www.catalogueoflife.org/annual-checklist/2012/details/species/id/9741333,Cebuano,,2021-09-25T15:30:37Z
97098,Uwapay,und,"","",,Cebuano,Zane Roskoph,2021-09-25T15:30:54Z
97098,Talinis,und,"","",,Cebuano,Zane Roskoph,2021-09-25T15:31:13Z
97098,Mol-mol,und,"","",,Cebuano,Zane Roskoph,2021-09-25T15:31:38Z
1316700,Bunog,und,"","",https://www.inaturalist.org/taxon_names/2619592/edit,Cebuano,,2021-11-23T22:31:16Z
368423,Lawihan,und,"","",http://www.catalogueoflife.org/annual-checklist/2012/details/species/id/9741333,Cebuano,,2021-12-04T06:31:46Z
173863,Lawihan,und,"","",http://www.catalogueoflife.org/annual-checklist/2012/details/species/id/9741333,Cebuano,,2021-12-04T06:31:47Z
530461,Lawihan,und,"","",http://www.catalogueoflife.org/annual-checklist/2012/details/species/id/9741333,Cebuano,,2021-12-04T06:31:47Z
333751,Lawihan,und,"","",http://www.catalogueoflife.org/annual-checklist/2012/details/species/id/9741333,Cebuano,Mark Rosenstein,2021-12-04T06:31:47Z
187379,Lawihan,und,"","",http://www.catalogueoflife.org/annual-checklist/2012/details/species/id/9741333,Cebuano,,2021-12-04T06:31:48Z
109043,Lawihan,und,"","",http://www.catalogueoflife.org/annual-checklist/2012/details/species/id/9741333,Cebuano,,2021-12-04T06:31:48Z
369135,Lawihan,und,"","",http://www.catalogueoflife.org/annual-checklist/2012/details/species/id/9741333,Cebuano,,2021-12-04T06:31:48Z
529703,Lawihan,und,"","",http://www.catalogueoflife.org/annual-checklist/2012/details/species/id/9741333,Cebuano,,2021-12-04T06:31:49Z
187417,Lawihan,und,"","",http://www.catalogueoflife.org/annual-checklist/2012/details/species/id/9741333,Cebuano,,2021-12-04T06:31:49Z
358183,Lawihan,und,"","",http://www.catalogueoflife.org/annual-checklist/2012/details/species/id/9741333,Cebuano,,2021-12-04T06:31:50Z
618180,Lawihan,und,"","",http://www.catalogueoflife.org/annual-checklist/2012/details/species/id/9741333,Cebuano,,2021-12-04T06:31:50Z
106695,Lawihan,und,"","",http://www.catalogueoflife.org/annual-checklist/2012/details/species/id/9741333,Cebuano,,2021-12-04T06:31:51Z
53479,Lawihan,und,"","",http://www.catalogueoflife.org/annual-checklist/2012/details/species/id/9741333,Cebuano,,2021-12-04T06:31:51Z
201025,Lawihan,und,"","",http://www.catalogueoflife.org/annual-checklist/2012/details/species/id/9741333,Cebuano,,2021-12-04T06:31:51Z
618182,Lawihan,und,"","",http://www.catalogueoflife.org/annual-checklist/2012/details/species/id/9741333,Cebuano,,2021-12-04T06:31:52Z
93641,Lawihan,und,"","",http://www.catalogueoflife.org/annual-checklist/2012/details/species/id/9741333,Cebuano,Christoph Posch,2021-12-04T06:31:52Z
359952,Lawihan,und,"","",http://www.catalogueoflife.org/annual-checklist/2012/details/species/id/9741333,Cebuano,,2021-12-04T06:31:53Z
132596,Lawihan,und,"","",http://www.catalogueoflife.org/annual-checklist/2012/details/species/id/9741333,Cebuano,,2021-12-04T06:31:54Z
106700,Lawihan,und,"","",http://www.catalogueoflife.org/annual-checklist/2012/details/species/id/9741333,Cebuano,,2021-12-04T06:31:54Z
99146,Lawihan,und,"","",http://www.catalogueoflife.org/annual-checklist/2012/details/species/id/9741333,Cebuano,,2021-12-04T06:31:55Z
114930,Lawihan,und,"","",http://www.catalogueoflife.org/annual-checklist/2012/details/species/id/9741333,Cebuano,Donald Davesne,2021-12-04T06:31:56Z
102075,Labayan,und,"","",,Cebuano,Zane Roskoph,2021-12-04T14:07:30Z
311253,Kamang,und,"","",http://www.catalogueoflife.org/annual-checklist/2012/details/species/id/9741333,Cebuano,,2021-12-04T14:15:16Z
102055,Kamang,und,"","",http://www.catalogueoflife.org/annual-checklist/2012/details/species/id/9741333,Cebuano,,2021-12-04T14:15:16Z
132381,Kamang,und,"","",http://www.catalogueoflife.org/annual-checklist/2012/details/species/id/9741333,Cebuano,,2021-12-04T14:15:17Z
102056,Kamang,und,"","",http://www.catalogueoflife.org/annual-checklist/2012/details/species/id/9741333,Cebuano,,2021-12-04T14:15:17Z
102037,Kamang,und,"","",http://www.catalogueoflife.org/annual-checklist/2012/details/species/id/9741333,Cebuano,,2021-12-04T14:15:17Z
102075,Kamang,und,"","",http://www.catalogueoflife.org/annual-checklist/2012/details/species/id/9741333,Cebuano,,2021-12-04T14:15:18Z
102038,Kamang,und,"","",http://www.catalogueoflife.org/annual-checklist/2012/details/species/id/9741333,Cebuano,,2021-12-04T14:15:18Z
102044,Kamang,und,"","",http://www.catalogueoflife.org/annual-checklist/2012/details/species/id/9741333,Cebuano,,2021-12-04T14:15:18Z
157767,Kamang,und,"","",http://www.catalogueoflife.org/annual-checklist/2012/details/species/id/9741333,Cebuano,,2021-12-04T14:15:19Z
102080,Kamang,und,"","",http://www.catalogueoflife.org/annual-checklist/2012/details/species/id/9741333,Cebuano,lwnrngr,2021-12-04T14:15:19Z
102045,Kamang,und,"","",http://www.catalogueoflife.org/annual-checklist/2012/details/species/id/9741333,Cebuano,,2021-12-04T14:15:19Z
368423,Lagaw,und,"","",http://www.catalogueoflife.org/annual-checklist/2012/details/species/id/9741333,Cebuano,,2021-12-04T14:58:30Z
132596,Lagaw,und,"","",http://www.catalogueoflife.org/annual-checklist/2012/details/species/id/9741333,Cebuano,,2021-12-04T14:58:31Z
618180,Lagaw,und,"","",http://www.catalogueoflife.org/annual-checklist/2012/details/species/id/9741333,Cebuano,,2021-12-04T14:58:31Z
530461,Lagaw,und,"","",http://www.catalogueoflife.org/annual-checklist/2012/details/species/id/9741333,Cebuano,,2021-12-04T14:58:31Z
471636,Lagaw,und,"","",http://www.catalogueoflife.org/annual-checklist/2012/details/species/id/9741333,Cebuano,Donald Davesne,2021-12-04T14:58:32Z
530466,Lagaw,und,"","",http://www.catalogueoflife.org/annual-checklist/2012/details/species/id/9741333,Cebuano,,2021-12-04T14:58:32Z
319762,Lagaw,und,"","",http://www.catalogueoflife.org/annual-checklist/2012/details/species/id/9741333,Cebuano,,2021-12-04T14:58:32Z
530464,Lagaw,und,"","",http://www.catalogueoflife.org/annual-checklist/2012/details/species/id/9741333,Cebuano,,2021-12-04T14:58:32Z
530462,Lagaw,und,"","",http://www.catalogueoflife.org/annual-checklist/2012/details/species/id/9741333,Cebuano,,2021-12-04T14:58:33Z
618195,Lagaw,und,"","",http://www.catalogueoflife.org/annual-checklist/2012/details/species/id/9741333,Cebuano,,2021-12-04T14:58:33Z
106701,Lagaw,und,"","",http://www.catalogueoflife.org/annual-checklist/2012/details/species/id/9741333,Cebuano,,2021-12-04T14:58:33Z
334657,Lagaw,und,"","",http://www.catalogueoflife.org/annual-checklist/2012/details/species/id/9741333,Cebuano,,2021-12-04T14:58:34Z
618181,Lagaw,und,"","",http://www.catalogueoflife.org/annual-checklist/2012/details/species/id/9741333,Cebuano,,2021-12-04T14:58:34Z
318928,Lagaw,und,"","",http://www.catalogueoflife.org/annual-checklist/2012/details/species/id/9741333,Cebuano,,2021-12-04T14:58:34Z
201337,Lagaw,und,"","",http://www.catalogueoflife.org/annual-checklist/2012/details/species/id/9741333,Cebuano,,2021-12-04T14:58:35Z
54022,Lagaw,und,"","",http://www.catalogueoflife.org/annual-checklist/2012/details/species/id/9741333,Cebuano,,2021-12-04T14:58:35Z
125811,Lagaw,und,"","",http://www.catalogueoflife.org/annual-checklist/2012/details/species/id/9741333,Cebuano,,2021-12-04T14:58:35Z
618182,Lagaw,und,"","",http://www.catalogueoflife.org/annual-checklist/2012/details/species/id/9741333,Cebuano,,2021-12-04T14:58:36Z
354111,Lagaw,und,"","",http://www.catalogueoflife.org/annual-checklist/2012/details/species/id/9741333,Cebuano,,2021-12-04T14:58:36Z
369135,Lagaw,und,"","",http://www.catalogueoflife.org/annual-checklist/2012/details/species/id/9741333,Cebuano,,2021-12-04T14:58:36Z
358183,Lagaw,und,"","",http://www.catalogueoflife.org/annual-checklist/2012/details/species/id/9741333,Cebuano,,2021-12-04T14:58:37Z
199308,Lagaw,und,"","",http://www.catalogueoflife.org/annual-checklist/2012/details/species/id/9741333,Cebuano,,2021-12-04T14:58:37Z
106700,Lagaw,und,"","",http://www.catalogueoflife.org/annual-checklist/2012/details/species/id/9741333,Cebuano,,2021-12-04T14:58:37Z
201025,Lagaw,und,"","",http://www.catalogueoflife.org/annual-checklist/2012/details/species/id/9741333,Cebuano,,2021-12-04T14:58:37Z
530463,Lagaw,und,"","",http://www.catalogueoflife.org/annual-checklist/2012/details/species/id/9741333,Cebuano,,2021-12-04T14:58:38Z
530459,Lagaw,und,"","",http://www.catalogueoflife.org/annual-checklist/2012/details/species/id/9741333,Cebuano,,2021-12-04T14:58:38Z
359334,Lagaw,und,"","",http://www.catalogueoflife.org/annual-checklist/2012/details/species/id/9741333,Cebuano,,2021-12-04T14:58:39Z
319762,Buklid,und,"","",http://www.catalogueoflife.org/annual-checklist/2012/details/species/id/9741333,Cebuano,,2021-12-04T14:59:44Z
471636,Buklid,und,"","",http://www.catalogueoflife.org/annual-checklist/2012/details/species/id/9741333,Cebuano,Donald Davesne,2021-12-04T14:59:44Z
334657,Buklid,und,"","",http://www.catalogueoflife.org/annual-checklist/2012/details/species/id/9741333,Cebuano,,2021-12-04T14:59:45Z
618195,Buklid,und,"","",http://www.catalogueoflife.org/annual-checklist/2012/details/species/id/9741333,Cebuano,,2021-12-04T14:59:45Z
125811,Buklid,und,"","",http://www.catalogueoflife.org/annual-checklist/2012/details/species/id/9741333,Cebuano,,2021-12-04T14:59:45Z
318928,Buklid,und,"","",http://www.catalogueoflife.org/annual-checklist/2012/details/species/id/9741333,Cebuano,,2021-12-04T14:59:46Z
199308,Buklid,und,"","",http://www.catalogueoflife.org/annual-checklist/2012/details/species/id/9741333,Cebuano,,2021-12-04T14:59:46Z
201025,Buklid,und,"","",http://www.catalogueoflife.org/annual-checklist/2012/details/species/id/9741333,Cebuano,,2021-12-04T14:59:47Z
132596,Buklid,und,"","",http://www.catalogueoflife.org/annual-checklist/2012/details/species/id/9741333,Cebuano,,2021-12-04T14:59:47Z
359334,Buklid,und,"","",http://www.catalogueoflife.org/annual-checklist/2012/details/species/id/9741333,Cebuano,,2021-12-04T14:59:47Z
105062,Lubay,und,"","",,Cebuano,Zane Roskoph,2021-12-04T15:03:36Z
122514,Timbungan,und,"","",,Cebuano,Zane Roskoph,2021-12-06T00:06:29Z
619681,Pata-pata,und,"","",,Cebuano,Zane Roskoph,2021-12-24T16:27:20Z
424314,Pata-pata,und,"","",,Cebuano,Zane Roskoph,2021-12-24T16:36:15Z
447759,Pata-pata,und,"","",,Cebuano,Zane Roskoph,2021-12-24T16:53:17Z
325535,Pata-pata,und,"","",,Cebuano,Zane Roskoph,2021-12-24T17:03:08Z
181026,Pata-pata,und,"","",,Cebuano,Zane Roskoph,2021-12-24T17:15:42Z
121661,Baka-baka,und,"","",,Cebuano,Zane Roskoph,2021-12-28T15:18:10Z
1360077,Lawihan,und,"","",http://www.catalogueoflife.org/annual-checklist/2012/details/species/id/9741333,Cebuano,,2022-03-08T00:28:24Z
1360077,Trakito,und,"","",http://www.catalogueoflife.org/annual-checklist/details/species/id/10070051/common/236785,Cebuano,,2022-03-08T00:28:29Z
1360074,Trakito,und,"","",http://www.catalogueoflife.org/annual-checklist/details/species/id/10070052/common/236747,Cebuano,,2022-03-08T00:29:14Z
1360074,Mamsa,und,"","",http://www.catalogueoflife.org/annual-checklist/details/species/id/10070052/common/236764,Cebuano,,2022-03-08T00:29:17Z
1360074,Samin-samin,und,"","",http://www.catalogueoflife.org/annual-checklist/details/species/id/10070052/common/236756,Cebuano,,2022-03-08T00:29:18Z
1316661,Pugapo,und,"","",http://www.catalogueoflife.org/annual-checklist/details/species/id/10073064/common/276452,Cebuano,,2022-03-08T00:39:01Z
1360118,Lawihan,und,"","",http://www.catalogueoflife.org/annual-checklist/2012/details/species/id/9741333,Cebuano,,2022-03-15T19:17:10Z
1360118,Trakito,und,"","",http://www.catalogueoflife.org/annual-checklist/details/species/id/10069907/common/251328,Cebuano,,2022-03-15T19:17:14Z
1360118,Mamsa,und,"","",http://www.catalogueoflife.org/annual-checklist/details/species/id/10069907/common/251390,Cebuano,,2022-03-15T19:17:15Z
1360118,Samin-samin,und,"","",http://www.catalogueoflife.org/annual-checklist/details/species/id/10069907/common/251357,Cebuano,,2022-03-15T19:17:16Z
1316901,Bantol,und,"","",https://www.inaturalist.org/taxon_names/2820106/edit,Cebuano,Kieran H,2022-03-15T23:12:32Z
1316901,Noog-noog,und,"","",https://www.inaturalist.org/taxon_names/2820107/edit,Cebuano,Kieran H,2022-03-15T23:12:32Z
1315680,Buntogon,und,"","",http://www.catalogueoflife.org/annual-checklist/details/species/id/10076616/common/229630,Cebuano,,2022-03-15T23:45:21Z
1360115,Lawihan,und,"","",http://www.catalogueoflife.org/annual-checklist/2012/details/species/id/9741333,Cebuano,,2022-03-16T05:00:16Z
1360115,Trakito,und,"","",http://www.catalogueoflife.org/annual-checklist/details/species/id/10069927/common/131159,Cebuano,,2022-03-16T05:00:18Z
1360115,Mamsa,und,"","",http://www.catalogueoflife.org/annual-checklist/details/species/id/10069927/common/131193,Cebuano,,2022-03-16T05:00:18Z
1360116,Lawihan,und,"","",http://www.catalogueoflife.org/annual-checklist/2012/details/species/id/9741333,Cebuano,,2022-03-16T05:01:02Z
1360116,Mamsa,und,"","",http://www.catalogueoflife.org/annual-checklist/details/species/id/10069926/common/131315,Cebuano,,2022-03-16T05:01:04Z
1360116,Trakito,und,"","",http://www.catalogueoflife.org/annual-checklist/details/species/id/10069926/common/131274,Cebuano,,2022-03-16T05:01:04Z
469472,mansanas,und,"","",,Cebuano,10423,2022-03-27T04:18:41Z
1360078,Mamsa,und,"","",http://www.catalogueoflife.org/annual-checklist/details/species/id/10069918/common/131716,Cebuano,,2022-05-11T17:23:38Z
1360078,Trakito,und,"","",http://www.catalogueoflife.org/annual-checklist/details/species/id/10069918/common/131682,Cebuano,,2022-05-11T17:23:38Z
1360078,Samin-samin,und,"","",http://www.catalogueoflife.org/annual-checklist/details/species/id/10069918/common/131703,Cebuano,,2022-05-11T17:23:39Z
1360117,Trakito,und,"","",http://www.catalogueoflife.org/annual-checklist/details/species/id/10069921/common/131572,Cebuano,,2022-05-11T17:27:17Z
1360060,Lawihan,und,"","",http://www.catalogueoflife.org/annual-checklist/2012/details/species/id/9741333,Cebuano,,2022-05-11T17:29:35Z
1360060,Trakito,und,"","",http://www.catalogueoflife.org/annual-checklist/details/species/id/10069923/common/131502,Cebuano,,2022-05-11T17:29:39Z
1360082,Lawihan,und,"","",http://www.catalogueoflife.org/annual-checklist/2012/details/species/id/9741333,Cebuano,,2022-05-11T17:34:37Z
1360082,Trakito,und,"","",http://www.catalogueoflife.org/annual-checklist/details/species/id/10069924/common/131449,Cebuano,,2022-05-11T17:34:38Z
1360103,Mamsa,und,"","",http://www.catalogueoflife.org/annual-checklist/details/species/id/10069925/common/131390,Cebuano,,2022-05-11T17:36:12Z
1360103,Trakito,und,"","",http://www.catalogueoflife.org/annual-checklist/details/species/id/10069925/common/131377,Cebuano,,2022-05-11T17:36:12Z
1360058,Trakito,und,"","",http://www.catalogueoflife.org/annual-checklist/details/species/id/10069931/common/131029,Cebuano,,2022-05-12T17:07:10Z
1360058,Mamsa,und,"","",http://www.catalogueoflife.org/annual-checklist/details/species/id/10069931/common/130965,Cebuano,,2022-05-12T17:07:11Z
1360112,Trakito,und,"","",http://www.catalogueoflife.org/annual-checklist/details/species/id/10069932/common/130926,Cebuano,,2022-05-12T17:07:40Z
1360112,Mamsa,und,"","",http://www.catalogueoflife.org/annual-checklist/details/species/id/10069932/common/130947,Cebuano,,2022-05-12T17:07:40Z
1316111,Gisaw,und,"","",http://www.catalogueoflife.org/annual-checklist/2012/details/species/id/9741333,Cebuano,,2022-05-17T23:32:24Z
622369,Gisaw,und,"","",http://www.catalogueoflife.org/annual-checklist/2012/details/species/id/9741333,Cebuano,,2022-05-18T05:04:24Z
147455,Wahoo,und,"","","FA Bisby, YR Roskov, MA Ruggiero, TM Orrell, LE Paglinawan, PW Brewer, N Bailly, J van Hertum, eds (2007). Species 2000 & ITIS Catalogue of Life: 2007 Annual Checklist Taxonomic Classification. CD-ROM; Species 2000: Reading, U.K.",Cebuano,,2022-11-29T11:51:18Z
1316670,Lawihan,und,"","",http://www.catalogueoflife.org/annual-checklist/2012/details/species/id/9741333,Cebuano,Donald Davesne,2022-11-29T11:59:39Z
1462579,Lawihan,und,"","",http://www.catalogueoflife.org/annual-checklist/2012/details/species/id/9741333,Cebuano,,2023-11-10T03:47:09Z
179230,dunggandunggan,und,"","",https://www.inaturalist.org/taxon_names/2174860/edit,Cebuano,,2024-02-04T16:19:09Z
493340,dunggandunggan,und,"","",https://www.inaturalist.org/taxon_names/2174860/edit,Cebuano,,2024-02-04T19:38:58Z
