id,vernacularName,language,locality,countryCode,source,lexicon,contributor,created
130991,pvkpvke holati tihvs rakita,und,"","",,Mvskoke,Arturo Santos,2023-03-09T18:08:26Z
18288,Cvkvlv,und,"","",,Mvskoke,Southern Appalachia,2023-07-18T00:04:54Z
18288,Cvkvla,und,"","",,Mvskoke,Southern Appalachia,2023-11-10T07:46:38Z
48448,vce,und,"","",,Mvskoke,Southern Appalachia,2023-11-20T23:39:56Z
52736,Kofockv-rakko,und,"","",,Mvskoke,Southern Appalachia,2023-11-30T14:58:00Z
128695,Passv,und,"","",,Mvskoke,Southern Appalachia,2023-11-30T15:12:53Z
128671,Mekko-hoyvnecv,und,"","",,Mvskoke,Southern Appalachia,2023-11-30T15:22:50Z
58316,Hoyvnecv,und,"","",,Mvskoke,Southern Appalachia,2023-11-30T15:24:55Z
116333,Heles-hvtke,und,"","",,Mvskoke,Southern Appalachia,2023-11-30T15:28:27Z
129689,Notossv,und,"","",,Mvskoke,Southern Appalachia,2023-11-30T15:30:02Z
76746,Welanv,und,"","",,Mvskoke,Southern Appalachia,2023-11-30T15:57:13Z
47574,Vcenv,und,"","",,Mvskoke,Southern Appalachia,2023-11-30T15:58:54Z
54793,Kvpvpaskv,und,"","",,Mvskoke,Southern Appalachia,2023-11-30T16:00:24Z
54797,Kvtokwv,und,"","",,Mvskoke,Southern Appalachia,2023-11-30T16:05:27Z
56088,Cohahtv,und,"","",,Mvskoke,Southern Appalachia,2023-11-30T16:07:31Z
53350,Vlv,und,"","",,Mvskoke,Southern Appalachia,2023-11-30T16:08:58Z
81836,Aloneske,und,"","",,Mvskoke,Southern Appalachia,2023-11-30T16:10:20Z
81836,Halonseske,und,"","",,Mvskoke,Southern Appalachia,2023-11-30T16:10:39Z
54795,Weso,und,"","",,Mvskoke,Southern Appalachia,2023-11-30T16:16:45Z
