id,vernacularName,language,locality,countryCode,source,lexicon,contributor,created
43694,!Khanni,und,"","",,Damara,Bobby McCabe,2018-01-27T18:20:20Z
41595,!Noreb,und,"","",,Damara,Bobby McCabe,2020-02-23T05:22:12Z
527446,//garab,und,"","",,Damara,Mark,2020-11-18T10:22:53Z
1306005,gib,und,"","",https://www.inaturalist.org/taxon_names/2899698/edit,Damara,Bobby McCabe,2022-02-28T01:14:38Z
581175,Ao game,und,"","",,Damara,Botswanabugs,2023-04-27T20:36:32Z
586176,ojeja,und,"","",,Damara,Botswanabugs,2023-04-27T20:48:47Z
