id,vernacularName,language,locality,countryCode,source,lexicon,contributor,created
2,Хөвчтөн,und,"","",,Mongolian,John E. Christensen,2017-11-30T13:26:33Z
3,Шувуу,und,"","",,Mongolian,John E. Christensen,2017-12-22T21:38:20Z
47603,Багваахай,und,"","",,Mongolian,John E. Christensen,2018-04-30T15:06:03Z
47336,Шоргоолж,und,"","",,Mongolian,John E. Christensen,2018-11-01T16:38:09Z
7006,Галуу,und,"","",,Mongolian,John E. Christensen,2019-01-04T08:38:49Z
47125,Цэцэгт ургамал,und,"","",,Mongolian,John E. Christensen,2019-04-27T09:50:32Z
64549,Сөд,und,"","",,Mongolian,Saikhanjargal,2019-08-19T09:51:20Z
349321,Давссаг заг,und,"","",,Mongolian,vandandorj,2019-08-27T16:16:09Z
508057,Цэн тогоруу,und,"","",,Mongolian,vandandorj,2019-08-28T03:47:14Z
48928,Сараана,und,"","",,Mongolian,vandandorj,2019-11-22T07:30:57Z
5379,ёл,und,"","",,Mongolian,Corvi Zeman,2020-01-29T05:11:52Z
46078,тарвага,und,"","",,Mongolian,Corvi Zeman,2020-01-29T05:20:32Z
187548,тул,und,"","",,Mongolian,Corvi Zeman,2020-01-29T05:25:08Z
5074,Цармын бүргэд,und,"","",,Mongolian,Corvi Zeman,2020-01-29T05:29:45Z
62628,тахь,und,"","",,Mongolian,Corvi Zeman,2020-01-30T00:09:05Z
3731,Цагаагчин халбагат,und,"","",,Mongolian,Corvi Zeman,2020-01-30T01:00:52Z
7068,хондон ангир,und,"","",,Mongolian,Corvi Zeman,2020-01-30T01:04:07Z
52775,Үхэр хэдгэнэ,und,"","",,Mongolian,vandandorj,2020-01-31T06:27:25Z
131236,вирусууд,und,"","",,Mongolian,James K. Douch,2020-02-23T02:59:25Z
50741,Булаг өвс,und,"","",,Mongolian,vandandorj,2020-06-01T08:56:26Z
131611,Хөхөө цэцэг,und,"","",,Mongolian,vandandorj,2020-06-01T09:09:29Z
131610,Хэрхэн Хөхөө цэцэг,und,"","",,Mongolian,vandandorj,2020-06-01T09:14:48Z
60284,Мөлхөө хиаг,und,"","",,Mongolian,Марина Горбунова-Ëлкина,2020-06-30T23:56:13Z
55722,Нугын Шимтэглэй,und,Mongolia,MN,,Mongolian,vandandorj,2020-08-19T08:02:28Z
734977,Власовын Шимтэглэй,und,Mongolia,MN,,Mongolian,vandandorj,2020-08-19T08:04:12Z
4270,Тураг гогой,und,"","",,Mongolian,John E. Christensen,2020-10-30T09:20:00Z
778959,Хотир,und,"","",,Mongolian,vandandorj,2020-11-02T05:38:32Z
852385,Сибир хармаг,und,"","",,Mongolian,vandandorj,2020-11-02T05:43:09Z
199196,Хармаг,und,"","",,Mongolian,vandandorj,2020-11-02T05:43:37Z
558634,Улаан зана,und,"","",,Mongolian,Марина Горбунова-Ëлкина,2020-11-06T19:36:46Z
558634,Алтан цэгцүүхэй,und,"","",,Mongolian,Марина Горбунова-Ëлкина,2020-11-06T19:37:03Z
558634,Бужиргынхан,und,"","",,Mongolian,Марина Горбунова-Ëлкина,2020-11-06T19:37:17Z
41829,Эрээн хүрнэ,und,"","",,Mongolian,Марина Горбунова-Ëлкина,2020-12-11T23:51:54Z
55722,Нугын Шимтэглээ,und,Asia,"",,Mongolian,indramn,2021-03-06T08:55:43Z
820729,Одой Далантүрүү,und,Mongolia,MN,,Mongolian,indramn,2021-03-06T08:59:12Z
909773,Булцуут Туйпланцар,und,Mongolia,MN,,Mongolian,indramn,2021-03-06T09:00:38Z
870051,Намхан Гишүүнэ,und,Asia,"",,Mongolian,indramn,2021-03-06T09:02:12Z
64549,Эмийн Сөд,und,"","",,Mongolian,indramn,2021-03-06T09:02:56Z
869007,Монгол Догар,und,Mongolia,MN,,Mongolian,indramn,2021-03-06T09:04:23Z
447244,Жавхаалаг Башир,und,Mongolia,MN,,Mongolian,indramn,2021-03-06T09:06:16Z
431703,Азийн Жамьянмядаг,und,Mongolia,MN,,Mongolian,indramn,2021-03-06T09:09:03Z
857755,Амманны Сэдэргэнэ,und,Asia,"",,Mongolian,indramn,2021-03-06T09:10:54Z
55443,Гэрийн хошоонгор,und,Mongolia,MN,,Mongolian,indramn,2021-03-06T09:12:17Z
84328,Жинхэнэ Өрөмтүүл,und,"","",,Mongolian,indramn,2021-03-06T09:14:07Z
78352,Намгийн Дүндэггарав,und,Mongolia,MN,,Mongolian,indramn,2021-03-06T09:16:59Z
132527,Нохойн хошуу,und,Mongolia,MN,,Mongolian,indramn,2021-03-06T09:19:12Z
543503,Бариулт Бүйлс,und,Mongolia,MN,,Mongolian,indramn,2021-03-06T09:22:45Z
899930,Буурал Гандбадраа,und,Mongolia,MN,,Mongolian,indramn,2021-03-06T09:24:13Z
122348,Монгол Сонгино,und,Asia,"",,Mongolian,indramn,2021-03-06T09:25:23Z
508382,Сүүн цагаан Цахилдаг,und,Mongolia,MN,,Mongolian,indramn,2021-03-06T09:28:02Z
506486,Дорнод Гүзээлзгэнэ,und,Mongolia,MN,,Mongolian,indramn,2021-03-06T09:34:29Z
556824,Ацан Ажгана,und,Asia,"",,Mongolian,indramn,2021-03-06T09:35:48Z
509415,Ногоон Удвал,und,Mongolia,MN,,Mongolian,indramn,2021-03-06T09:36:53Z
830728,Дагуур Хатны шар,und,Mongolia,MN,,Mongolian,indramn,2021-03-06T09:38:43Z
52503,Нүцгэн Намуу,und,Mongolia,MN,,Mongolian,indramn,2021-03-06T09:44:57Z
135653,Сибирь Хуш,und,"","",,Mongolian,indramn,2021-03-06T09:51:40Z
47602,Эмийн Багваахай,und,Mongolia,MN,,Mongolian,indramn,2021-03-06T09:53:02Z
472451,Сахалт Дэгд,und,Mongolia,MN,,Mongolian,indramn,2021-03-06T09:54:44Z
163951,Хар Лантанз,und,Mongolia,MN,,Mongolian,indramn,2021-03-06T09:55:55Z
769266,Толбот Бэрээмэг,und,"","",,Mongolian,Uyanga Mamanbai,2021-03-15T04:04:40Z
118783,Цагаан дэгд,und,"","",,Mongolian,Lkhamsuren Sainbileg,2021-03-15T04:13:02Z
769264,Цацагт Бэрээмэг,und,"","",,Mongolian,Uyanga Mamanbai,2021-03-15T04:13:35Z
516756,Хэвтээ дэгд,und,"","",,Mongolian,Lkhamsuren Sainbileg,2021-03-15T04:15:08Z
1086938,Өтлүүн багдай,und,"","",,Mongolian,Lkhamsuren Sainbileg,2021-03-15T08:09:55Z
779064,Манжхуй гонтог,und,"","",,Mongolian,Lkhamsuren Sainbileg,2021-03-15T08:35:00Z
515351,Нарсаг бүрзэг,und,"","",,Mongolian,Lkhamsuren Sainbileg,2021-03-15T08:49:22Z
632932,Цагаан навчит Хасзул,und,"","",,Mongolian,Oyuntsetseg Batlai,2021-03-22T03:42:59Z
1131272,Ломоносовын Хасзул,und,"","",,Mongolian,Oyuntsetseg Batlai,2021-03-22T03:46:54Z
1003539,Таана,und,"","",,Mongolian,Oyuntsetseg Batlai,2021-03-26T11:59:01Z
556823,Шүдлэг сонгино,und,"","",,Mongolian,jawhaa,2021-03-26T12:12:14Z
1005217,Шишкины сонгино,und,"","",,Mongolian,Oyuntsetseg Batlai,2021-03-26T12:18:21Z
791571,Халиар,und,"","",,Mongolian,enkhchimeg,2021-03-26T12:21:02Z
779403,Далиу сонгино,und,"","",,Mongolian,Batsugar Gansukh,2021-03-26T12:31:12Z
867943,Эдуардын сонгино,und,"","",,Mongolian,jawhaa,2021-03-26T12:33:28Z
824855,Өрөвгөр сонгино,und,"","",,Mongolian,enkhchimeg,2021-03-26T12:38:14Z
862115,Максимовичийн сонгино,und,"","",,Mongolian,jawhaa,2021-03-26T12:45:22Z
987759,Цагаан цэцэгт сонгино,und,"","",,Mongolian,Batsugar Gansukh,2021-03-26T12:46:46Z
85027,Буржгар сараана,und,"","",,Mongolian,Bayarbayasgalan Javzankhorloo,2021-03-29T03:39:14Z
509411,Сибирь удвал,und,"","",,Mongolian,Хулан Б.,2021-04-05T00:26:30Z
565861,Ганц цэцэгт Алтанзул,und,"","",,Mongolian,Oyuntsetseg Batlai,2021-04-05T04:51:11Z
1031161,Цөлийн Аргамжинцэцэг,und,"","",,Mongolian,Oyuntsetseg Batlai,2021-04-05T05:58:56Z
501017,Хатгуурт үлд өвс,und,"","",,Mongolian,enkhchimeg,2021-04-06T08:18:45Z
565769,Одой Сараана,und,"","",,Mongolian,enkhchimeg,2021-04-06T08:26:12Z
1044908,Дэрэн ажигана,und,"","",,Mongolian,enkhchimeg,2021-04-09T10:16:29Z
605335,Ахар дэлбэт ажигана,und,"","",,Mongolian,enkhchimeg,2021-04-09T10:22:12Z
133123,Сарвуухай нил,und,"","",,Mongolian,otgoo_84,2021-04-09T11:22:12Z
135893,Сибирь шинэс,und,"","",,Mongolian,Oyuntsetseg Batlai,2021-04-15T02:39:56Z
76606,Сөөгөн боролзгоно,und,"","",,Mongolian,Oyuntsetseg Batlai,2021-04-15T02:41:57Z
123449,Тагийн гол гэсэр,und,"","",,Mongolian,Oyuntsetseg Batlai,2021-04-15T02:44:26Z
161763,Нангиад башир,und,"","",,Mongolian,Oyuntsetseg Batlai,2021-04-15T02:47:07Z
503001,Цомцогт бааварцэцэг,und,"","",,Mongolian,Oyuntsetseg Batlai,2021-04-15T02:51:16Z
779091,Гоо юлт,und,"","",,Mongolian,Nudnii Sormuus,2021-04-15T06:41:32Z
791037,Ахар навчит баглуур,und,"","",,Mongolian,Nudnii Sormuus,2021-04-15T06:44:22Z
857755,Амманы сэдэргэнэ,und,"","",,Mongolian,Nudnii Sormuus,2021-04-15T06:55:06Z
161668,Том цэцэгт гэзгэнэ,und,"","",,Mongolian,Nudnii Sormuus,2021-04-15T07:04:07Z
1044762,Өргөст ортууз,und,"","",,Mongolian,Nudnii Sormuus,2021-04-15T07:11:00Z
1024925,Бүтэн навчит багдай,und,"","",,Mongolian,Nudnii Sormuus,2021-04-15T07:17:03Z
556822,Алтайн сонгино,und,"","",,Mongolian,Nudnii Sormuus,2021-04-15T07:19:35Z
779143,Цуулбар мийнхумс,und,"","",,Mongolian,Nudnii Sormuus,2021-04-15T07:25:53Z
84349,Баг хонхонцэцэг,und,"","",,Mongolian,Nudnii Sormuus,2021-04-15T07:29:14Z
485761,Каринтийн дэгдгэнэ,und,"","",,Mongolian,Nudnii Sormuus,2021-04-15T07:31:59Z
779222,Үсхий нохойнхэл,und,"","",,Mongolian,Nudnii Sormuus,2021-04-15T07:34:26Z
928403,Дагуур хүж өвс,und,"","",,Mongolian,Nudnii Sormuus,2021-04-15T07:37:53Z
706329,Сунгуу цэцэгт хувиланга,und,"","",,Mongolian,Nudnii Sormuus,2021-04-15T09:45:40Z
773685,Бага хумхаал,und,"","",,Mongolian,Nudnii Sormuus,2021-04-15T09:48:18Z
410856,Ягаан цээнэ,und,"","",,Mongolian,Nudnii Sormuus,2021-04-15T09:51:59Z
475872,Завадскийн нарцаг,und,"","",,Mongolian,Nudnii Sormuus,2021-04-15T09:54:34Z
56312,Алирс нэрс,und,"","",,Mongolian,Nudnii Sormuus,2021-04-15T10:00:33Z
58722,Ойн нарс,und,"","",,Mongolian,Nudnii Sormuus,2021-04-15T10:02:33Z
466076,Хижээл сонгино,und,"","",,Mongolian,Nudnii Sormuus,2021-04-15T10:04:41Z
556765,Ишгүй гичгэнэ,und,"","",,Mongolian,Nudnii Sormuus,2021-04-15T10:06:47Z
557144,Гмелиний тайжийнжинс,und,"","",,Mongolian,Nudnii Sormuus,2021-04-15T10:09:29Z
127860,Хигмэл яргуй,und,"","",,Mongolian,Nudnii Sormuus,2021-04-15T10:15:56Z
135801,Сибирь гацуур,und,"","",,Mongolian,Nudnii Sormuus,2021-04-15T10:18:05Z
75309,Саман ерхөг,und,"","",,Mongolian,Nudnii Sormuus,2021-04-15T10:20:36Z
784562,Лавар навчит улиас,und,"","",,Mongolian,Nudnii Sormuus,2021-04-15T10:23:22Z
861273,Хунчирхай яргуй,und,"","",,Mongolian,Nudnii Sormuus,2021-04-15T10:25:23Z
56224,Сарьслаг бальви,und,"","",,Mongolian,Nudnii Sormuus,2021-04-15T10:29:07Z
146898,Өлчир шарилж,und,"","",,Mongolian,Nudnii Sormuus,2021-04-15T10:31:36Z
556830,Алтайн нил,und,"","",,Mongolian,Nudnii Sormuus,2021-04-15T10:33:59Z
791038,Шар модот хотир,und,"","",,Mongolian,Nudnii Sormuus,2021-04-15T10:36:14Z
779402,Салаархаг сонгино,und,"","",,Mongolian,Nudnii Sormuus,2021-04-15T10:39:54Z
780435,Өргөн навчит хотир,und,"","",,Mongolian,Nudnii Sormuus,2021-04-15T10:42:30Z
830735,Цасны хаварсал,und,"","",,Mongolian,Nudnii Sormuus,2021-04-15T10:43:55Z
853747,Том  цэцэгт шимэлдэг,und,"","",,Mongolian,Nudnii Sormuus,2021-04-15T10:46:08Z
144157,Намгийн сэрдэг,und,"","",,Mongolian,Nudnii Sormuus,2021-04-15T10:48:41Z
564664,Алтайн түмэнтана,und,"","",,Mongolian,Nudnii Sormuus,2021-04-15T10:52:05Z
780432,Потанины хотир,und,"","",,Mongolian,Nudnii Sormuus,2021-04-15T10:54:06Z
858248,Хоёр ишт бэриш,und,"","",,Mongolian,Nudnii Sormuus,2021-04-15T10:56:03Z
1067912,Ганц навчинцарт хунчир,und,"","",,Mongolian,Nudnii Sormuus,2021-04-15T11:01:17Z
1086594,Улаан харгана,und,"","",,Mongolian,Nudnii Sormuus,2021-04-15T11:03:17Z
77617,Татаар зираа,und,"","",,Mongolian,Nudnii Sormuus,2021-04-15T11:05:26Z
79181,Марцны хоржигнуур,und,"","",,Mongolian,Nudnii Sormuus,2021-04-15T11:07:30Z
118767,Эвт цахилдаг,und,"","",,Mongolian,Nudnii Sormuus,2021-04-15T11:09:42Z
706640,Сөөгөнцөр боролзой,und,"","",,Mongolian,Nudnii Sormuus,2021-04-15T11:14:23Z
779063,Цэх галуунтаваг,und,"","",,Mongolian,Nudnii Sormuus,2021-04-15T11:16:49Z
803653,Азийн төлөгч өвс,und,"","",,Mongolian,Nudnii Sormuus,2021-04-15T11:19:36Z
830591,Сахалт хорс,und,"","",,Mongolian,Nudnii Sormuus,2021-04-15T11:21:31Z
858317,Нарийн цэцэгт хонхлой,und,"","",,Mongolian,Nudnii Sormuus,2021-04-15T11:23:31Z
885844,Цагаалин галуунтаваг,und,"","",,Mongolian,Nudnii Sormuus,2021-04-15T11:26:24Z
897607,Жижиг навчит харгана,und,"","",,Mongolian,Nudnii Sormuus,2021-04-15T11:28:25Z
919502,Царс навчит ангалзуур,und,"","",,Mongolian,Nudnii Sormuus,2021-04-15T12:55:33Z
928671,Төвөд заантаваг,und,"","",,Mongolian,Nudnii Sormuus,2021-04-15T12:59:32Z
967310,Сарвуун сонгино,und,"","",,Mongolian,Nudnii Sormuus,2021-04-15T13:01:27Z
1124938,Бууралдуу янгиц,und,"","",,Mongolian,Nudnii Sormuus,2021-04-15T13:03:50Z
64237,Өмнөдийн шагшуурга,und,"","",,Mongolian,Nudnii Sormuus,2021-04-15T13:06:32Z
64238,Зэлэн зангуу,und,"","",,Mongolian,Nudnii Sormuus,2021-04-15T13:09:35Z
135492,Пржевальскийн зээргэнэ,und,"","",,Mongolian,Nudnii Sormuus,2021-04-15T13:18:43Z
363711,Дунд тавилгана,und,"","",,Mongolian,Nudnii Sormuus,2021-04-15T13:23:45Z
508340,Бар цоохор цахилдаг,und,"","",,Mongolian,Nudnii Sormuus,2021-04-15T13:25:22Z
779085,Турчаниновын  яргуй,und,"","",,Mongolian,Nudnii Sormuus,2021-04-15T13:30:42Z
795446,Оргаадай банздоо,und,"","",,Mongolian,Nudnii Sormuus,2021-04-15T13:32:38Z
797911,Марцны сарвууцахирам,und,"","",,Mongolian,Nudnii Sormuus,2021-04-15T13:34:59Z
856585,Хуурамч сибирь шимтэглэй,und,"","",,Mongolian,Nudnii Sormuus,2021-04-15T13:37:00Z
885759,Трагакантархуу ортууз,und,"","",,Mongolian,Nudnii Sormuus,2021-04-15T13:38:49Z
900888,Зээрэн цэцэг алтантовч,und,"","",,Mongolian,Nudnii Sormuus,2021-04-15T13:41:27Z
970568,Бор бударгана,und,"","",,Mongolian,Nudnii Sormuus,2021-04-15T13:43:22Z
1051007,Горчаковын сэдэргэнэ,und,"","",,Mongolian,Nudnii Sormuus,2021-04-15T13:45:26Z
1051194,Шар хувиланга,und,"","",,Mongolian,Nudnii Sormuus,2021-04-15T13:47:32Z
50906,Зүүнгарын гоёо,und,"","",,Mongolian,Nudnii Sormuus,2021-04-15T13:50:30Z
130720,Хос цэцэгт нил,und,"","",,Mongolian,Nudnii Sormuus,2021-04-15T13:52:02Z
511942,Хөмрөө хувиланга,und,"","",,Mongolian,Nudnii Sormuus,2021-04-15T13:53:41Z
565402,Арзгар голгэсэр,und,"","",,Mongolian,Nudnii Sormuus,2021-04-15T13:55:31Z
779126,Улбар хувиланга,und,"","",,Mongolian,Nudnii Sormuus,2021-04-15T13:57:13Z
850962,Сибирь тошлог,und,"","",,Mongolian,Nudnii Sormuus,2021-04-15T13:58:45Z
909803,Алтан бэрмэг,und,"","",,Mongolian,Nudnii Sormuus,2021-04-15T14:00:14Z
1003765,Гүрвэнт гиш,und,"","",,Mongolian,Nudnii Sormuus,2021-04-15T14:04:46Z
550229,Содон хошоонгор,und,"","",,Mongolian,Nudnii Sormuus,2021-04-15T14:09:19Z
698957,Ягаан хүнхорс,und,"","",,Mongolian,Nudnii Sormuus,2021-04-16T03:40:26Z
779140,…далан товч,und,"","",,Mongolian,Nudnii Sormuus,2021-04-16T03:44:49Z
780434,Дэвүүр үрт хотир,und,"","",,Mongolian,Nudnii Sormuus,2021-04-16T03:46:54Z
804523,Потанины цахилдаг,und,"","",,Mongolian,Nudnii Sormuus,2021-04-16T03:48:39Z
885760,Өмхий шимэлдэг,und,"","",,Mongolian,Nudnii Sormuus,2021-04-16T03:50:39Z
904587,Бунгийн цахилдаг,und,"","",,Mongolian,Nudnii Sormuus,2021-04-16T03:52:40Z
915723,Монгол зорлог,und,"","",,Mongolian,Nudnii Sormuus,2021-04-16T03:54:25Z
1094990,Ээрэм шарилж,und,"","",,Mongolian,Nudnii Sormuus,2021-04-16T03:56:09Z
55757,Их шүүдэргэнэ,und,"","",,Mongolian,Nudnii Sormuus,2021-04-16T03:58:36Z
130545,…мэхээр,und,"","",,Mongolian,Nudnii Sormuus,2021-04-16T04:03:06Z
160679,Сибирь зогдоргоно,und,"","",,Mongolian,Nudnii Sormuus,2021-04-16T04:05:01Z
484742,Турчаниновын хонхонцэцэг,und,"","",,Mongolian,Nudnii Sormuus,2021-04-16T04:07:33Z
605249,…хялгана,und,"","",,Mongolian,Nudnii Sormuus,2021-04-16T04:10:11Z
777816,Сибирь сэрхлэг,und,"","",,Mongolian,Nudnii Sormuus,2021-04-16T04:12:25Z
779260,Бунгийн шимэлдэг,und,"","",,Mongolian,Nudnii Sormuus,2021-04-16T04:14:38Z
853879,Орог тэсэг,und,"","",,Mongolian,Nudnii Sormuus,2021-04-16T04:16:17Z
878736,Салмайлаг гэц,und,"","",,Mongolian,Nudnii Sormuus,2021-04-16T04:18:02Z
50831,Өнгөрт хаварсал,und,"","",,Mongolian,Nudnii Sormuus,2021-04-16T04:24:14Z
50851,Хөдөөний тооронцор,und,"","",,Mongolian,Nudnii Sormuus,2021-04-16T04:26:24Z
161505,Цоохор саадгана,und,"","",,Mongolian,Nudnii Sormuus,2021-04-16T04:30:15Z
165104,Жимсгэнэт алим,und,"","",,Mongolian,Nudnii Sormuus,2021-04-16T04:32:15Z
167430,Бөхөөн хаварсал,und,"","",,Mongolian,Nudnii Sormuus,2021-04-16T04:34:05Z
170192,…гандбадраа,und,"","",,Mongolian,Nudnii Sormuus,2021-04-16T04:36:31Z
371078,Одой харгана,und,"","",,Mongolian,Nudnii Sormuus,2021-04-16T04:38:24Z
514179,Олслог халгай,und,"","",,Mongolian,Nudnii Sormuus,2021-04-16T04:40:49Z
787931,Маралзгана навчит гичгэнэ,und,"","",,Mongolian,Nudnii Sormuus,2021-04-16T04:44:54Z
820758,Ганц навчит салжир,und,"","",,Mongolian,Nudnii Sormuus,2021-04-16T04:47:08Z
893749,Туулайн хунчир,und,"","",,Mongolian,Nudnii Sormuus,2021-04-16T04:48:43Z
933894,…голгэсэр,und,"","",,Mongolian,Nudnii Sormuus,2021-04-16T04:50:39Z
964834,Сөөгөн сэдэргэнэ,und,"","",,Mongolian,Nudnii Sormuus,2021-04-16T04:52:28Z
50790,Хурц зажлуургана,und,"","",,Mongolian,Nudnii Sormuus,2021-04-16T04:54:33Z
78374,Эгэл өмхий-өвс,und,"","",,Mongolian,Nudnii Sormuus,2021-04-16T04:56:52Z
144174,Сибирь сэрдэг,und,"","",,Mongolian,Nudnii Sormuus,2021-04-16T04:59:05Z
204175,Марцны тэрэм,und,"","",,Mongolian,Nudnii Sormuus,2021-04-16T05:00:53Z
485953,Ацан цахилдаг,und,"","",,Mongolian,Nudnii Sormuus,2021-04-16T05:03:00Z
506813,Нангиад садагнагва,und,"","",,Mongolian,Nudnii Sormuus,2021-04-16T05:05:51Z
556842,Хойрог харгана,und,"","",,Mongolian,Nudnii Sormuus,2021-04-16T05:07:38Z
634100,Төв Азийн лавай,und,"","",,Mongolian,Nudnii Sormuus,2021-04-16T05:10:27Z
707476,Эгэл цагаантүрүү,und,"","",,Mongolian,Nudnii Sormuus,2021-04-16T05:12:08Z
770376,Дагуур бортголж,und,"","",,Mongolian,Nudnii Sormuus,2021-04-16T05:13:48Z
779073,Буриад зажлуургана,und,"","",,Mongolian,Nudnii Sormuus,2021-04-16T05:15:54Z
796423,Зөөлөн навчит үлд өвс,und,"","",,Mongolian,Nudnii Sormuus,2021-04-16T05:22:48Z
858373,Өргөст харгана,und,"","",,Mongolian,Nudnii Sormuus,2021-04-16T05:25:21Z
52471,Хулганын гиш,und,"","",,Mongolian,Nudnii Sormuus,2021-04-16T09:04:52Z
55971,Эгэл маралзгана,und,"","",,Mongolian,Nudnii Sormuus,2021-04-16T09:06:19Z
59254,Хүмхээл сонгино,und,"","",,Mongolian,Nudnii Sormuus,2021-04-16T09:08:07Z
127228,Зузаан навчит бадаан,und,"","",,Mongolian,Nudnii Sormuus,2021-04-16T09:09:49Z
127857,Цагаан цээнэ,und,"","",,Mongolian,Nudnii Sormuus,2021-04-16T09:10:56Z
131610,Годойлог хөхөөцөг,und,"","",,Mongolian,Nudnii Sormuus,2021-04-16T09:12:40Z
429307,Илдэн игүүшин,und,"","",,Mongolian,Nudnii Sormuus,2021-04-16T09:14:49Z
158615,Галуун гичгэнэ,und,"","",,Mongolian,Oyuntsetseg Batlai,2021-04-16T09:15:17Z
470430,Лобелийн агширгана,und,"","",,Mongolian,Nudnii Sormuus,2021-04-16T09:16:24Z
504500,Шаргал цагаантүрүү,und,"","",,Mongolian,Nudnii Sormuus,2021-04-16T09:17:34Z
508380,Нарийн навчит цахилдаг,und,"","",,Mongolian,Nudnii Sormuus,2021-04-16T09:18:52Z
702906,Шоргор лууль,und,"","",,Mongolian,Nudnii Sormuus,2021-04-16T09:19:58Z
775858,Урал чихэр-өвс,und,"","",,Mongolian,Nudnii Sormuus,2021-04-16T09:21:48Z
779137,Ухмал иршимбэ,und,"","",,Mongolian,Nudnii Sormuus,2021-04-16T09:23:16Z
852388,Харлаг өмхий-өвс,und,"","",,Mongolian,Nudnii Sormuus,2021-04-16T09:25:35Z
938653,Хөвдөг холтсонцэцэг,und,"","",,Mongolian,Nudnii Sormuus,2021-04-16T09:27:10Z
1024923,Үхэр шүлхэй,und,"","",,Mongolian,Nudnii Sormuus,2021-04-16T09:28:20Z
1087017,Крыловын хялгана,und,"","",,Mongolian,Nudnii Sormuus,2021-04-16T09:29:26Z
51251,Долгионт гишүүнэ,und,"","",,Mongolian,Nudnii Sormuus,2021-04-16T09:30:26Z
61454,Анхилуун мухарцагаан,und,"","",,Mongolian,Nudnii Sormuus,2021-04-16T09:31:57Z
78793,Улаан унагантуруу,und,"","",,Mongolian,Nudnii Sormuus,2021-04-16T09:34:43Z
166247,Эдерийн хувиланга,und,"","",,Mongolian,Nudnii Sormuus,2021-04-16T09:35:50Z
436159,Том цэцэгт саадгана,und,"","",,Mongolian,Nudnii Sormuus,2021-04-16T09:37:21Z
481948,Намхан цахилдаг,und,"","",,Mongolian,Nudnii Sormuus,2021-04-16T09:38:12Z
486304,Балуун навчит мананхамхаг,und,"","",,Mongolian,Nudnii Sormuus,2021-04-16T09:39:46Z
502155,Налчгар-сүүт өвс,und,"","",,Mongolian,Nudnii Sormuus,2021-04-16T09:40:46Z
634092,Үетнэрхүү гэсэрдэгт,und,"","",,Mongolian,Nudnii Sormuus,2021-04-16T09:43:12Z
708691,Дагуур тэрэлж,und,"","",,Mongolian,Nudnii Sormuus,2021-04-16T09:44:20Z
709146,Ганц цэцэгт нил,und,"","",,Mongolian,Nudnii Sormuus,2021-04-16T09:45:20Z
769220,Хадны бөгтөргөнө,und,"","",,Mongolian,Nudnii Sormuus,2021-04-16T09:46:23Z
776898,Кузнецовын хорс,und,"","",,Mongolian,Nudnii Sormuus,2021-04-16T09:47:38Z
842503,Том үрт чаргай,und,"","",,Mongolian,Nudnii Sormuus,2021-04-16T09:49:19Z
1157354,Говийн ганга,und,"","",,Mongolian,Nudnii Sormuus,2021-04-16T09:52:19Z
53021,Чөдөр сэдэргэнэ,und,"","",,Mongolian,Nudnii Sormuus,2021-04-16T09:53:44Z
56160,Эмийн бамбай,und,"","",,Mongolian,Nudnii Sormuus,2021-04-16T09:54:56Z
58725,Эгэл арц,und,"","",,Mongolian,Nudnii Sormuus,2021-04-16T09:56:01Z
58755,Хэврэг цоймжин,und,"","",,Mongolian,Nudnii Sormuus,2021-04-16T09:57:20Z
77188,Умардын өрөмтүүл,und,"","",,Mongolian,Nudnii Sormuus,2021-04-16T09:58:45Z
77331,Баг хушхамхаг,und,"","",,Mongolian,Nudnii Sormuus,2021-04-16T10:00:07Z
78237,Бамбай навчит жамал,und,"","",,Mongolian,Nudnii Sormuus,2021-04-16T10:01:26Z
81763,Өргөст улаагана,und,"","",,Mongolian,Nudnii Sormuus,2021-04-16T10:02:28Z
159230,Манжуур хус,und,"","",,Mongolian,Nudnii Sormuus,2021-04-16T10:04:34Z
160387,Цэх түмэнтана,und,"","",,Mongolian,Nudnii Sormuus,2021-04-16T10:05:45Z
163580,Тагийн шимэрс,und,"","",,Mongolian,Nudnii Sormuus,2021-04-16T10:06:51Z
166253,Тойруулгат хувиланга,und,"","",,Mongolian,Nudnii Sormuus,2021-04-16T10:08:24Z
204313,Стефаны заантаваг,und,"","",,Mongolian,Nudnii Sormuus,2021-04-16T10:09:45Z
511932,Нягт хувиланга,und,"","",,Mongolian,Nudnii Sormuus,2021-04-16T10:10:56Z
556759,Орогдуу  нохойнхэл,und,"","",,Mongolian,Nudnii Sormuus,2021-04-16T10:12:20Z
779144,Дэлбээрхүү буржгар,und,"","",,Mongolian,Nudnii Sormuus,2021-04-16T10:13:45Z
802826,Дэлт харгана,und,"","",,Mongolian,Nudnii Sormuus,2021-04-16T10:14:49Z
824456,Ээдрээт яргуй,und,"","",,Mongolian,Nudnii Sormuus,2021-04-16T10:16:17Z
842013,Элгэн зажлуургана,und,"","",,Mongolian,Nudnii Sormuus,2021-04-16T10:17:49Z
882103,Сийрэг сарнай,und,"","",,Mongolian,Nudnii Sormuus,2021-04-16T10:18:55Z
893744,Алтайн шарилж,und,"","",,Mongolian,Nudnii Sormuus,2021-04-16T10:21:23Z
900013,Ахар навчит хунчир,und,"","",,Mongolian,Nudnii Sormuus,2021-04-16T10:22:40Z
914955,Өргөст эмгэншилбэ,und,"","",,Mongolian,Nudnii Sormuus,2021-04-16T10:23:54Z
931402,…цульхир,und,"","",,Mongolian,Nudnii Sormuus,2021-04-16T10:25:02Z
1016893,Удвал навчит тавилгана,und,"","",,Mongolian,Nudnii Sormuus,2021-04-16T10:26:11Z
1062219,Намгийн хувиланга,und,"","",,Mongolian,Nudnii Sormuus,2021-04-16T10:29:18Z
1086595,Хөндийн хунчир,und,"","",,Mongolian,Nudnii Sormuus,2021-04-16T10:30:33Z
1119318,Адамсын шарилж,und,"","",,Mongolian,Nudnii Sormuus,2021-04-16T10:32:05Z
1149284,Гоё багдай,und,"","",,Mongolian,Nudnii Sormuus,2021-04-16T10:33:08Z
54638,Шар саадгана,und,"","",,Mongolian,Nudnii Sormuus,2021-04-16T10:36:11Z
56121,Эгэл гаймуу,und,"","",,Mongolian,Nudnii Sormuus,2021-04-16T10:38:50Z
57912,Ишгэн шарилж,und,"","",,Mongolian,Nudnii Sormuus,2021-04-16T10:39:56Z
58961,Их тавансалаа,und,"","",,Mongolian,Nudnii Sormuus,2021-04-16T10:42:39Z
77265,Алеппийн малтууш,und,"","",,Mongolian,Nudnii Sormuus,2021-04-17T02:51:36Z
154503,Пенсильванын сараана,und,"","",,Mongolian,Nudnii Sormuus,2021-04-17T02:53:10Z
167366,Гоохгор гичгэнэ,und,"","",,Mongolian,Nudnii Sormuus,2021-04-17T02:54:22Z
169253,Бургас навчит тавилгана,und,"","",,Mongolian,Nudnii Sormuus,2021-04-17T02:56:19Z
706828,Том навчит дэгд,und,"","",,Mongolian,Nudnii Sormuus,2021-04-17T02:58:07Z
716947,…тэрэм,und,"","",,Mongolian,Nudnii Sormuus,2021-04-17T02:59:07Z
856901,Сибирь савалгана,und,"","",,Mongolian,Nudnii Sormuus,2021-04-17T03:04:02Z
857033,Түмэн навчит ортууз,und,"","",,Mongolian,Nudnii Sormuus,2021-04-17T03:04:56Z
865376,Альбертын сарнай,und,"","",,Mongolian,Nudnii Sormuus,2021-04-17T03:05:48Z
881768,Хээрийн шарилж,und,"","",,Mongolian,Nudnii Sormuus,2021-04-17T03:07:01Z
919520,Шандрын ангалзуур,und,"","",,Mongolian,Nudnii Sormuus,2021-04-17T03:09:19Z
933521,Хуурамч усан дэгд,und,"","",,Mongolian,Nudnii Sormuus,2021-04-17T03:10:24Z
56015,Мөчрөрхөг сухай,und,"","",,Mongolian,Nudnii Sormuus,2021-04-17T03:11:42Z
77780,Умардын ягжаа,und,"","",,Mongolian,Nudnii Sormuus,2021-04-17T03:12:56Z
82162,Евфратын улиас,und,"","",,Mongolian,Nudnii Sormuus,2021-04-17T03:15:40Z
138362,Монгол хунчир,und,"","",,Mongolian,Nudnii Sormuus,2021-04-17T03:16:36Z
158357,Их далантовч,und,"","",,Mongolian,Nudnii Sormuus,2021-04-17T03:18:38Z
159854,Буржгар чөргөс,und,"","",,Mongolian,Nudnii Sormuus,2021-04-17T03:19:46Z
168975,Мөлхөө шээрэнгэ,und,"","",,Mongolian,Nudnii Sormuus,2021-04-17T03:20:57Z
400919,Зургаадай зогдоргоно,und,"","",,Mongolian,Nudnii Sormuus,2021-04-17T03:22:06Z
447290,Ганцдуу гиш,und,"","",,Mongolian,Nudnii Sormuus,2021-04-17T03:30:08Z
465606,Цацагт үлд-өвс,und,"","",,Mongolian,Nudnii Sormuus,2021-04-17T03:31:08Z
509601,Сибирь заяахай,und,"","",,Mongolian,Nudnii Sormuus,2021-04-17T03:32:22Z
605254,…зүрхэлж,und,"","",,Mongolian,Nudnii Sormuus,2021-04-17T03:36:09Z
779082,Цуулбар балдаргана,und,"","",,Mongolian,Nudnii Sormuus,2021-04-17T03:38:33Z
859076,Умардын хорс,und,"","",,Mongolian,Nudnii Sormuus,2021-04-17T03:40:04Z
868961,үст хөөнгө ортууз,und,"","",,Mongolian,Nudnii Sormuus,2021-04-17T03:41:14Z
871934,Хавтгай хатгуурт сарнай,und,"","",,Mongolian,Nudnii Sormuus,2021-04-17T03:42:18Z
927608,Орос царгас,und,"","",,Mongolian,Nudnii Sormuus,2021-04-17T03:43:38Z
934882,Банзрагчийн зүлгэлж,und,"","",,Mongolian,Nudnii Sormuus,2021-04-17T03:44:44Z
936817,Гоолиг шарбударгана,und,"","",,Mongolian,Nudnii Sormuus,2021-04-17T03:45:58Z
955798,Чулуудай навчит тооронцор,und,"","",,Mongolian,Nudnii Sormuus,2021-04-17T03:47:22Z
967306,Зүүнгарын улаанбударгана,und,"","",,Mongolian,Nudnii Sormuus,2021-04-17T03:48:26Z
1087014,Аалзны хушхамхаг,und,"","",,Mongolian,Nudnii Sormuus,2021-04-17T03:50:05Z
1158576,Зүүнгарын зогдоргоно,und,"","",,Mongolian,Nudnii Sormuus,2021-04-17T03:52:50Z
51704,…инжбуурал,und,"","",,Mongolian,Nudnii Sormuus,2021-04-17T03:55:04Z
55826,…дурсгалж,und,"","",,Mongolian,Nudnii Sormuus,2021-04-17T03:56:07Z
57858,Булгийн гандбадраа,und,"","",,Mongolian,Nudnii Sormuus,2021-04-17T03:57:08Z
58127,Цагаан лууль,und,"","",,Mongolian,Nudnii Sormuus,2021-04-17T03:58:17Z
62918,Саваан булгансүүл,und,"","",,Mongolian,Nudnii Sormuus,2021-04-17T03:59:33Z
75747,Дорнын тоор- өвс,und,"","",,Mongolian,Nudnii Sormuus,2021-04-17T04:00:56Z
77422,Эгэл сүүл-өвс,und,"","",,Mongolian,Nudnii Sormuus,2021-04-17T04:02:12Z
79342,Тагийн буржгар,und,"","",,Mongolian,Nudnii Sormuus,2021-04-17T04:03:31Z
84031,…гилотелефиум,und,"","",,Mongolian,Nudnii Sormuus,2021-04-17T04:06:24Z
84436,Ягаан мүгэз,und,"","",,Mongolian,Nudnii Sormuus,2021-04-17T04:07:33Z
128599,Ногоон сарвууцахирам,und,"","",,Mongolian,Nudnii Sormuus,2021-04-17T04:08:46Z
159827,Удлиг харгана,und,"","",,Mongolian,Nudnii Sormuus,2021-04-17T04:09:54Z
162202,Эгэл тайжийнжинс,und,"","",,Mongolian,Nudnii Sormuus,2021-04-17T04:11:14Z
168371,Толгодын бударгана,und,"","",,Mongolian,Nudnii Sormuus,2021-04-17T04:14:31Z
204355,Хянгар царгас,und,"","",,Mongolian,Nudnii Sormuus,2021-04-17T04:15:44Z
167794,Долгионт гишүүнэ,und,"","",,Mongolian,Nudnii Sormuus,2021-04-17T04:18:20Z
207576,Бүтэн навчит тефросерис,und,"","",,Mongolian,Nudnii Sormuus,2021-04-17T04:19:47Z
487460,Өмхий буржгар,und,"","",,Mongolian,Nudnii Sormuus,2021-04-17T04:21:08Z
516757,…тэрэлж,und,"","",,Mongolian,Nudnii Sormuus,2021-04-17T04:22:11Z
634103,Согсоолжин лавай,und,"","",,Mongolian,Nudnii Sormuus,2021-04-17T04:23:36Z
711409,…гандбадраа,und,"","",,Mongolian,Nudnii Sormuus,2021-04-17T04:24:50Z
779061,Навтгар тавансалаа,und,"","",,Mongolian,Nudnii Sormuus,2021-04-17T04:25:53Z
826603,Дагуур бүрз,und,"","",,Mongolian,Nudnii Sormuus,2021-04-17T04:27:00Z
851919,Сөөгөн эмгэншилбэ,und,"","",,Mongolian,Nudnii Sormuus,2021-04-17T04:28:31Z
855608,Эвэрт сэртэг,und,"","",,Mongolian,Nudnii Sormuus,2021-04-17T04:29:43Z
857868,Ганц цэцэгт дэгд,und,"","",,Mongolian,Nudnii Sormuus,2021-04-17T04:30:45Z
862204,Говь хэрээннүдэн,und,"","",,Mongolian,Nudnii Sormuus,2021-04-17T04:31:58Z
881027,Тахир тавилгана,und,"","",,Mongolian,Nudnii Sormuus,2021-04-17T04:32:54Z
883534,Орос махирс,und,"","",,Mongolian,Nudnii Sormuus,2021-04-17T04:33:47Z
919512,Бунгийн ангалзуур,und,"","",,Mongolian,Nudnii Sormuus,2021-04-17T04:34:46Z
928639,Одой ортууз,und,"","",,Mongolian,Nudnii Sormuus,2021-04-17T04:35:40Z
941062,Өлчир мүгэз,und,"","",,Mongolian,Nudnii Sormuus,2021-04-17T04:36:44Z
985676,Шинэсэрхүү бударгана,und,"","",,Mongolian,Nudnii Sormuus,2021-04-17T04:39:24Z
1096655,Монгол хундгана,und,"","",,Mongolian,Nudnii Sormuus,2021-04-17T04:40:56Z
50247,Хоёр навчит зуншилцэцэг,und,"","",,Mongolian,Nudnii Sormuus,2021-04-17T04:42:30Z
52821,Эгэл төлөгч-өвс,und,"","",,Mongolian,Nudnii Sormuus,2021-04-17T04:43:46Z
56064,Идэмхий холтсонцэцэг,und,"","",,Mongolian,Nudnii Sormuus,2021-04-17T04:44:57Z
57896,Хамхуул бударгана,und,"","",,Mongolian,Nudnii Sormuus,2021-04-17T04:46:13Z
67591,Хоёр баганат исмэг,und,"","",,Mongolian,Nudnii Sormuus,2021-04-17T04:47:42Z
75903,Соргүй согоовор,und,"","",,Mongolian,Nudnii Sormuus,2021-04-17T04:48:43Z
76034,Ширэг өлөн,und,"","",,Mongolian,Nudnii Sormuus,2021-04-17T04:49:43Z
76424,Туяхан комастома,und,"","",,Mongolian,Nudnii Sormuus,2021-04-17T04:51:09Z
83081,Анхилуун дурсгалж,und,"","",,Mongolian,Nudnii Sormuus,2021-04-17T04:52:12Z
135495,Шивлээхэй шээргэнэ,und,"","",,Mongolian,Nudnii Sormuus,2021-04-17T04:53:25Z
135501,Ганц үрт зээргэнэ,und,"","",,Mongolian,Nudnii Sormuus,2021-04-17T04:54:33Z
164761,Алтайн даланхальс,und,"","",,Mongolian,Nudnii Sormuus,2021-04-17T04:55:48Z
168481,Цайвар шарга бааварцэцэг,und,"","",,Mongolian,Nudnii Sormuus,2021-04-17T04:57:17Z
466078,Юлдэн тарваганшийр,und,"","",,Mongolian,Nudnii Sormuus,2021-04-17T05:00:37Z
468675,Фишерийн заяахай,und,"","",,Mongolian,Nudnii Sormuus,2021-04-17T05:01:48Z
486931,Толгодын шимтэглэй,und,"","",,Mongolian,Nudnii Sormuus,2021-04-17T05:02:46Z
556825,Мохоо цоморлигт ажигана,und,"","",,Mongolian,Nudnii Sormuus,2021-04-17T05:03:51Z
601634,Хадны сэрхлэг,und,"","",,Mongolian,Nudnii Sormuus,2021-04-17T05:04:51Z
604598,Тошлог навчит бургас,und,"","",,Mongolian,Nudnii Sormuus,2021-04-17T10:48:35Z
622561,Самлаг нарим,und,"","",,Mongolian,Nudnii Sormuus,2021-04-17T10:49:53Z
707014,Төвд баягзаваа,und,"","",,Mongolian,Nudnii Sormuus,2021-04-17T10:51:19Z
769530,Буурал хохимойлж,und,"","",,Mongolian,Nudnii Sormuus,2021-04-17T10:52:50Z
772506,Том цоморлигт сэрдэг,und,"","",,Mongolian,Nudnii Sormuus,2021-04-17T10:54:07Z
779068,Енисейн шээрэнгэ,und,"","",,Mongolian,Nudnii Sormuus,2021-04-17T10:55:41Z
779234,Коржинскийн харгана,und,"","",,Mongolian,Nudnii Sormuus,2021-04-17T10:56:58Z
791258,Час улаан долоогоно,und,"","",,Mongolian,Nudnii Sormuus,2021-04-17T10:58:19Z
794666,Бяцхан цагаантүрүү,und,"","",,Mongolian,Nudnii Sormuus,2021-04-17T10:59:56Z
834370,Намхан төмөрдээ,und,"","",,Mongolian,Nudnii Sormuus,2021-04-17T11:01:47Z
841741,Бууралдуу намуу,und,"","",,Mongolian,Nudnii Sormuus,2021-04-17T11:02:46Z
841977,…зажлуургана,und,"","",,Mongolian,Nudnii Sormuus,2021-04-17T11:03:56Z
857083,Бүхэл навчит хонлин,und,"","",,Mongolian,Nudnii Sormuus,2021-04-17T11:05:28Z
859040,Нягт гишүүнэ,und,"","",,Mongolian,Nudnii Sormuus,2021-04-17T11:06:39Z
894905,…гичгэнэ,und,"","",,Mongolian,Nudnii Sormuus,2021-04-17T11:11:32Z
904048,Зараархуу таар,und,"","",,Mongolian,Nudnii Sormuus,2021-04-17T11:13:56Z
919229,Нэг наст мийнхумс,und,"","",,Mongolian,Nudnii Sormuus,2021-04-17T11:15:24Z
948319,…дэгд,und,"","",,Mongolian,Nudnii Sormuus,2021-04-17T11:18:57Z
976162,Клеменцийн хялгана,und,"","",,Mongolian,Nudnii Sormuus,2021-04-17T11:20:07Z
1020065,Төрөлсөг шимэрс,und,"","",,Mongolian,Nudnii Sormuus,2021-04-17T11:21:27Z
1044700,Баргар хувиланга,und,"","",,Mongolian,Nudnii Sormuus,2021-04-17T11:22:43Z
1045107,Шивүүрт хаврагхан,und,"","",,Mongolian,Nudnii Sormuus,2021-04-17T11:24:25Z
1051010,Цагаан цэцэгт багваахай,und,"","",,Mongolian,Nudnii Sormuus,2021-04-17T11:26:09Z
1130679,Монгол хунчир,und,"","",,Mongolian,Nudnii Sormuus,2021-04-17T11:27:16Z
1131275,Монгол чаргай,und,"","",,Mongolian,Nudnii Sormuus,2021-04-17T11:28:30Z
1144114,Улбар хунчир,und,"","",,Mongolian,Nudnii Sormuus,2021-04-17T11:29:30Z
47571,Чичигнүүр улиас,und,"","",,Mongolian,Nudnii Sormuus,2021-04-17T11:30:41Z
51893,Хоёр гэрт булгантаваг,und,"","",,Mongolian,Nudnii Sormuus,2021-04-17T11:32:02Z
54431,Улаан улаагана,und,"","",,Mongolian,Nudnii Sormuus,2021-04-17T11:33:04Z
55790,Задьлаг ларзит,und,"","",,Mongolian,Nudnii Sormuus,2021-04-17T11:34:35Z
55821,Бага хурганчих,und,"","",,Mongolian,Nudnii Sormuus,2021-04-17T11:35:53Z
55876,Цагаан маж,und,"","",,Mongolian,Nudnii Sormuus,2021-04-17T11:37:01Z
58776,Урвуу гагадай,und,"","",,Mongolian,Nudnii Sormuus,2021-04-17T11:38:14Z
59943,Сибирь цахилдаг,und,"","",,Mongolian,Nudnii Sormuus,2021-04-17T11:39:16Z
61476,Сибирь хотой,und,"","",,Mongolian,Nudnii Sormuus,2021-04-17T11:40:17Z
64714,Намгийн нэрс,und,"","",,Mongolian,Nudnii Sormuus,2021-04-17T11:41:20Z
75436,Умардын далантовч,und,"","",,Mongolian,Nudnii Sormuus,2021-04-17T11:42:38Z
75997,Таримал олс,und,"","",,Mongolian,Nudnii Sormuus,2021-04-17T11:43:34Z
83057,Азийн төлөгч өвс,und,"","",,Mongolian,Nudnii Sormuus,2021-04-17T11:44:45Z
125787,Нугын төмөрдээ,und,"","",,Mongolian,Nudnii Sormuus,2021-04-17T11:45:52Z
135877,Хуурамч хасаг арц,und,"","",,Mongolian,Nudnii Sormuus,2021-04-17T11:47:14Z
144155,Бөхөөн сэрдэг,und,"","",,Mongolian,Nudnii Sormuus,2021-04-17T11:48:15Z
158721,Шүүрэн шарилж,und,"","",,Mongolian,Nudnii Sormuus,2021-04-17T11:49:14Z
159228,Төгрөг навчит хус,und,"","",,Mongolian,Nudnii Sormuus,2021-04-17T11:50:44Z
160695,Тангад зогдоргоно,und,"","",,Mongolian,Nudnii Sormuus,2021-04-17T11:51:50Z
163265,Сибирь шимтэглэй,und,"","",,Mongolian,Nudnii Sormuus,2021-04-17T11:52:49Z
196966,Цав цагаан бөлбөө,und,"","",,Mongolian,Nudnii Sormuus,2021-04-17T11:55:20Z
326877,Руйшийн шимэлдэг,und,"","",,Mongolian,Nudnii Sormuus,2021-04-17T11:57:52Z
333002,Алтайн жамъянмядаг,und,"","",,Mongolian,Nudnii Sormuus,2021-04-17T11:59:17Z
481479,Эгэл башига,und,"","",,Mongolian,Nudnii Sormuus,2021-04-17T12:00:22Z
487708,Сибирь хүцэнгэ,und,"","",,Mongolian,Nudnii Sormuus,2021-04-17T12:01:30Z
493496,Коржинскийн гувшаахай,und,"","",,Mongolian,Nudnii Sormuus,2021-04-17T12:03:00Z
509251,Дорнодын хүрэлцэцэг,und,"","",,Mongolian,Nudnii Sormuus,2021-04-17T12:04:15Z
538220,Вильямсын гандигар,und,"","",,Mongolian,Nudnii Sormuus,2021-04-17T12:05:47Z
556839,Цагаан навчит банздоо,und,"","",,Mongolian,Nudnii Sormuus,2021-04-17T12:06:46Z
556921,Хунчир навчит гичгэнэ,und,"","",,Mongolian,Nudnii Sormuus,2021-04-17T12:08:04Z
556927,Торгон гичгэнэ,und,"","",,Mongolian,Nudnii Sormuus,2021-04-17T12:09:06Z
557379,Зээрэн шилбэ хунчир,und,"","",,Mongolian,Nudnii Sormuus,2021-04-17T12:10:22Z
564197,Дагуур сарнай,und,"","",,Mongolian,Nudnii Sormuus,2021-04-17T12:11:27Z
565693,…хаврын шар,und,"","",,Mongolian,Nudnii Sormuus,2021-04-17T12:12:28Z
568619,Цацаглаг үлд-өвс,und,"","",,Mongolian,Nudnii Sormuus,2021-04-17T12:13:38Z
769621,Дэрвэгэр чонынхэл,und,"","",,Mongolian,Nudnii Sormuus,2021-04-17T12:14:52Z
771164,Сибирь эргүүлгэнэ,und,"","",,Mongolian,Nudnii Sormuus,2021-04-17T12:16:34Z
777723,Арзгар даланхальс,und,"","",,Mongolian,Nudnii Sormuus,2021-04-17T12:17:47Z
779057,Дэрвээн хазааргана,und,"","",,Mongolian,Nudnii Sormuus,2021-04-17T12:18:58Z
824855,Сөрвөгөр сонгино,und,"","",,Mongolian,Nudnii Sormuus,2021-04-17T12:21:04Z
795561,Дагуур банздоо,und,"","",,Mongolian,Nudnii Sormuus,2021-04-17T12:23:32Z
808233,…маралзгана,und,"","",,Mongolian,Nudnii Sormuus,2021-04-17T12:24:46Z
820787,…буурцгана,und,"","",,Mongolian,Nudnii Sormuus,2021-04-17T12:25:37Z
842901,Бяцхан гандбадраа,und,"","",,Mongolian,Nudnii Sormuus,2021-04-17T12:26:51Z
853250,Элсний сээтэлж,und,"","",,Mongolian,Nudnii Sormuus,2021-04-17T12:27:57Z
858956,Хятад сэдэргэнэ,und,"","",,Mongolian,Nudnii Sormuus,2021-04-17T12:29:09Z
859330,Сунагар алтанцэгцүүхэй,und,"","",,Mongolian,Nudnii Sormuus,2021-04-17T12:30:38Z
919523,Дарвины ангалзуури,und,"","",,Mongolian,Nudnii Sormuus,2021-04-17T12:31:50Z
923031,…булаг-өвс,und,"","",,Mongolian,Nudnii Sormuus,2021-04-17T12:33:24Z
936820,Навчирхаг шарбударгана,und,"","",,Mongolian,Nudnii Sormuus,2021-04-17T12:34:30Z
955804,Тагийн тавилгана,und,"","",,Mongolian,Nudnii Sormuus,2021-04-17T12:36:58Z
991841,Дөрвөлжин мүгэз,und,"","",,Mongolian,Nudnii Sormuus,2021-04-17T12:38:03Z
1020314,Намгийн шарилж,und,"","",,Mongolian,Nudnii Sormuus,2021-04-17T12:39:08Z
1027200,Дэгнүүлт ортууз,und,"","",,Mongolian,Nudnii Sormuus,2021-04-17T12:40:02Z
1027354,Буурал толгойт сонгино,und,"","",,Mongolian,Nudnii Sormuus,2021-04-17T12:41:09Z
1043966,Монгол чоногоно,und,"","",,Mongolian,Nudnii Sormuus,2021-04-17T12:42:22Z
1046266,Цагаалин хунчир,und,"","",,Mongolian,Nudnii Sormuus,2021-04-17T12:43:26Z
1051214,Семеновын бэрмэг,und,"","",,Mongolian,Nudnii Sormuus,2021-04-17T12:44:42Z
1064017,…хорс,und,"","",,Mongolian,Nudnii Sormuus,2021-04-17T12:45:33Z
1072338,Комаровын тавансалаа,und,"","",,Mongolian,Nudnii Sormuus,2021-04-17T12:46:43Z
1098751,Китагавын хазааргана,und,"","",,Mongolian,Nudnii Sormuus,2021-04-17T12:49:59Z
54430,Хар улаагана,und,"","",,Mongolian,Nudnii Sormuus,2021-04-17T12:51:10Z
55721,Эгэл шээрэнгэ,und,"","",,Mongolian,Nudnii Sormuus,2021-04-17T12:52:05Z
57066,Эмт хошоон,und,"","",,Mongolian,Nudnii Sormuus,2021-04-17T12:53:06Z
60264,Тэнгисийн шил-өвс,und,"","",,Mongolian,Nudnii Sormuus,2021-04-17T12:54:26Z
63886,Хурганчих тарнагана,und,"","",,Mongolian,Nudnii Sormuus,2021-04-17T12:56:42Z
76841,Намгийн хөвөнцөр,und,"","",,Mongolian,Nudnii Sormuus,2021-04-17T12:57:55Z
77068,Манжхуй гонтог,und,"","",,Mongolian,Nudnii Sormuus,2021-04-17T12:59:01Z
79109,Цагаан шээрэнгэ,und,"","",,Mongolian,Nudnii Sormuus,2021-04-17T13:00:13Z
85429,…шимтэглэй,und,"","",,Mongolian,Nudnii Sormuus,2021-04-17T13:01:23Z
121363,Туйлын бөөрөлзгөнө,und,"","",,Mongolian,Nudnii Sormuus,2021-04-17T13:02:35Z
127900,Нугын шивэл,und,"","",,Mongolian,Nudnii Sormuus,2021-04-17T13:03:31Z
135476,Завсрын зээргэнэ,und,"","",,Mongolian,Nudnii Sormuus,2021-04-17T13:04:34Z
138534,Монгол буурцгана,und,"","",,Mongolian,Nudnii Sormuus,2021-04-17T13:05:33Z
159703,Хөвдөг бальви,und,"","",,Mongolian,Nudnii Sormuus,2021-04-17T13:06:36Z
160162,Эгэл гоньд,und,"","",,Mongolian,Nudnii Sormuus,2021-04-17T13:07:27Z
165493,Хажуу цэцэгт ойнцагаан,und,"","",,Mongolian,Nudnii Sormuus,2021-04-17T13:08:34Z
167155,…тарна,und,"","",,Mongolian,Nudnii Sormuus,2021-04-17T13:09:27Z
167817,Жижиг навчит тэрэлж,und,"","",,Mongolian,Nudnii Sormuus,2021-04-17T13:10:29Z
168628,Ипполитийн зэгсгэнэ,und,"","",,Mongolian,Nudnii Sormuus,2021-04-17T13:11:32Z
362445,Эгэл буржгар,und,"","",,Mongolian,Nudnii Sormuus,2021-04-17T13:12:24Z
438446,Сибирь тэмээнхөх,und,"","",,Mongolian,Nudnii Sormuus,2021-04-17T13:13:22Z
466237,Монгол хаварсал,und,"","",,Mongolian,Nudnii Sormuus,2021-04-17T13:14:15Z
473706,Ерөндөг хорс,und,"","",,Mongolian,Nudnii Sormuus,2021-04-17T13:15:11Z
486474,Цацагт хурганчих,und,"","",,Mongolian,Nudnii Sormuus,2021-04-17T13:16:20Z
506768,Сахалгүй шимэлдэг,und,"","",,Mongolian,Nudnii Sormuus,2021-04-17T13:17:16Z
511884,Товчин навчит хувиланга,und,"","",,Mongolian,Nudnii Sormuus,2021-04-17T13:18:06Z
513801,Бараан хүрэн ноной,und,"","",,Mongolian,Nudnii Sormuus,2021-04-17T13:19:14Z
520121,Нарийн навчит зүрхэлж,und,"","",,Mongolian,Nudnii Sormuus,2021-04-17T13:20:35Z
447277,…холтсонцэцэг,und,"","",,Mongolian,Nudnii Sormuus,2021-04-17T13:22:14Z
55826,Ойн дурсгалж,und,"","",,Mongolian,Uyanga Mamanbai,2021-04-27T05:13:35Z
716947,Европ долоодой,und,"","",,Mongolian,Mo No,2021-05-04T09:09:31Z
135653,Сибирь нарс (Хуш),und,"","",,Mongolian,Urgamal Magsar,2021-05-04T10:28:27Z
771067,Хадны Гуурст,und,"","",,Mongolian,Oyuntsetseg Batlai,2021-06-18T11:52:29Z
874293,Шүдлэг хошоон,und,Mongolia,MN,,Mongolian,Dashkhuu Khishig-Ochir,2021-06-29T06:01:41Z
58907,Цагаан хошоон,und,Mongolia,MN,,Mongolian,Dashkhuu Khishig-Ochir,2021-06-29T06:03:46Z
47122,Буурцагтан,und,Mongolia,MN,,Mongolian,Dashkhuu Khishig-Ochir,2021-06-29T06:06:41Z
158259,Хонгор залаа,und,Mongolia,MN,,Mongolian,Dashkhuu Khishig-Ochir,2021-07-16T13:11:11Z
41970,Ягуар,und,"","",,Mongolian,Zane Roskoph,2021-07-30T12:11:05Z
50873,Аварга цагаан загас,und,"","",,Mongolian,Zane Roskoph,2021-07-30T14:02:50Z
42007,Пума,und,"","",,Mongolian,Zane Roskoph,2021-08-01T01:43:34Z
31062,Бамбай хоншоорт,und,"","",,Mongolian,Zane Roskoph,2021-08-02T12:36:42Z
30472,Хаан наж могой,und,"","",,Mongolian,Zane Roskoph,2021-08-02T18:29:53Z
30472,Хаан кобра,und,"","",,Mongolian,Zane Roskoph,2021-08-02T18:30:16Z
52188,Халиман аварга загас,und,"","",,Mongolian,Zane Roskoph,2021-08-03T14:02:34Z
54536,Далайн луу,und,"","",,Mongolian,Zane Roskoph,2021-08-05T13:20:07Z
4555,Цагаан цахлай,und,"","",,Mongolian,Zane Roskoph,2021-08-11T12:14:01Z
41644,Цагаан баавгай,und,"","",,Mongolian,Zane Roskoph,2021-08-11T16:53:26Z
41724,Далайн ирвэс,und,"","",,Mongolian,Zane Roskoph,2021-08-11T19:28:41Z
147527,Азийн үчимбэр,und,"","",,Mongolian,Zane Roskoph,2021-08-13T11:45:16Z
41955,Үчимбэр,und,"","",,Mongolian,Zane Roskoph,2021-08-13T12:15:04Z
147526,Баруун Хойд Африкийн үчимбэр,und,"","",,Mongolian,Zane Roskoph,2021-08-13T12:58:31Z
41747,Галапагос далайн хав,und,"","",https://www.inaturalist.org/taxon_names/2641238/edit,Mongolian,,2021-08-14T06:59:49Z
41553,Хөх судалт халим,und,"","",,Mongolian,Zane Roskoph,2021-08-15T15:09:46Z
41964,Арслан,und,"","",,Mongolian,Zane Roskoph,2021-08-24T15:04:31Z
74831,Ирвэс,und,"","",,Mongolian,Zane Roskoph,2021-08-25T11:53:31Z
42052,Улаан чоно,und,"","",,Mongolian,Zane Roskoph,2021-08-25T15:34:31Z
130796,Сибирийн бар,und,"","",,Mongolian,Zane Roskoph,2021-08-26T14:36:47Z
41967,Бар,und,"","",,Mongolian,Zane Roskoph,2021-08-26T16:18:07Z
130799,Суматрын бар,und,"","",,Mongolian,Zane Roskoph,2021-08-26T17:01:25Z
130793,Бенгалын бар,und,"","",,Mongolian,Zane Roskoph,2021-08-27T12:32:06Z
130793,Малайн бар,und,"","",,Mongolian,Zane Roskoph,2021-08-27T13:55:26Z
130793,Энэтхэг-Хятадын бар,und,"","",,Mongolian,Zane Roskoph,2021-08-27T14:11:45Z
130793,Өмнөд Хятадын бар,und,"","",,Mongolian,Zane Roskoph,2021-08-27T14:36:22Z
1271917,Мазаалай,und,"","",,Mongolian,Bobby McCabe,2021-09-12T02:23:38Z
1291358,Сибирь хундгана,und,"","",https://www.inaturalist.org/taxon_names/2516163/edit,Mongolian,,2021-10-31T10:39:32Z
1320685,Британи зоосонцэцэг,und,"","",https://www.inaturalist.org/taxon_names/2514404/edit,Mongolian,,2021-12-26T18:32:33Z
1348768,Сөөгөн шимэрс,und,"","",https://www.inaturalist.org/taxon_names/2516078/edit,Mongolian,,2022-01-08T19:29:05Z
987335,Өндгөрхүү шардэмэг,und,"","",https://www.inaturalist.org/taxon_names/2515043/edit,Mongolian,,2022-01-09T10:26:18Z
1067736,Марцын головс,und,"","",,Mongolian,enkhchimeg,2022-01-12T02:03:37Z
707407,Дагуур гүндэл,und,"","",,Mongolian,enkhchimeg,2022-01-12T08:09:31Z
701765,Анхил улаагана,und,"","",,Mongolian,enkhchimeg,2022-01-12T10:04:29Z
769249,Хавчиг мохоолзой,und,"","",,Mongolian,enkhchimeg,2022-01-13T04:03:44Z
1155363,Шарилж навчит хувиланга,und,"","",,Mongolian,enkhchimeg,2022-01-13T04:37:36Z
511883,Хэвлиг хувиланга,und,"","",,Mongolian,enkhchimeg,2022-01-13T04:38:54Z
717827,Хавтаг ишт булцуутзэгс,und,"","",,Mongolian,Urgamal Magsar,2022-01-17T05:57:57Z
435946,Шөвх өлөн,und,"","",,Mongolian,Urgamal Magsar,2022-01-17T05:59:58Z
484172,Цагаан өлөн,und,"","",,Mongolian,Urgamal Magsar,2022-01-17T06:45:57Z
636797,Амгуны өлөн,und,"","",,Mongolian,Urgamal Magsar,2022-01-17T07:58:49Z
152951,Хүрэвтэр өлөн,und,"","",,Mongolian,Urgamal Magsar,2022-01-17T11:17:20Z
637175,Бага өлөн,und,"","",,Mongolian,Urgamal Magsar,2022-01-18T06:21:27Z
791877,Уулын зоргол,und,"","",,Mongolian,Urgamal Magsar,2022-01-24T00:55:42Z
75445,Анхилуун зорхдос,und,"","",,Mongolian,Urgamal Magsar,2022-01-24T02:45:50Z
1065429,Черняевын цооргоно,und,"","",,Mongolian,Urgamal Magsar,2022-01-24T02:51:04Z
501057,Дагуур цооргоно,und,"","",,Mongolian,Urgamal Magsar,2022-01-24T02:53:54Z
1270944,Хадны цооргоно,und,"","",,Mongolian,Urgamal Magsar,2022-01-24T09:14:48Z
158380,Ойн цооргоно,und,"","",,Mongolian,Urgamal Magsar,2022-01-24T09:22:05Z
1094743,Нарийн навчит цооргоно,und,"","",,Mongolian,Urgamal Magsar,2022-01-24T09:24:20Z
124544,Ойн хашилз,und,"","",,Mongolian,Urgamal Magsar,2022-01-24T09:29:34Z
58788,Анхилуун майлц,und,"","",,Mongolian,Urgamal Magsar,2022-01-24T09:33:05Z
1043610,Гажиг гурив-үрт,und,"","",,Mongolian,Urgamal Magsar,2022-01-24T09:33:55Z
1062474,Арзгар оточ-өвс,und,"","",,Mongolian,Urgamal Magsar,2022-01-24T09:35:01Z
556923,Алтлаг бэриш,und,"","",,Mongolian,Urgamal Magsar,2022-01-24T09:35:58Z
1204990,Крыловын бэриш,und,"","",,Mongolian,Urgamal Magsar,2022-01-24T09:44:27Z
1044912,Монгол бэриш,und,"","",,Mongolian,Urgamal Magsar,2022-01-24T10:06:46Z
896529,Сибирь бэриш,und,"","",,Mongolian,Urgamal Magsar,2022-01-24T10:15:14Z
1106433,Буриад гонид,und,"","",,Mongolian,Urgamal Magsar,2022-01-24T10:17:53Z
1114245,Дагуур халагацай,und,"","",,Mongolian,Urgamal Magsar,2022-01-24T10:35:26Z
160763,Монньегийн халагацай,und,"","",,Mongolian,Urgamal Magsar,2022-01-24T10:39:26Z
1157608,Марцны халагацай,und,"","",,Mongolian,Urgamal Magsar,2022-01-24T10:40:46Z
883219,Урт навчит удган-өвс,und,"","",,Mongolian,Urgamal Magsar,2022-01-24T10:48:09Z
905584,Татаар удган-өвс,und,"","",,Mongolian,Urgamal Magsar,2022-01-24T10:51:21Z
67759,Таримал үсүү,und,"","",,Mongolian,Urgamal Magsar,2022-01-24T10:58:20Z
162710,Хавтаг навчит хөхтолгой,und,"","",,Mongolian,Urgamal Magsar,2022-01-24T11:08:36Z
516545,Каспийн хавраг,und,"","",,Mongolian,Urgamal Magsar,2022-01-24T11:27:39Z
991981,Цуулбар хавраг,und,"","",,Mongolian,Urgamal Magsar,2022-01-24T11:28:32Z
1235673,Дубянскийн хавраг,und,"","",,Mongolian,Urgamal Magsar,2022-01-24T11:29:35Z
1182275,Монгол бишгүүр-өвс,und,"","",,Mongolian,Urgamal Magsar,2022-01-24T11:39:34Z
823741,Бухтармины үнэртногоо,und,"","",,Mongolian,Urgamal Magsar,2022-01-24T11:44:12Z
1064016,Бөөн цэцэгт үнэртногоо,und,"","",,Mongolian,Urgamal Magsar,2022-01-24T11:47:10Z
896572,Грубовын үнэртногоо,und,"","",,Mongolian,Urgamal Magsar,2022-01-24T12:05:40Z
906998,Үнэрт ногоорхуу үнэртногоо,und,"","",,Mongolian,Urgamal Magsar,2022-01-24T12:08:16Z
165782,Усны зулзганцагаан,und,"","",,Mongolian,Urgamal Magsar,2022-01-24T12:10:44Z
359175,Яваны зулзганцагаан,und,"","",,Mongolian,Urgamal Magsar,2022-01-24T12:14:20Z
1159834,Тагийн тэмээнхавирга,und,"","",,Mongolian,Urgamal Magsar,2022-01-24T12:16:31Z
59778,Таримал цоор,und,"","",,Mongolian,Urgamal Magsar,2022-01-24T12:20:20Z
959548,Байгал жав,und,"","",,Mongolian,Urgamal Magsar,2022-01-24T12:23:35Z
1337640,Хянгар жав,und,"","",,Mongolian,Urgamal Magsar,2022-01-24T12:25:57Z
1269611,Үсхий жав,und,"","",,Mongolian,Urgamal Magsar,2022-01-24T12:27:22Z
959554,Терпентиний жав,und,"","",,Mongolian,Urgamal Magsar,2022-01-24T12:29:36Z
1108880,Угларгат жав,und,"","",,Mongolian,Urgamal Magsar,2022-01-24T12:32:26Z
870438,Үслэг цүлдгэнүүр,und,"","",,Mongolian,Urgamal Magsar,2022-01-24T12:35:10Z
1255043,Теллунгийн цийр,und,"","",,Mongolian,Urgamal Magsar,2022-01-24T12:39:51Z
820883,Урал хөмсгөн-үрт,und,"","",,Mongolian,Urgamal Magsar,2022-01-24T12:41:28Z
790720,Гаж соёлз,und,"","",,Mongolian,Urgamal Magsar,2022-01-24T12:47:55Z
823716,Дэлт шульц,und,"","",,Mongolian,Urgamal Magsar,2022-01-24T12:50:26Z
896516,Гөлгөр үнэртцоор,und,"","",,Mongolian,Urgamal Magsar,2022-01-24T12:52:14Z
896538,Хурц үзүүрт үнэртцоор,und,"","",,Mongolian,Urgamal Magsar,2022-01-24T12:53:20Z
79131,Аятайхан шандалж,und,"","",,Mongolian,Urgamal Magsar,2022-01-24T12:54:34Z
1021161,Атамантархуу нахимдаг,und,"","",,Mongolian,Urgamal Magsar,2022-01-24T12:55:44Z
1140774,Санжгар цооргоно,und,"","",,Mongolian,Urgamal Magsar,2022-01-24T13:09:48Z
160575,Хахуун голынхор,und,"","",,Mongolian,Urgamal Magsar,2022-01-24T13:13:09Z
783294,Хависхана навчит бэриш,und,"","",,Mongolian,Urgamal Magsar,2022-01-24T13:21:12Z
1098763,Бунгийн хавраг,und,"","",,Mongolian,Urgamal Magsar,2022-01-24T13:23:53Z
1062518,Залаархаг хавраг,und,"","",,Mongolian,Urgamal Magsar,2022-01-24T13:24:42Z
779086,Сибирь цүлдгэнүүр,und,"","",,Mongolian,Urgamal Magsar,2022-01-24T13:30:58Z
793381,Дэрэвгэр жиргэрүү,und,"","",,Mongolian,Urgamal Magsar,2022-01-24T13:33:38Z
791067,Нарийн үхэргонид,und,"","",,Mongolian,Urgamal Magsar,2022-01-24T13:36:13Z
1124932,Олон ишт халагацайгана,und,"","",,Mongolian,Urgamal Magsar,2022-02-22T23:50:30Z
469472,алим,und,"","",,Mongolian,10423,2022-03-27T04:55:45Z
57197,Монпелиений самбай,und,"","",,Mongolian,jawhaa,2022-05-02T22:28:55Z
904503,Хайрслаг Эвэрт намуу,und,"","",,Mongolian,Oyuntsetseg Batlai,2022-06-17T05:58:20Z
861093,Малтууш Баганан цэцэг,und,"","",,Mongolian,Oyuntsetseg Batlai,2022-07-31T03:24:31Z
40268,Сарьсан багваахай,und,"","",,Mongolian,Wildlife biologist,2022-09-13T05:05:24Z
1423126,Хөхөмдөг Харгана,und,"","",,Mongolian,Oyuntsetseg Batlai,2022-10-26T06:40:59Z
1432012,Австрийн хависгана,und,"","",https://www.inaturalist.org/taxon_names/2516688/edit,Mongolian,,2022-12-07T16:34:14Z
5108,Үлэг харцага,und,"","",,Mongolian,Марина Горбунова-Ëлкина,2022-12-27T01:15:47Z
6990,Алаг шунгаач,und,"","",,Mongolian,Марина Горбунова-Ëлкина,2022-12-27T01:18:05Z
8088,Цагчаа ятгашаазгай,und,"","",,Mongolian,Марина Горбунова-Ëлкина,2022-12-27T01:41:17Z
117055,Ногоон дуучшувуу,und,"","",,Mongolian,Марина Горбунова-Ëлкина,2022-12-27T04:57:06Z
5268,Хар элээ,und,"","",,Mongolian,Марина Горбунова-Ëлкина,2022-12-27T05:19:35Z
558429,Цагаанхөмсөгт нугас,und,"","",,Mongolian,Марина Горбунова-Ëлкина,2022-12-30T03:43:00Z
20526,Тэмээн хяруул,und,"","",,Mongolian,Johan Devos,2023-02-28T22:49:07Z
42048,Саарал чоно,und,"","",,Mongolian,Марина Горбунова-Ëлкина,2023-03-10T18:45:54Z
1455203,Сибирь балдаргана,und,"","",https://www.inaturalist.org/taxon_names/2875173/edit,Mongolian,,2023-03-12T13:00:24Z
47158,Шавж,und,Mongolia,MN,,Mongolian,Tselmeg Tumendelger,2023-03-13T02:20:04Z
1462268,Хос шивүүрт улаагана,und,"","",https://www.inaturalist.org/taxon_names/2516679/edit,Mongolian,,2023-04-01T15:45:32Z
47726,Агч,und,"","",,Mongolian,Oyuntsetseg Batlai,2023-05-17T03:39:49Z
143793,Азийн монос,und,"","",,Mongolian,Oyuntsetseg Batlai,2023-05-17T03:52:12Z
1098783,Монгол бүйлээс,und,"","",,Mongolian,Oyuntsetseg Batlai,2023-05-17T03:58:25Z
634092,Үетэнэрхүү гэсэрдэй,und,"","",,Mongolian,Oyuntsetseg Batlai,2023-05-17T04:45:41Z
79463,Одой хайлаас,und,"","",,Mongolian,Oyuntsetseg Batlai,2023-05-19T05:40:04Z
858118,Сибирь Гүйлс,und,"","",,Mongolian,Oyuntsetseg Batlai,2023-05-19T05:51:42Z
1473092,…намуу,und,"","",https://www.inaturalist.org/taxon_names/2516124/edit,Mongolian,,2023-06-20T16:55:06Z
1477358,Мөнгөлөг хонхотхаргана,und,"","",https://www.inaturalist.org/taxon_names/2515318/edit,Mongolian,,2023-06-30T03:06:38Z
1181468,Өргөн навчит Тайжийн жинс,und,"","",https://www.inaturalist.org/taxon_names/2455290/edit,Mongolian,,2023-10-31T19:08:27Z
1513499,Царсан гүүнхөх,und,"","",https://www.inaturalist.org/taxon_names/2515051/edit,Mongolian,,2023-11-28T08:49:45Z
1526163,Үсхий жимст лүзэсгэлэн,und,"","",https://www.inaturalist.org/taxon_names/2875179/edit,Mongolian,,2024-01-20T20:14:33Z
797770,азаргана,und,"","",https://www.inaturalist.org/taxon_names/2514401/edit,Mongolian,,2024-02-22T20:37:47Z
1535219,Алаг бүрнэгэнэ,und,"","",https://www.inaturalist.org/taxon_names/2875198/edit,Mongolian,,2024-02-24T20:06:26Z
1540716,Нүцгэн шүхэргэнэ,und,"","",https://www.inaturalist.org/taxon_names/2875144/edit,Mongolian,,2024-03-17T13:05:24Z
