id,vernacularName,language,locality,countryCode,source,lexicon,contributor,created
2,Chuordėnē,und,"","",,Samogitian,John E. Christensen,2017-11-30T12:58:16Z
355675,Stoumenėnē gīvē,und,"","",,Samogitian,John E. Christensen,2017-12-06T09:48:46Z
83992,beržos svīrolīs,und,"","",,Samogitian,John E. Christensen,2017-12-14T22:10:44Z
55563,Šimtažėidis,und,"","",,Samogitian,John E. Christensen,2018-05-10T16:53:04Z
47746,Triaušis,und,"","",,Samogitian,John E. Christensen,2019-05-06T11:21:23Z
505478,Vėšta,und,"","",,Samogitian,John E. Christensen,2019-11-19T14:08:07Z
112581,Šams,und,"","",,Samogitian,Zane Roskoph,2021-08-14T18:23:21Z
153003,Vištkuojis,und,"","",,Samogitian,Zane Roskoph,2021-08-18T16:14:12Z
41964,Liūts,und,"","",,Samogitian,Zane Roskoph,2021-08-24T13:00:09Z
42407,Stombros,und,"","",,Samogitian,Zane Roskoph,2021-08-25T13:58:52Z
47125,Žėidėnē augalā,und,"","",,Samogitian,John E. Christensen,2022-09-05T12:37:18Z
