id,vernacularName,language,locality,countryCode,source,lexicon,contributor,created
188570,Sibaro,und,"","",,Toba Batak,Zane Roskoph,2021-07-27T13:56:39Z
93987,Hapunggul,und,"","",,Toba Batak,Zane Roskoph,2021-12-04T16:16:53Z
93987,Kepala keras,und,"","",,Toba Batak,Zane Roskoph,2021-12-04T16:17:36Z
173412,Sibolon perut,und,"","",,Toba Batak,Zane Roskoph,2021-12-24T00:05:44Z
173412,Bunting,und,"","",,Toba Batak,Zane Roskoph,2021-12-24T00:06:17Z
173412,Burting,und,"","",,Toba Batak,Zane Roskoph,2021-12-24T00:06:46Z
173412,Siburting,und,"","",,Toba Batak,Zane Roskoph,2021-12-24T00:07:17Z
188583,Sompat,und,"","",,Toba Batak,Zane Roskoph,2021-12-31T05:48:44Z
188583,Siopet,und,"","",,Toba Batak,Zane Roskoph,2021-12-31T05:49:24Z
426660,Sengal,und,"Simalungun, ID, SU","",,Toba Batak,Hani Ristiawan,2023-02-15T19:32:55Z
348392,Takul-takul,und,"","",,Toba Batak,Hani Ristiawan,2023-02-15T19:34:42Z
