id,vernacularName,language,locality,countryCode,source,lexicon,contributor,created
47597,Rawwen,und,"","",,Chochenyo,zoecolloredo,2023-06-06T04:42:58Z
52994,rooreh,und,"","",,Chochenyo,Ken-ichi Ueda,2023-07-24T22:41:08Z
9535,čiirikmin,und,"","",,Chochenyo,Ken-ichi Ueda,2023-07-24T22:50:08Z
48807,sokóote,und,"","",,Chochenyo,Ken-ichi Ueda,2023-07-24T22:52:57Z
44749,hireh,und,"","",,Chochenyo,Ken-ichi Ueda,2023-07-25T00:32:51Z
47159,rookoš,und,"","",,Chochenyo,Ken-ichi Ueda,2023-07-25T00:39:04Z
