id,vernacularName,language,locality,countryCode,source,lexicon,contributor,created
47120,Үетэ хүлтэн,und,"","",,Russian Buriat,John E. Christensen,2018-01-18T15:52:03Z
85553,Могой,und,"","",,Russian Buriat,John E. Christensen,2018-06-24T13:40:08Z
47336,Шоргоолзон,und,"","",,Russian Buriat,John E. Christensen,2018-11-02T13:06:14Z
47561,Нарһан модон,und,"","",,Russian Buriat,John E. Christensen,2020-02-29T11:37:30Z
891696,Шаазгай,und,"","",,Russian Buriat,John E. Christensen,2020-04-30T13:58:41Z
41964,Арсалан,und,"","",,Russian Buriat,Zane Roskoph,2021-08-24T13:03:43Z
41967,Эреэн гүрөөhэн,und,"","",,Russian Buriat,Zane Roskoph,2021-08-26T15:01:32Z
42048,Шоно,und,"","",,Russian Buriat,Марина Горбунова-Ëлкина,2023-03-10T18:45:16Z
