id,vernacularName,language,locality,countryCode,source,lexicon,contributor,created
859135,kata-kultu,und,"Northern Territory, AU | Western Australia, AU | South Australia, AU","",,Pitjantjatjara Dialect Of Wati,Samantha,2019-02-03T01:09:07Z
859135,kata-puru,und,"Northern Territory, AU | Western Australia, AU | South Australia, AU","",,Pitjantjatjara Dialect Of Wati,Samantha,2019-02-03T01:11:18Z
859135,ulpa,und,"Northern Territory, AU | Western Australia, AU | South Australia, AU","",,Pitjantjatjara Dialect Of Wati,Samantha,2019-02-03T01:11:43Z
859135,urara,und,"Northern Territory, AU | Western Australia, AU | South Australia, AU","",,Pitjantjatjara Dialect Of Wati,Samantha,2019-02-03T01:12:01Z
63833,Ayinkuṟa,und,"","",,Pitjantjatjara Dialect Of Wati,anneliese merrigan,2020-07-20T21:58:08Z
188884,kaḻpilya,und,"","",,Pitjantjatjara Dialect Of Wati,Will Cornwell,2023-06-30T02:39:25Z
64128,apaṟa,und,"","",,Pitjantjatjara Dialect Of Wati,Will Cornwell,2023-06-30T02:45:11Z
132351,tjanpi,und,"","",,Pitjantjatjara Dialect Of Wati,Will Cornwell,2023-06-30T02:52:23Z
1357030,arnginyi,und,"","",,Pitjantjatjara Dialect Of Wati,Will Cornwell,2023-06-30T03:22:20Z
1084217,ngimpalpa,und,"","",,Pitjantjatjara Dialect Of Wati,Will Cornwell,2023-06-30T03:25:02Z
1006957,kalpaṟi,und,Australia,AU,,Pitjantjatjara Dialect Of Wati,Will Cornwell,2023-06-30T03:26:34Z
551475,aratja,und,"","",,Pitjantjatjara Dialect Of Wati,Will Cornwell,2023-06-30T03:43:54Z
54996,katji-katji,und,"","",,Pitjantjatjara Dialect Of Wati,Will Cornwell,2023-06-30T06:39:53Z
