id,vernacularName,language,locality,countryCode,source,lexicon,contributor,created
11901,Ял чĕкеçĕ,und,"","",,Chuvash,John E. Christensen,2017-12-22T13:36:26Z
3,Вĕçен кайăксем,und,"","",,Chuvash,John E. Christensen,2018-03-20T07:05:29Z
53352,Çирĕк,und,"","",,Chuvash,John E. Christensen,2018-05-12T19:24:42Z
45933,Пакша йышшисем,und,"","",,Chuvash,John E. Christensen,2018-07-12T15:24:48Z
4730,Аист евĕрлисем,und,"","",,Chuvash,John E. Christensen,2018-11-15T08:19:37Z
63573,Чăрăш,und,"","",,Chuvash,John E. Christensen,2018-12-16T09:36:59Z
57983,Хĕвелçаврăнăш,und,"","",,Chuvash,John E. Christensen,2018-12-23T15:22:28Z
40151,Сĕтпе ӳсекенсем,und,"","",,Chuvash,John E. Christensen,2019-02-07T16:02:29Z
51741,Серте,und,"","",,Chuvash,John E. Christensen,2019-05-01T07:58:18Z
19350,Тăмана евĕррисем,und,"","",,Chuvash,John E. Christensen,2020-08-30T20:04:14Z
44576,Сăрă йĕкехӳре,und,"","",,Chuvash,Марина Горбунова-Ëлкина,2021-01-12T18:03:16Z
44576,Йĕкехӳре,und,"","",,Chuvash,Марина Горбунова-Ëлкина,2021-01-12T18:03:27Z
41970,Ягуар,und,"","",,Chuvash,Zane Roskoph,2021-07-30T11:57:29Z
42007,Пума,und,"","",,Chuvash,Zane Roskoph,2021-08-01T00:45:54Z
129054,Геснер тюльпанӗ,und,"","",,Chuvash,Zane Roskoph,2021-08-10T12:05:57Z
123356,Цитрон,und,"","",,Chuvash,Zane Roskoph,2021-08-10T12:35:57Z
41644,Шурă упа,und,"","",,Chuvash,Zane Roskoph,2021-08-11T16:07:20Z
41955,Гепард,und,"","",,Chuvash,Zane Roskoph,2021-08-13T11:56:22Z
112581,Çуйăн,und,"","",,Chuvash,Zane Roskoph,2021-08-14T18:06:08Z
102975,Шурă пулă,und,"","",,Chuvash,Zane Roskoph,2021-08-14T18:46:09Z
41964,Арăслан,und,"","",,Chuvash,Zane Roskoph,2021-08-24T13:06:47Z
74831,Ирбис,und,"","",,Chuvash,Zane Roskoph,2021-08-25T11:36:01Z
130796,Амур тигрĕ,und,"","",,Chuvash,Zane Roskoph,2021-08-26T13:48:59Z
41967,Тигр,und,"","",,Chuvash,Zane Roskoph,2021-08-26T15:10:52Z
57774,Хӗрлӗ шыв курӑкӗсем,und,"","",,Chuvash,John E. Christensen,2022-09-29T12:04:39Z
41852,Мăн сăсар,und,"","",,Chuvash,Марина Горбунова-Ëлкина,2022-12-13T11:54:33Z
5106,Ҫерҫи хурчки,und,"","",,Chuvash,Марина Горбунова-Ëлкина,2022-12-27T00:27:13Z
5108,Пысӑк хурчка,und,"","",,Chuvash,Марина Горбунова-Ëлкина,2022-12-27T00:49:12Z
8088,Сульха,und,"","",,Chuvash,Марина Горбунова-Ëлкина,2022-12-27T01:32:47Z
8088,Кӗпшӗл,und,"","",,Chuvash,Марина Горбунова-Ëлкина,2022-12-27T01:33:48Z
41850,Ахаль ӑтӑр,und,"","",,Chuvash,Марина Горбунова-Ëлкина,2022-12-27T04:42:19Z
117055,Ҫурхи чие кайӑкӗ,und,"","",,Chuvash,Марина Горбунова-Ëлкина,2022-12-27T04:58:44Z
116804,Йӑрӑм пуҫлӑ хӑмӑш кайӑкӗ,und,"","",,Chuvash,Марина Горбунова-Ëлкина,2022-12-27T05:07:24Z
5268,Хура хӗрен,und,"","",,Chuvash,Марина Горбунова-Ëлкина,2022-12-27T05:18:11Z
75445,Укроп,und,"","",,Chuvash,Марина Горбунова-Ëлкина,2022-12-27T05:25:02Z
117016,Тумлам кайӑк,und,"","",,Chuvash,Марина Горбунова-Ëлкина,2022-12-27T05:53:41Z
43128,Хир мулкачӗ,und,"","",,Chuvash,Марина Горбунова-Ëлкина,2022-12-28T01:18:57Z
4733,Шурӑ аист,und,"","",,Chuvash,Марина Горбунова-Ëлкина,2022-12-29T21:33:35Z
4736,Хура аист,und,"","",,Chuvash,Марина Горбунова-Ëлкина,2022-12-29T21:34:00Z
13079,Анӑҫ шӑпчӑкӗ,und,"","",,Chuvash,Марина Горбунова-Ëлкина,2022-12-29T21:36:48Z
4389,Атӑл йытти,und,"","",,Chuvash,Марина Горбунова-Ëлкина,2022-12-29T21:37:14Z
1289697,Ахаль ӑсан,und,"","",,Chuvash,Марина Горбунова-Ëлкина,2022-12-29T21:37:36Z
12992,Ахаль вутхӱре,und,"","",,Chuvash,Марина Горбунова-Ëлкина,2022-12-29T21:38:12Z
3017,Ахаль кӑвакарчӑн,und,"","",,Chuvash,Марина Горбунова-Ëлкина,2022-12-29T21:38:37Z
906,Ахаль кӑркка,und,"","",,Chuvash,Марина Горбунова-Ëлкина,2022-12-29T21:39:02Z
1026,Ахаль карӑк,und,"","",,Chuvash,Марина Горбунова-Ëлкина,2022-12-29T21:39:21Z
1907,Ахаль куккук,und,"","",,Chuvash,Марина Горбунова-Ëлкина,2022-12-29T21:39:38Z
2938,Ахаль кулюкка,und,"","",,Chuvash,Марина Горбунова-Ëлкина,2022-12-29T21:40:05Z
558443,Ахаль пӑчӑр,und,"","",,Chuvash,Марина Горбунова-Ëлкина,2022-12-29T21:40:51Z
10070,Ахаль пимпӗ,und,"","",,Chuvash,Марина Горбунова-Ëлкина,2022-12-29T21:41:24Z
804,Ахаль путене,und,"","",,Chuvash,Марина Горбунова-Ëлкина,2022-12-29T21:41:40Z
144510,Ахаль чарлӑк,und,"","",,Chuvash,Марина Горбунова-Ëлкина,2022-12-29T21:42:03Z
1289470,Ахаль чечен кайӑк,und,"","",,Chuvash,Марина Горбунова-Ëлкина,2022-12-29T21:42:26Z
12038,Ахаль шӑлан кайӑк,und,"","",,Chuvash,Марина Горбунова-Ëлкина,2022-12-29T21:42:45Z
7429,Ахаль шӑлинкурӑс,und,"","",,Chuvash,Марина Горбунова-Ëлкина,2022-12-29T21:43:09Z
14824,Ахаль шӑнчас,und,"","",,Chuvash,Марина Горбунова-Ëлкина,2022-12-29T21:43:27Z
13075,Ахаль шӑпчӑк,und,"","",,Chuvash,Марина Горбунова-Ëлкина,2022-12-29T21:43:49Z
9195,Ахаль шӗпшӗл,und,"","",,Chuvash,Марина Горбунова-Ëлкина,2022-12-29T21:44:07Z
204472,Ахаль шаланкӑ,und,"","",,Chuvash,Марина Горбунова-Ëлкина,2022-12-29T21:44:30Z
3978,Ахаль шули,und,"","",,Chuvash,Марина Горбунова-Ëлкина,2022-12-29T21:44:44Z
513926,Ахаль шывавтань,und,"","",,Chuvash,Марина Горбунова-Ëлкина,2022-12-29T21:44:58Z
4450,Ахаль шывчӗкеҫ,und,"","",,Chuvash,Марина Горбунова-Ëлкина,2022-12-29T21:45:21Z
472766,Ахаль якӑлпай,und,"","",,Chuvash,Марина Горбунова-Ëлкина,2022-12-29T21:45:41Z
4270,Пӑркасан,und,"","",,Chuvash,Марина Горбунова-Ëлкина,2022-12-29T21:49:43Z
4691,Этелӗк,und,"","",,Chuvash,Марина Горбунова-Ëлкина,2022-12-29T21:50:10Z
318836,Шур таки,und,"","",,Chuvash,Марина Горбунова-Ëлкина,2022-12-29T21:50:56Z
12749,Хӗрлӗ ҫунатлӑ сӗлхе,und,"","",,Chuvash,Марина Горбунова-Ëлкина,2022-12-29T21:51:28Z
11941,Ҫыр чӗкеҫӗ,und,"","",,Chuvash,Марина Горбунова-Ëлкина,2022-12-29T21:52:15Z
11941,Ҫӗр чӗкеҫӗ,und,"","",,Chuvash,Марина Горбунова-Ëлкина,2022-12-29T21:52:26Z
5074,Пӗрхӗт,und,"","",,Chuvash,Марина Горбунова-Ëлкина,2022-12-29T21:52:52Z
201178,Сӑрӑ йӗкӗлти кайӑк,und,"","",,Chuvash,Марина Горбунова-Ëлкина,2022-12-29T21:56:58Z
3931,Кӑрӑпчак,und,"","",,Chuvash,Марина Горбунова-Ëлкина,2022-12-29T21:57:22Z
13071,Кӑвак пӗсехе,und,"","",,Chuvash,Марина Горбунова-Ëлкина,2022-12-29T21:57:45Z
3947,Пысӑк вӑрӑмсӑмса,und,"","",,Chuvash,Марина Горбунова-Ëлкина,2022-12-29T21:58:45Z
3951,Пӗчӗк вӑрӑмсӑмса,und,"","",,Chuvash,Марина Горбунова-Ëлкина,2022-12-29T21:59:11Z
18448,Мӑйпӑран,und,"","",,Chuvash,Марина Горбунова-Ëлкина,2022-12-29T22:00:46Z
204527,Пӗчӗк чӑмӑш,und,"","",,Chuvash,Марина Горбунова-Ëлкина,2022-12-29T22:01:29Z
13858,Кил-ҫурт ҫерҫийӗ,und,"","",,Chuvash,Марина Горбунова-Ëлкина,2022-12-29T22:02:31Z
13851,Уй ҫерҫийӗ,und,"","",,Chuvash,Марина Горбунова-Ëлкина,2022-12-29T22:02:57Z
8010,Ҫӑхан,und,"","",,Chuvash,Марина Горбунова-Ëлкина,2022-12-29T22:03:25Z
144757,Ула курак,und,"","",,Chuvash,Марина Горбунова-Ëлкина,2022-12-29T22:03:41Z
64705,Шуркут,und,"","",,Chuvash,Марина Горбунова-Ëлкина,2022-12-29T22:03:59Z
64705,Хула чӗкеҫӗ,und,"","",,Chuvash,Марина Горбунова-Ëлкина,2022-12-29T22:04:22Z
5033,Шур вӑкӑрӗ,und,"","",,Chuvash,Марина Горбунова-Ëлкина,2022-12-29T22:05:11Z
5033,Пысӑк чӑмӑш,und,"","",,Chuvash,Марина Горбунова-Ëлкина,2022-12-29T22:05:35Z
10069,Ҫурҫӗр пимпи,und,"","",,Chuvash,Марина Горбунова-Ëлкина,2022-12-29T22:06:04Z
3048,Улаппа,und,"","",,Chuvash,Марина Горбунова-Ëлкина,2022-12-29T22:06:20Z
3881,Вӑрӑм ураллӑ шули,und,"","",,Chuvash,Марина Горбунова-Ëлкина,2022-12-29T22:07:52Z
7278,Вӑрӑм хӱреллӗ кӑсӑя,und,"","",,Chuvash,Марина Горбунова-Ëлкина,2022-12-29T22:08:26Z
19910,Вӑрӑм хӱреллӗ тӑмана,und,"","",,Chuvash,Марина Горбунова-Ëлкина,2022-12-29T22:08:57Z
6990,Вӑрман кӑвакалӗ,und,"","",,Chuvash,Марина Горбунова-Ëлкина,2022-12-29T22:09:29Z
19898,Вӑрман тӑмани,und,"","",,Chuvash,Марина Горбунова-Ëлкина,2022-12-29T22:10:20Z
7363,Вӑрман тӑрийӗ,und,"","",,Chuvash,Марина Горбунова-Ëлкина,2022-12-29T22:10:50Z
13711,Вӑрман тихашки,und,"","",,Chuvash,Марина Горбунова-Ëлкина,2022-12-29T22:11:25Z
3885,Вӑрман шули,und,"","",,Chuvash,Марина Горбунова-Ëлкина,2022-12-29T22:11:46Z
6996,Вӑтам крохаль,und,"","",,Chuvash,Марина Горбунова-Ëлкина,2022-12-29T22:12:18Z
3901,Вӑтам пӗкӗ сӑмса,und,"","",,Chuvash,Марина Горбунова-Ëлкина,2022-12-29T22:12:47Z
145363,Вӗлтрентӑрри,und,"","",,Chuvash,Марина Горбунова-Ëлкина,2022-12-29T22:13:12Z
6638,Вӗршӗн,und,"","",,Chuvash,Марина Горбунова-Ëлкина,2022-12-29T22:13:56Z
508920,Вӗтӗ шывавтань,und,"","",,Chuvash,Марина Горбунова-Ëлкина,2022-12-29T22:14:16Z
3919,Вӗтел,und,"","",,Chuvash,Марина Горбунова-Ëлкина,2022-12-29T22:14:35Z
17669,Виҫ пӱрнеллӗ улатакка,und,"","",,Chuvash,Марина Горбунова-Ëлкина,2022-12-29T22:19:55Z
4627,Хӗрлӗ пӗсехеллӗ гагара,und,"","",,Chuvash,Марина Горбунова-Ëлкина,2022-12-29T22:20:41Z
4623,Хура пӗсехеллӗ гагара,und,"","",,Chuvash,Марина Горбунова-Ëлкина,2022-12-29T22:21:19Z
144809,Шурлӑх кӑсӑйи,und,"","",,Chuvash,Марина Горбунова-Ëлкина,2022-12-29T22:21:49Z
8000,Чана,und,"","",,Chuvash,Марина Горбунова-Ëлкина,2022-12-29T22:23:12Z
4801,Хӑйӑр шӑхранӗ,und,"","",,Chuvash,Марина Горбунова-Ëлкина,2022-12-29T22:23:47Z
3911,Пӗчӗк шур таки,und,"","",,Chuvash,Марина Горбунова-Ëлкина,2022-12-29T22:24:08Z
13000,Хура вутхӱре,und,"","",,Chuvash,Марина Горбунова-Ëлкина,2022-12-29T22:24:37Z
2969,Мӑйкӑчлӑ кулюкка,und,"","",,Chuvash,Марина Горбунова-Ëлкина,2022-12-29T22:25:01Z
8029,Хура курак,und,"","",,Chuvash,Марина Горбунова-Ëлкина,2022-12-29T22:25:36Z
339594,Пылчӑк кайӑкӗ,und,"","",,Chuvash,Марина Горбунова-Ëлкина,2022-12-29T22:26:00Z
7009,Йӗтем хурӗ,und,"","",,Chuvash,Марина Горбунова-Ëлкина,2022-12-29T22:26:22Z
7019,Шур ҫамкаллӑ хур,und,"","",,Chuvash,Марина Горбунова-Ëлкина,2022-12-29T22:26:47Z
7018,Сӑрӑ хур,und,"","",,Chuvash,Марина Горбунова-Ëлкина,2022-12-29T22:27:12Z
4672,Кӑвакарчӑн кӑйкӑр,und,"","",,Chuvash,Марина Горбунова-Ëлкина,2022-12-29T22:27:45Z
12735,Пысӑк сӗлхе,und,"","",,Chuvash,Марина Горбунова-Ëлкина,2022-12-29T22:28:16Z
12748,Сырлӑхан,und,"","",,Chuvash,Марина Горбунова-Ëлкина,2022-12-29T22:28:41Z
12716,Хура кайӑк,und,"","",,Chuvash,Марина Горбунова-Ëлкина,2022-12-29T22:29:17Z
77,Хир кӑркки,und,"","",,Chuvash,Марина Горбунова-Ëлкина,2022-12-29T22:29:48Z
9801,Патвар сӑмса,und,"","",,Chuvash,Марина Горбунова-Ëлкина,2022-12-29T22:30:07Z
9212,Йӑлӑм шӗпшӗлӗ,und,"","",,Chuvash,Марина Горбунова-Ëлкина,2022-12-29T22:30:53Z
17943,Шур ҫурӑмлӑ улатакка,und,"","",,Chuvash,Марина Горбунова-Ëлкина,2022-12-29T22:31:31Z
17871,Пысӑк улатакка,und,"","",,Chuvash,Марина Горбунова-Ëлкина,2022-12-29T22:31:56Z
144243,Симӗс улатакка,und,"","",,Chuvash,Марина Горбунова-Ëлкина,2022-12-29T22:32:23Z
792977,Пӗчӗк улатакка,und,"","",,Chuvash,Марина Горбунова-Ëлкина,2022-12-29T22:32:50Z
18301,Кӑвак улатакка,und,"","",,Chuvash,Марина Горбунова-Ëлкина,2022-12-29T22:33:09Z
7347,Уй тӑрийӗ,und,"","",,Chuvash,Марина Горбунова-Ëлкина,2022-12-29T22:33:49Z
7294,Шӑрӑмкуҫ,und,"","",,Chuvash,Марина Горбунова-Ëлкина,2022-12-29T22:34:20Z
7294,Мӑйракаллӑ тӑри,und,"","",,Chuvash,Марина Горбунова-Ëлкина,2022-12-29T22:34:33Z
578607,Тӗпеклӗ тӑри,und,"","",,Chuvash,Марина Горбунова-Ëлкина,2022-12-29T22:34:58Z
17835,Тӑхран,und,"","",,Chuvash,Марина Горбунова-Ëлкина,2022-12-29T22:35:18Z
41,Сӑрӑ тӑрна,und,"","",,Chuvash,Марина Горбунова-Ëлкина,2022-12-29T22:35:58Z
13988,Чӑрӑш кайӑкӗ,und,"","",,Chuvash,Марина Горбунова-Ëлкина,2022-12-29T22:36:51Z
13094,Чепчен,und,"","",,Chuvash,Марина Горбунова-Ëлкина,2022-12-29T22:37:07Z
145360,Симӗс кайӑк,und,"","",,Chuvash,Марина Горбунова-Ëлкина,2022-12-29T22:37:37Z
5200,Тӗк ураллӑ шаланкӑ,und,"","",,Chuvash,Марина Горбунова-Ëлкина,2022-12-29T22:38:04Z
2599,Пулӑҫ кайӑк,und,"","",,Chuvash,Марина Горбунова-Ëлкина,2022-12-29T22:38:30Z
5242,Ҫӗлен хурчки,und,"","",,Chuvash,Марина Горбунова-Ëлкина,2022-12-29T22:38:53Z
4811,Юханшыв шӑхранӗ,und,"","",,Chuvash,Марина Горбунова-Ëлкина,2022-12-29T22:39:21Z
204556,Саркайӑк,und,"","",,Chuvash,Марина Горбунова-Ëлкина,2022-12-29T22:39:39Z
1289488,Йӑрӑмлӑ чечен кайӑк,und,"","",,Chuvash,Марина Горбунова-Ëлкина,2022-12-29T22:40:20Z
7101,Шур питлӗ хур,und,"","",,Chuvash,Марина Горбунова-Ëлкина,2022-12-29T22:40:58Z
7101,Шур питлӗ тинӗс хурӗ,und,"","",,Chuvash,Марина Горбунова-Ëлкина,2022-12-29T22:41:28Z
7102,Хӗрлӗ пӗсехеллӗ хур,und,"","",,Chuvash,Марина Горбунова-Ëлкина,2022-12-29T22:42:13Z
7102,Хӗрлӗ пӗсехеллӗ тинӗс хурӗ,und,"","",,Chuvash,Марина Горбунова-Ëлкина,2022-12-29T22:42:34Z
7087,Хура хур,und,"","",,Chuvash,Марина Горбунова-Ëлкина,2022-12-29T22:43:47Z
7087,Хура тинӗс хурӗ,und,"","",,Chuvash,Марина Горбунова-Ëлкина,2022-12-29T22:44:13Z
12822,Кашкачапчам,und,"","",,Chuvash,Марина Горбунова-Ëлкина,2022-12-29T22:44:28Z
12822,Ахаль чул кайӑкӗ,und,"","",,Chuvash,Марина Горбунова-Ëлкина,2022-12-29T22:44:48Z
3938,Чулсирен,und,"","",,Chuvash,Марина Горбунова-Ëлкина,2022-12-29T22:45:09Z
116802,Шурлӑх хӑмӑш кайӑкӗ,und,"","",,Chuvash,Марина Горбунова-Ëлкина,2022-12-29T22:45:34Z
204456,Пысӑк хӑмӑш кайӑкӗ,und,"","",,Chuvash,Марина Горбунова-Ëлкина,2022-12-29T22:46:09Z
116797,Сад хӑмӑш кайӑкӗ,und,"","",,Chuvash,Марина Горбунова-Ëлкина,2022-12-29T22:48:47Z
201282,Симӗс ураллӑ шывавтань,und,"","",,Chuvash,Марина Горбунова-Ëлкина,2022-12-29T22:49:08Z
204552,Рункӑш,und,"","",,Chuvash,Марина Горбунова-Ëлкина,2022-12-29T22:49:39Z
10423,Шур ҫунатлӑ кукӑрсӑмса,und,"","",,Chuvash,Марина Горбунова-Ëлкина,2022-12-29T22:50:48Z
10411,Чӑрӑш кукӑрсӑмси,und,"","",,Chuvash,Марина Горбунова-Ëлкина,2022-12-29T22:51:25Z
10420,Хыр кукӑрсӑмси,und,"","",,Chuvash,Марина Горбунова-Ëлкина,2022-12-29T22:51:47Z
3033,Ӱлтӗк,und,"","",,Chuvash,Марина Горбунова-Ëлкина,2022-12-29T22:52:32Z
4381,Тӗксӗм чарлӑк,und,"","",,Chuvash,Марина Горбунова-Ëлкина,2022-12-29T22:53:00Z
144851,Шурӑ кӑсӑя,und,"","",,Chuvash,Марина Горбунова-Ëлкина,2022-12-29T22:53:23Z
4641,Хӗрхи,und,"","",,Chuvash,Марина Горбунова-Ëлкина,2022-12-29T22:53:48Z
19410,Тур качаки,und,"","",,Chuvash,Марина Горбунова-Ëлкина,2022-12-29T22:54:03Z
13721,Хӗрлӗ пӗсехеллӗ тихашка,und,"","",,Chuvash,Марина Горбунова-Ëлкина,2022-12-29T22:54:30Z
13729,Улӑх тихашки,und,"","",,Chuvash,Марина Горбунова-Ëлкина,2022-12-29T22:55:06Z
558634,Кӑнтӑр кайӑкӗ,und,"","",,Chuvash,Марина Горбунова-Ëлкина,2022-12-29T22:55:28Z
793469,Ылтӑн тӗпек,und,"","",,Chuvash,Марина Горбунова-Ëлкина,2022-12-29T22:55:54Z
443,Карӑш,und,"","",,Chuvash,Марина Горбунова-Ëлкина,2022-12-29T22:56:16Z
3863,Кукӑр сӑмсаллӑ ҫыран кайӑкӗ,und,"","",,Chuvash,Марина Горбунова-Ëлкина,2022-12-29T22:57:30Z
4514,Шур ҫунатлӑ шывчӗкеҫ,und,"","",,Chuvash,Марина Горбунова-Ëлкина,2022-12-29T22:58:01Z
62148,Шур питлӗ шывчӗкеҫ,und,"","",,Chuvash,Марина Горбунова-Ëлкина,2022-12-29T22:58:23Z
144529,Пӗчӗк шывчӗкеҫ,und,"","",,Chuvash,Марина Горбунова-Ëлкина,2022-12-29T22:58:48Z
4512,Хура шывчӗкеҫ,und,"","",,Chuvash,Марина Горбунова-Ëлкина,2022-12-29T22:59:41Z
4657,Ҫурҫӗр кӑйкӑрӗ,und,"","",,Chuvash,Марина Горбунова-Ëлкина,2022-12-29T23:00:27Z
3896,Пысӑк пӗкӗ сӑмса,und,"","",,Chuvash,Марина Горбунова-Ëлкина,2022-12-29T23:00:56Z
7004,Пысӑк крохаль,und,"","",,Chuvash,Марина Горбунова-Ëлкина,2022-12-29T23:01:15Z
6930,Чӑн кӑвакал,und,"","",,Chuvash,Марина Горбунова-Ëлкина,2022-12-29T23:02:11Z
1927,Тухӑҫ куккукӗ,und,"","",,Chuvash,Марина Горбунова-Ëлкина,2022-12-29T23:03:06Z
8334,Шӗшпӗл,und,"","",,Chuvash,Марина Горбунова-Ëлкина,2022-12-29T23:03:39Z
3838,Пӗчӗк ҫыран кайӑкӗ,und,"","",,Chuvash,Марина Горбунова-Ëлкина,2022-12-29T23:04:24Z
4843,Пӑра сӑмса,und,"","",,Chuvash,Марина Горбунова-Ëлкина,2022-12-29T23:04:57Z
831,Хир чӑххи,und,"","",,Chuvash,Марина Горбунова-Ëлкина,2022-12-29T23:06:24Z
144849,Кӑвак кӑсӑя,und,"","",,Chuvash,Марина Горбунова-Ëлкина,2022-12-29T23:06:48Z
2266,Кӑвак курак,und,"","",,Chuvash,Марина Горбунова-Ëлкина,2022-12-29T23:07:13Z
559064,Кӑвак хӑлат,und,"","",,Chuvash,Марина Горбунова-Ëлкина,2022-12-29T23:08:00Z
4356,Кӑвак чарлӑк,und,"","",,Chuvash,Марина Горбунова-Ëлкина,2022-12-29T23:08:23Z
6916,Кӑнтӑр акӑшӗ,und,"","",,Chuvash,Марина Горбунова-Ëлкина,2022-12-29T23:08:48Z
4333,Кӑтра пырхуран,und,"","",,Chuvash,Марина Горбунова-Ëлкина,2022-12-29T23:09:08Z
204533,Кӗмӗл чарлӑк,und,"","",,Chuvash,Марина Горбунова-Ëлкина,2022-12-29T23:09:29Z
558438,Кӗреҫе сӑмса,und,"","",,Chuvash,Марина Горбунова-Ëлкина,2022-12-29T23:10:08Z
524795,Кайӑк чӑхӑ,und,"","",,Chuvash,Марина Горбунова-Ëлкина,2022-12-29T23:10:33Z
505478,Чӑн чӑхӑ,und,"","",,Chuvash,Марина Горбунова-Ëлкина,2022-12-29T23:11:07Z
19998,Кил-ҫурт тӑмани,und,"","",,Chuvash,Марина Горбунова-Ëлкина,2022-12-29T23:11:48Z
482,Кукша кӑвакал,und,"","",,Chuvash,Марина Горбунова-Ëлкина,2022-12-29T23:12:05Z
5366,Кулай,und,"","",,Chuvash,Марина Горбунова-Ëлкина,2022-12-29T23:12:22Z
11901,Ял чӗкеҫӗ,und,"","",,Chuvash,Марина Горбунова-Ëлкина,2022-12-29T23:12:55Z
6921,Ҫурҫӗр акӑшӗ,und,"","",,Chuvash,Марина Горбунова-Ëлкина,2022-12-29T23:13:33Z
5173,Шурлӑх хӑлачӗ,und,"","",,Chuvash,Марина Горбунова-Ëлкина,2022-12-29T23:14:02Z
5167,Пӑнчӑллӑ хӑлат,und,"","",,Chuvash,Марина Горбунова-Ëлкина,2022-12-29T23:14:31Z
5178,Ҫеҫенхир хӑлачӗ,und,"","",,Chuvash,Марина Горбунова-Ëлкина,2022-12-29T23:15:28Z
7192,Пӗчӗк крохаль,und,"","",,Chuvash,Марина Горбунова-Ëлкина,2022-12-29T23:16:02Z
116840,Лапланди шӗпшӗлӗ,und,"","",,Chuvash,Марина Горбунова-Ëлкина,2022-12-29T23:16:28Z
5071,Патша ӑмӑрткайӑкӗ,und,"","",,Chuvash,Марина Горбунова-Ëлкина,2022-12-29T23:16:51Z
3969,Пӗчӗк шули,und,"","",,Chuvash,Марина Горбунова-Ëлкина,2022-12-29T23:17:08Z
7170,Пӑр кӑвакалӗ,und,"","",,Chuvash,Марина Горбунова-Ëлкина,2022-12-29T23:17:30Z
144823,Хура кӑсӑя,und,"","",,Chuvash,Марина Горбунова-Ëлкина,2022-12-29T23:17:48Z
13113,Пӗчӗк шӑнатытан,und,"","",,Chuvash,Марина Горбунова-Ëлкина,2022-12-29T23:18:12Z
12971,Сӑрӑ шӑнатытан,und,"","",,Chuvash,Марина Горбунова-Ëлкина,2022-12-29T23:18:34Z
13133,Мӑйкӑчлӑ шӑнатытан,und,"","",,Chuvash,Марина Горбунова-Ëлкина,2022-12-29T23:19:13Z
204512,Чӑпар шӑнатытан,und,"","",,Chuvash,Марина Горбунова-Ëлкина,2022-12-29T23:19:59Z
19890,Сухаллӑ тӑмана,und,"","",,Chuvash,Марина Горбунова-Ëлкина,2022-12-29T23:20:47Z
7055,Пӗчӗк улача,und,"","",,Chuvash,Марина Горбунова-Ëлкина,2022-12-29T23:21:29Z
7045,Хӗрлӗ пуҫлӑ улача,und,"","",,Chuvash,Марина Горбунова-Ëлкина,2022-12-29T23:32:46Z
7122,Хӗрлӗ сӑмсаллӑ улача,und,"","",,Chuvash,Марина Горбунова-Ëлкина,2022-12-29T23:33:11Z
9201,Хӑмӑш шӗпшӗлӗ,und,"","",,Chuvash,Марина Горбунова-Ëлкина,2022-12-29T23:33:40Z
9196,Сад шӗпшӗлӗ,und,"","",,Chuvash,Марина Горбунова-Ëлкина,2022-12-29T23:34:03Z
7068,Хӗрлӗ кӑвакал,und,"","",,Chuvash,Марина Горбунова-Ëлкина,2022-12-29T23:34:27Z
5083,Ҫеҫенхир ӑмӑрткайӑкӗ,und,"","",,Chuvash,Марина Горбунова-Ëлкина,2022-12-29T23:35:10Z
5154,Пӗчӗк ӑмӑрткайӑк,und,"","",,Chuvash,Марина Горбунова-Ëлкина,2022-12-29T23:35:46Z
5309,Шур хӱреллӗ мӑнкайӑк,und,"","",,Chuvash,Марина Горбунова-Ëлкина,2022-12-29T23:36:19Z
5325,Сӑпса хурчи,und,"","",,Chuvash,Марина Горбунова-Ëлкина,2022-12-29T23:36:36Z
1204,Турткӑш,und,"","",,Chuvash,Марина Горбунова-Ëлкина,2022-12-29T23:38:04Z
7067,Ҫӗр кӑвакалӗ,und,"","",,Chuvash,Марина Горбунова-Ëлкина,2022-12-29T23:38:39Z
117054,Симӗс чие кайӑкӗ,und,"","",,Chuvash,Марина Горбунова-Ëлкина,2022-12-30T01:59:10Z
117048,Сарӑ куҫхаршиллӗ чие кайӑкӗ,und,"","",,Chuvash,Марина Горбунова-Ëлкина,2022-12-30T02:00:26Z
116918,Симӗс йӗкӗлти кайӑк,und,"","",,Chuvash,Марина Горбунова-Ëлкина,2022-12-30T02:01:24Z
3837,Шур хуреллӗ ҫыран кайӑкӗ,und,"","",,Chuvash,Марина Горбунова-Ëлкина,2022-12-30T02:01:58Z
3849,Хӑйӑр кайӑкӗ,und,"","",,Chuvash,Марина Горбунова-Ëлкина,2022-12-30T02:02:25Z
7013,Пӗчӗк хур,und,"","",,Chuvash,Марина Горбунова-Ëлкина,2022-12-30T02:02:49Z
7450,Шӑван кайӑк,und,"","",,Chuvash,Марина Горбунова-Ëлкина,2022-12-30T02:04:45Z
3959,Шур хырӑмлӑ шывҫи кайӑк,und,"","",,Chuvash,Марина Горбунова-Ëлкина,2022-12-30T02:05:19Z
4208,Тӗпеклӗ чӑмкӑҫ,und,"","",,Chuvash,Марина Горбунова-Ëлкина,2022-12-30T02:05:53Z
4209,Хӑлхаллӑ чӑмкӑҫ,und,"","",,Chuvash,Марина Горбунова-Ëлкина,2022-12-30T02:06:27Z
4237,Пӗчӗк чӑмкӑҫ,und,"","",,Chuvash,Марина Горбунова-Ëлкина,2022-12-30T02:07:15Z
4224,Сӑрӑ питлӗ чӑмкӑҫ,und,"","",,Chuvash,Марина Горбунова-Ëлкина,2022-12-30T02:10:06Z
4205,Хура мӑйлӑ чӑмкӑҫ,und,"","",,Chuvash,Марина Горбунова-Ëлкина,2022-12-30T02:10:46Z
178,Пӑнчӑллӑ шывавтань,und,"","",,Chuvash,Марина Горбунова-Ëлкина,2022-12-30T02:11:07Z
508919,Пӗчӗк шывавтань,und,"","",,Chuvash,Марина Горбунова-Ëлкина,2022-12-30T02:11:32Z
201035,Пӑнчӑллӑ ӑмӑрткайӑк,und,"","",,Chuvash,Марина Горбунова-Ëлкина,2022-12-30T02:11:59Z
145291,Сӑрӑ шӗпшӗл,und,"","",,Chuvash,Марина Горбунова-Ëлкина,2022-12-30T02:14:04Z
117059,Юр шӗпшӗлӗ,und,"","",,Chuvash,Марина Горбунова-Ëлкина,2022-12-30T02:14:24Z
59845,Шур чӗрнеллӗ якӑлпай,und,"","",,Chuvash,Марина Горбунова-Ëлкина,2022-12-30T02:14:52Z
144812,Хура пуҫлӑ кӑсӑя,und,"","",,Chuvash,Марина Горбунова-Ëлкина,2022-12-30T02:15:31Z
20244,Пӗчӗк тӑмана,und,"","",,Chuvash,Марина Горбунова-Ëлкина,2022-12-30T02:16:36Z
5126,Пӗчӗк хурчка,und,"","",,Chuvash,Марина Горбунова-Ëлкина,2022-12-30T02:16:56Z
144512,Пӗчӗк чарлӑк,und,"","",,Chuvash,Марина Горбунова-Ëлкина,2022-12-30T02:17:22Z
1289484,Пӗчӗк чечен кайӑк,und,"","",,Chuvash,Марина Горбунова-Ëлкина,2022-12-30T02:17:45Z
12054,Пӗчӗк шӑлан кайӑк,und,"","",,Chuvash,Марина Горбунова-Ëлкина,2022-12-30T02:18:11Z
12707,Пилеш кайӑкӗ,und,"","",,Chuvash,Марина Горбунова-Ëлкина,2022-12-30T02:18:47Z
144521,Пулӑ йытти,und,"","",,Chuvash,Марина Горбунова-Ëлкина,2022-12-30T02:19:03Z
203153,Пысӑк кӑсӑя,und,"","",,Chuvash,Марина Горбунова-Ëлкина,2022-12-30T02:19:36Z
559070,Пысӑк шӑлан кайӑк,und,"","",,Chuvash,Марина Горбунова-Ëлкина,2022-12-30T02:20:15Z
13676,Сӑпкаҫӑ,und,"","",,Chuvash,Марина Горбунова-Ëлкина,2022-12-30T02:20:50Z
4889,Ылтӑн шӑхран,und,"","",,Chuvash,Марина Горбунова-Ëлкина,2022-12-30T02:21:44Z
4647,Чӑн кӑйкӑр,und,"","",,Chuvash,Марина Горбунова-Ëлкина,2022-12-30T02:22:08Z
116941,Уй шӑрчӑк кайӑкӗ,und,"","",,Chuvash,Марина Горбунова-Ëлкина,2022-12-30T02:22:55Z
116938,Юханшыв шӑрчӑк кайӑкӗ,und,"","",,Chuvash,Марина Горбунова-Ëлкина,2022-12-30T02:23:22Z
116940,Хӑмӑш шӑрчӑк кайӑкӗ,und,"","",,Chuvash,Марина Горбунова-Ëлкина,2022-12-30T02:24:00Z
558441,Ҫут ҫамкаллӑ кӑвакал,und,"","",,Chuvash,Марина Горбунова-Ëлкина,2022-12-30T02:24:32Z
144830,Тӗпеклӗ кӑсӑя,und,"","",,Chuvash,Марина Горбунова-Ëлкина,2022-12-30T02:25:04Z
144221,Хура кӑвакал,und,"","",,Chuvash,Марина Горбунова-Ëлкина,2022-12-30T02:25:21Z
14850,Шӑнкӑрч,und,"","",,Chuvash,Марина Горбунова-Ëлкина,2022-12-30T02:26:13Z
14850,Шӑнкӑрчӑ,und,"","",,Chuvash,Марина Горбунова-Ëлкина,2022-12-30T02:26:22Z
116999,Шурӑ хурчка,und,"","",,Chuvash,Марина Горбунова-Ëлкина,2022-12-30T02:26:46Z
116999,Пулӑ хурчки,und,"","",,Chuvash,Марина Горбунова-Ëлкина,2022-12-30T02:26:55Z
15302,Сад чечен кайӑкӗ,und,"","",,Chuvash,Марина Горбунова-Ëлкина,2022-12-30T02:27:27Z
15282,Хура пуҫлӑ чечен кайӑк,und,"","",,Chuvash,Марина Горбунова-Ëлкина,2022-12-30T02:28:01Z
9462,Уйӑп,und,"","",,Chuvash,Марина Горбунова-Ëлкина,2022-12-30T02:31:23Z
144594,Шурӑ тӑмана,und,"","",,Chuvash,Марина Горбунова-Ëлкина,2022-12-30T02:31:56Z
144594,Ҫурҫӗр тӑмани,und,"","",,Chuvash,Марина Горбунова-Ëлкина,2022-12-30T02:32:35Z
20315,Шурлӑх тӑмани,und,"","",,Chuvash,Марина Горбунова-Ëлкина,2022-12-30T02:32:55Z
20307,Хӑлхаллӑ тӑмана,und,"","",,Chuvash,Марина Горбунова-Ëлкина,2022-12-30T02:33:16Z
20372,Хурчка тӑмани,und,"","",,Chuvash,Марина Горбунова-Ëлкина,2022-12-30T02:33:35Z
891696,Чакак,und,"","",,Chuvash,Марина Горбунова-Ëлкина,2022-12-30T02:33:58Z
20359,Тӗк ураллӑ тӑмана,und,"","",,Chuvash,Марина Горбунова-Ëлкина,2022-12-30T02:34:32Z
19848,Ҫерҫи тӑмана,und,"","",,Chuvash,Марина Горбунова-Ëлкина,2022-12-30T02:35:16Z
2191,Сӑпсаҫиен,und,"","",,Chuvash,Марина Горбунова-Ëлкина,2022-12-30T02:35:58Z
558439,Сӑрӑ кӑвакал,und,"","",,Chuvash,Марина Горбунова-Ëлкина,2022-12-30T02:36:19Z
4954,Сӑрӑ чарлан,und,"","",,Chuvash,Марина Горбунова-Ëлкина,2022-12-30T02:36:42Z
425967,Сар ҫамкаллӑ пӑрчӑкан,und,"","",,Chuvash,Марина Горбунова-Ëлкина,2022-12-30T02:37:49Z
13687,Сар пуҫлӑ пӑрчӑкан,und,"","",,Chuvash,Марина Горбунова-Ëлкина,2022-12-30T02:38:16Z
204545,Сарӑ пӑрчӑкан,und,"","",,Chuvash,Марина Горбунова-Ëлкина,2022-12-30T02:38:53Z
6937,Симӗс йӗрлӗ шӑркалчӑ,und,"","",,Chuvash,Марина Горбунова-Ëлкина,2022-12-30T02:39:32Z
3878,Симӗс ура,und,"","",,Chuvash,Марина Горбунова-Ëлкина,2022-12-30T02:39:53Z
145303,Ҫирӗктӑрри,und,"","",,Chuvash,Марина Горбунова-Ëлкина,2022-12-30T02:40:32Z
3888,Ҫут пӑнчӑллӑ шули,und,"","",,Chuvash,Марина Горбунова-Ëлкина,2022-12-30T02:41:37Z
4892,Ҫутӑ пуҫлӑ шӑхран,und,"","",,Chuvash,Марина Горбунова-Ëлкина,2022-12-30T03:19:12Z
3879,Хӗрлӗ ура,und,"","",,Chuvash,Марина Горбунова-Ëлкина,2022-12-30T03:19:35Z
13695,Шурӑ пӑрчӑкан,und,"","",,Chuvash,Марина Горбунова-Ëлкина,2022-12-30T03:20:05Z
850858,Тӗксӗм кӑвакал,und,"","",,Chuvash,Марина Горбунова-Ëлкина,2022-12-30T03:20:42Z
339593,Тӑрӑхтан,und,"","",,Chuvash,Марина Горбунова-Ëлкина,2022-12-30T03:22:58Z
7046,Тӗпеклӗ улача,und,"","",,Chuvash,Марина Горбунова-Ëлкина,2022-12-30T03:23:32Z
4857,Текерлӗк,und,"","",,Chuvash,Марина Горбунова-Ëлкина,2022-12-30T03:24:12Z
7047,Тинӗс улачи,und,"","",,Chuvash,Марина Горбунова-Ëлкина,2022-12-30T03:24:37Z
20969,Хыркук,und,"","",,Chuvash,Марина Горбунова-Ëлкина,2022-12-30T03:25:04Z
12908,Улӑх кайӑкӗ,und,"","",,Chuvash,Марина Горбунова-Ëлкина,2022-12-30T03:25:58Z
9771,Уртӑш кайӑкӗ,und,"","",,Chuvash,Марина Горбунова-Ëлкина,2022-12-30T03:26:37Z
20059,Ӱхӗ,und,"","",,Chuvash,Марина Горбунова-Ëлкина,2022-12-30T03:27:08Z
20059,Кушак пуҫлӑ тӑмана,und,"","",,Chuvash,Марина Горбунова-Ëлкина,2022-12-30T03:27:23Z
981,Фазан,und,"","",,Chuvash,Марина Горбунова-Ëлкина,2022-12-30T03:27:46Z
6933,Хӗлӗх хӱре,und,"","",,Chuvash,Марина Горбунова-Ëлкина,2022-12-30T03:28:52Z
145300,Хурӑнтӑрри,und,"","",,Chuvash,Марина Горбунова-Ëлкина,2022-12-30T03:29:23Z
3857,Хура пӗсехеллӗ ҫыран кайӑкӗ,und,"","",,Chuvash,Марина Горбунова-Ëлкина,2022-12-30T03:29:55Z
201193,Хура пуҫлӑ улӑх кайӑкӗ,und,"","",,Chuvash,Марина Горбунова-Ëлкина,2022-12-30T03:32:01Z
3882,Хура шули,und,"","",,Chuvash,Марина Горбунова-Ëлкина,2022-12-30T03:32:25Z
4643,Чӗкеҫ кӑйкӑрӗ,und,"","",,Chuvash,Марина Горбунова-Ëлкина,2022-12-30T03:33:02Z
9639,Ясмӑк кайӑк,und,"","",,Chuvash,Марина Горбунова-Ëлкина,2022-12-30T03:35:28Z
558429,Шурӑ йӗрлӗ шӑркалчӑ,und,"","",,Chuvash,Марина Горбунова-Ëлкина,2022-12-30T03:37:18Z
9398,Шӑкӑлчи,und,"","",,Chuvash,Марина Горбунова-Ëлкина,2022-12-30T03:38:13Z
558429,шатӑрти шӑркалчӑ,und,"","",,Chuvash,Марина Горбунова-Ëлкина,2022-12-30T03:49:07Z
558429,Шур йӗрлӗ шӑркалчӑ,und,"","",,Chuvash,Марина Горбунова-Ëлкина,2022-12-30T03:49:13Z
42048,Кашкӑр,und,"","",,Chuvash,Марина Горбунова-Ëлкина,2023-03-10T18:35:15Z
42048,Сӑрӑ кашкӑр,und,"","",,Chuvash,Марина Горбунова-Ëлкина,2023-03-10T18:35:46Z
42048,Ахаль кашкӑр,und,"","",,Chuvash,Марина Горбунова-Ëлкина,2023-03-10T18:36:02Z
47793,Хăлхапăрансем,und,"","",,Chuvash,Boris Eliseev,2023-05-05T11:28:46Z
4788,Сӑрӑ шӑхран,und,"","",https://www.inaturalist.org/taxon_names/3194903/edit,Chuvash,Victor HOYEAU,2023-10-29T13:13:49Z
