id,vernacularName,language,locality,countryCode,source,lexicon,contributor,created
492089,Жұмыршөп,kk,"","",,Kazakh,John E. Christensen,2017-11-29T07:59:42Z
40268,Қолқанаттылар,kk,"","",,Kazakh,John E. Christensen,2018-01-24T16:25:56Z
311249,Мүктәрізділер,kk,"","",,Kazakh,John E. Christensen,2018-02-03T08:12:33Z
120156,Үй шыбыны,kk,"","",,Kazakh,John E. Christensen,2018-02-05T17:38:02Z
56222,Өгейшөп,kk,"","",,Kazakh,John E. Christensen,2018-04-10T16:28:45Z
47603,Бақбақ,kk,"","",,Kazakh,John E. Christensen,2018-04-30T15:05:38Z
61396,Кәдімгі жұпаргүл,kk,"","",,Kazakh,John E. Christensen,2018-05-14T08:14:51Z
55737,Сиырсілекей,kk,"","",,Kazakh,John E. Christensen,2018-05-15T09:29:30Z
53350,Атбасталшын,kk,"","",,Kazakh,John E. Christensen,2018-07-06T13:55:55Z
121943,Қырыққұлақтәрізділер,kk,"","",,Kazakh,John E. Christensen,2018-08-12T07:11:18Z
51304,Жыңғыл,kk,"","",,Kazakh,John E. Christensen,2018-09-23T12:41:46Z
57278,Айлант,kk,"","",,Kazakh,John E. Christensen,2018-10-31T08:27:23Z
122970,Жер алмұрты,kk,"","",,Kazakh,John E. Christensen,2018-11-04T13:19:16Z
8034,Шөл құзғыны,kk,"","",,Kazakh,John E. Christensen,2019-01-06T08:58:15Z
4950,Құтандардың негізгі туысы,kk,"","",,Kazakh,John E. Christensen,2019-01-13T08:44:33Z
45933,Тиінтәрізділер,kk,"","",,Kazakh,John E. Christensen,2019-01-14T09:19:49Z
48241,Қандық,kk,"","",,Kazakh,ruslan,2019-01-24T03:19:45Z
52913,Кәдімгі шашырақты,kk,"","",,Kazakh,ruslan,2019-01-24T03:23:52Z
47780,Құртқашаш,kk,"","",,Kazakh,ruslan,2019-01-24T03:26:07Z
59554,Мысықоты,kk,"","",,Kazakh,ruslan,2019-01-24T03:28:20Z
59554,Күнгелді,kk,"","",,Kazakh,ruslan,2019-01-24T03:28:47Z
52797,Arpa Арпа,kk,"","",,Kazakh,ruslan,2019-01-24T03:31:10Z
159827,Сары қараған,kk,"","",,Kazakh,ruslan,2019-01-24T03:34:30Z
139450,Қараған,kk,"","",,Kazakh,ruslan,2019-01-24T03:35:11Z
47170,Саңырауқұлақтар мен қыналар,kk,"","",,Kazakh,ruslan,2019-01-24T03:52:07Z
79181,Сортандық айбатмия,kk,"","",,Kazakh,ruslan,2019-01-24T05:15:36Z
55800,Қызғалдақ,kk,"","",,Kazakh,ruslan,2019-01-24T05:28:35Z
146995,Жүзгін,kk,"","",,Kazakh,ruslan,2019-01-24T05:33:01Z
359511,Қаратау жуасы,kk,"","",,Kazakh,ruslan,2019-01-24T05:43:46Z
470430,Маралқұрай,kk,"","",,Kazakh,ruslan,2019-01-24T05:52:36Z
53779,Құлмақ,kk,"","",,Kazakh,ruslan,2019-01-24T05:57:02Z
410856,Жаушымылдық,kk,"","",,Kazakh,ruslan,2019-01-24T05:58:44Z
72151,Мақта,kk,"","",,Kazakh,ruslan,2019-01-24T06:00:06Z
141357,Шырыш,kk,"","",,Kazakh,ruslan,2019-01-24T06:23:04Z
53881,Қылша,kk,"","",,Kazakh,ruslan,2019-01-24T06:29:08Z
135804,Жатаған шырша,kk,"","",,Kazakh,ruslan,2019-01-24T06:31:22Z
366815,Маньчжур жаңғағы,kk,"","",,Kazakh,ruslan,2019-01-26T11:30:01Z
42241,Қуысмүйізділер,kk,"","",,Kazakh,John E. Christensen,2019-01-30T16:18:43Z
56015,Қызыл жыңғыл,kk,"","",,Kazakh,ruslan,2019-02-01T13:14:22Z
45867,Орман қарақасы,kk,"","",,Kazakh,ruslan,2019-02-05T07:46:11Z
58369,Арпаған,kk,"","",,Kazakh,ruslan,2019-02-11T14:17:38Z
58369,Тарақбоз,kk,"","",,Kazakh,ruslan,2019-02-11T14:17:53Z
52720,Kәдімгі тарғақшөп,kk,"","",,Kazakh,ruslan,2019-02-11T14:21:51Z
164678,Айғыр қияқ,kk,"","",,Kazakh,ruslan,2019-02-11T14:24:32Z
164678,Құмқияқ,kk,"","",,Kazakh,ruslan,2019-02-11T14:24:56Z
164678,Еркек қияқ,kk,"","",,Kazakh,ruslan,2019-02-11T14:25:46Z
58382,Жуашықты қоңырбас,kk,"","",,Kazakh,ruslan,2019-02-11T14:27:14Z
558596,Ұқсассуықторғай,kk,"","",,Kazakh,ruslan,2019-03-04T05:32:17Z
143793,Мойыл,kk,"","",,Kazakh,ruslan,2019-03-04T05:44:24Z
58722,Кәдімгі қарағай,kk,"","",,Kazakh,ruslan,2019-03-04T08:37:21Z
46035,Зорман,kk,"","",,Kazakh,ruslan,2019-03-08T19:04:32Z
568727,Қарақұйрық,kk,"","",,Kazakh,ruslan,2019-03-08T19:05:59Z
72342,Шұбаршөп,kk,"","",,Kazakh,ruslan,2019-03-12T15:51:25Z
135495,Қырықбуынды қылша,kk,"","",,Kazakh,ruslan,2019-03-18T05:43:47Z
135495,Тау қылша,kk,"","",,Kazakh,ruslan,2019-03-18T05:44:25Z
55818,Айдаршөп,kk,"","",,Kazakh,ruslan,2019-03-21T04:27:11Z
47561,Қарағай,kk,"","",,Kazakh,ruslan,2019-04-07T09:21:09Z
83992,Қотыр қайың,kk,"","",,Kazakh,ruslan,2019-04-07T09:23:26Z
83992,Сүйелді қайың,kk,"","",,Kazakh,ruslan,2019-04-07T09:23:55Z
49156,Қайың,kk,"","",,Kazakh,ruslan,2019-04-07T09:24:54Z
45994,Тиін,kk,"","",,Kazakh,ruslan,2019-04-07T09:26:42Z
47602,Дәрілік бақбағы,kk,"","",,Kazakh,ruslan,2019-04-07T09:29:10Z
49869,Қалтагүл,kk,"","",,Kazakh,ruslan,2019-04-07T09:31:35Z
133387,Көкбұта тұқымдасы,kk,"","",,Kazakh,John E. Christensen,2019-04-07T11:52:34Z
158030,Көктем жанаргүл,kk,"","",,Kazakh,ruslan,2019-04-07T15:39:39Z
54004,Жанаргүл,kk,"","",,Kazakh,ruslan,2019-04-07T15:40:18Z
48582,Шетен,kk,"","",,Kazakh,ruslan,2019-04-07T15:41:54Z
52914,Шашыратқы,kk,"","",,Kazakh,ruslan,2019-04-07T15:44:18Z
332682,Сібір қандығы,kk,"","",,Kazakh,ruslan,2019-04-07T15:46:20Z
48241,Иттіс,kk,"","",,Kazakh,ruslan,2019-04-07T15:47:48Z
52821,Кәдімгі мыңжапырақ,kk,"","",,Kazakh,ruslan,2019-04-07T15:50:15Z
52818,Мыңжапырақ,kk,"","",,Kazakh,ruslan,2019-04-07T15:51:11Z
436159,Ірі гүлді шолпанкебіс,kk,"","",,Kazakh,ruslan,2019-04-07T15:52:48Z
47589,Шолпанкебіс,kk,"","",,Kazakh,ruslan,2019-04-07T15:53:30Z
54638,Кәдімгі шолпанкебіс,kk,"","",,Kazakh,ruslan,2019-04-07T15:54:24Z
161505,Секпіл шолпанкебіс,kk,"","",,Kazakh,ruslan,2019-04-07T15:55:44Z
48983,Саусақтамыр,kk,"","",,Kazakh,ruslan,2019-04-07T15:59:19Z
48983,Бармақтамыр,kk,"","",,Kazakh,ruslan,2019-04-07T15:59:49Z
56233,Батпақ жылантамыры,kk,"","",,Kazakh,ruslan,2019-04-07T18:17:59Z
56312,Қызылжидек,kk,"","",,Kazakh,ruslan,2019-04-19T12:40:55Z
56312,Итбүлдірген,kk,"","",,Kazakh,ruslan,2019-04-19T12:41:26Z
55460,Тауқалақай,kk,"","",,Kazakh,ruslan,2019-04-20T05:03:39Z
50644,Сәлбен,kk,"","",,Kazakh,ruslan,2019-04-20T05:06:11Z
55876,Ақ тауқалақай,kk,"","",,Kazakh,ruslan,2019-04-20T05:10:37Z
56172,Сасықшөп,kk,"","",,Kazakh,ruslan,2019-04-20T05:14:01Z
135337,Әрем,kk,"","",,Kazakh,ruslan,2019-04-20T05:16:22Z
54570,Жалбыз,kk,"","",,Kazakh,ruslan,2019-04-20T05:31:15Z
81754,Жебір,kk,"","",,Kazakh,ruslan,2019-04-20T05:32:29Z
81754,Жебіршөп,kk,"","",,Kazakh,ruslan,2019-04-20T05:32:57Z
56739,Үпілмәлік,kk,"","",,Kazakh,John E. Christensen,2019-05-12T14:29:18Z
883996,Ледебур айдаршөбі,kk,"","",,Kazakh,ruslan,2019-05-12T14:59:55Z
49646,Қандыгүл,kk,"","",,Kazakh,ruslan,2019-05-19T07:27:58Z
49646,Қансигек,kk,"","",,Kazakh,ruslan,2019-05-19T07:28:48Z
891818,Альберт қандыгүлі,kk,"","",,Kazakh,ruslan,2019-05-19T07:29:53Z
891857,Уиттрок рауғашысы,kk,"","",,Kazakh,ruslan,2019-05-19T12:38:40Z
51250,Рауғашы,kk,"","",,Kazakh,ruslan,2019-05-19T12:40:08Z
75605,Жабысқақ,kk,"","",,Kazakh,ruslan,2019-05-20T13:06:51Z
892047,Жоңғар аюқұлағы,kk,"","",,Kazakh,ruslan,2019-05-20T16:48:07Z
56165,Сиырқұйрық,kk,"","",,Kazakh,ruslan,2019-05-20T16:49:42Z
56165,Аюқұлақ,kk,"","",,Kazakh,ruslan,2019-05-20T16:50:22Z
56165,Сырғын,kk,"","",,Kazakh,ruslan,2019-05-20T16:50:53Z
51309,Зығыр,kk,"","",,Kazakh,ruslan,2019-05-20T17:39:24Z
771050,Имек түтікгүл,kk,"","",,Kazakh,ruslan,2019-05-20T18:06:20Z
47336,Құмырсқа,kk,"","",,Kazakh,ruslan,2019-06-01T09:57:41Z
862609,Северцов қырлышөбі,kk,"","",,Kazakh,ruslan,2019-06-06T05:45:57Z
425858,Кайон алмұрты,kk,"","",,Kazakh,ruslan,2019-06-06T07:31:59Z
77331,шоғыр бұйрасораң,kk,"","",,Kazakh,ruslan,2019-06-28T15:34:08Z
50638,Бақажапырақ тұқымдасы,kk,"","",,Kazakh,John E. Christensen,2019-09-02T11:56:58Z
54704,Шымтезек мүгі,kk,"","",,Kazakh,John E. Christensen,2019-09-26T10:56:57Z
505478,Тауық,kk,"","",,Kazakh,John E. Christensen,2019-12-11T15:28:18Z
54428,Тікенді долана,kk,Kazakhstan,KZ,,Kazakh,ruslan,2019-12-23T10:20:01Z
51148,Долана,kk,Kazakhstan,KZ,,Kazakh,ruslan,2019-12-23T10:20:50Z
7014,Қытай қазы,kk,"","",,Kazakh,,2020-01-05T02:57:03Z
556822,Алтай жуасы,kk,"","",,Kazakh,ruslan,2020-01-09T06:32:41Z
48386,Тасжарғандар тұқымдасы,kk,"","",,Kazakh,John E. Christensen,2020-02-12T15:23:49Z
5074,Бүркіт,kk,"","",,Kazakh,,2020-02-17T01:29:15Z
131236,вирустар,kk,"","",,Kazakh,James K. Douch,2020-02-23T02:57:30Z
981,Кәдімгі қырғауыл,kk,"","",,Kazakh,Zinogre,2020-03-01T16:27:23Z
20059,үкі,kk,"","",,Kazakh,,2020-03-04T04:57:22Z
764793,Қырықбуын,kk,"","",,Kazakh,John E. Christensen,2020-05-11T12:31:57Z
558634,Пайыз торғай,kk,"","",,Kazakh,Марина Горбунова-Ëлкина,2020-11-06T19:08:19Z
558634,Шоњайнақ,kk,"","",,Kazakh,Марина Горбунова-Ëлкина,2020-11-06T19:08:45Z
7278,Кезқұйрық шымшық,kk,"","",,Kazakh,Марина Горбунова-Ëлкина,2020-11-06T19:15:30Z
144830,Айдарлы шымшық,kk,"","",,Kazakh,Марина Горбунова-Ëлкина,2020-11-06T19:18:31Z
7350,Үнді бозторғайы,kk,"","",,Kazakh,Марина Горбунова-Ëлкина,2020-11-06T19:22:43Z
12749,Аққабақ сайрақ,kk,"","",,Kazakh,Марина Горбунова-Ëлкина,2020-11-06T19:28:48Z
558524,Аққанат бозторғай,kk,"","",,Kazakh,Марина Горбунова-Ëлкина,2020-11-07T18:15:17Z
13091,Ақсирақ құс,kk,"","",,Kazakh,Марина Горбунова-Ëлкина,2020-11-07T18:20:31Z
13133,Ақмойнақ шыбыншы,kk,"","",,Kazakh,Марина Горбунова-Ëлкина,2020-11-07T18:22:04Z
13133,Ақмойын шыбыншы,kk,"","",,Kazakh,Марина Горбунова-Ëлкина,2020-11-07T18:22:15Z
204512,Тењбіл шыбыншы,kk,"","",,Kazakh,Марина Горбунова-Ëлкина,2020-11-07T18:31:33Z
203153,Сарыбауыр шымшық,kk,"","",,Kazakh,Марина Горбунова-Ëлкина,2020-11-07T18:33:52Z
15302,Бақ сандуғаш,kk,"","",,Kazakh,Марина Горбунова-Ëлкина,2020-11-07T18:37:02Z
201178,Үлкен міњгірлек,kk,"","",,Kazakh,Марина Горбунова-Ëлкина,2020-11-07T18:40:35Z
201180,µжуан,kk,"","",,Kazakh,Марина Горбунова-Ëлкина,2020-11-07T18:42:32Z
116919,Шєл әжуан,kk,"","",,Kazakh,Марина Горбунова-Ëлкина,2020-11-07T18:51:06Z
201179,Міњгірлек,kk,"","",,Kazakh,Марина Горбунова-Ëлкина,2020-11-07T18:52:15Z
117000,Мұртты шымшық,kk,"","",,Kazakh,Марина Горбунова-Ëлкина,2020-11-07T18:55:59Z
13071,Алабұлбұл,kk,"","",,Kazakh,Марина Горбунова-Ëлкина,2020-11-07T19:14:38Z
13071,Бұлбұл,kk,"","",,Kazakh,Марина Горбунова-Ëлкина,2020-11-07T19:14:48Z
13071,Құрықылдақ торғай,kk,"","",,Kazakh,Марина Горбунова-Ëлкина,2020-11-07T19:15:00Z
7347,Монғол бозторғай,kk,"","",,Kazakh,Марина Горбунова-Ëлкина,2020-11-07T19:18:51Z
7347,Шабындық бозторғайы,kk,"","",,Kazakh,Марина Горбунова-Ëлкина,2020-11-07T19:19:06Z
9212,Еменшіл сұлыкеш,kk,"","",,Kazakh,Марина Горбунова-Ëлкина,2020-11-07T19:35:16Z
9201,Қамыс сұлыкеші,kk,"","",,Kazakh,Марина Горбунова-Ëлкина,2020-11-07T19:40:47Z
10069,Құнақ,kk,"","",,Kazakh,Марина Горбунова-Ëлкина,2020-11-07T19:43:29Z
10069,Монғол торғай,kk,"","",,Kazakh,Марина Горбунова-Ëлкина,2020-11-07T19:43:39Z
145293,Шєл құнақ,kk,"","",,Kazakh,Марина Горбунова-Ëлкина,2020-11-07T19:49:55Z
144823,Шєре шымшық,kk,"","",,Kazakh,Марина Горбунова-Ëлкина,2020-11-30T12:50:54Z
144809,Қарабас шєже,kk,"","",,Kazakh,Марина Горбунова-Ëлкина,2020-11-30T14:04:19Z
144809,Шєже шымшық,kk,"","",,Kazakh,Марина Горбунова-Ëлкина,2020-11-30T14:04:33Z
200958,Балықшы тұйғын,kk,"","",,Kazakh,John E. Christensen,2020-12-01T07:56:20Z
119450,Көкбұта тұқымдасы,kk,"","",,Kazakh,John E. Christensen,2021-02-26T15:12:38Z
99786,Электірлі жыланбалық,kk,"","",,Kazakh,Zane Roskoph,2021-07-29T03:08:49Z
47516,Құбылмалы бахтах,kk,"","",,Kazakh,Zane Roskoph,2021-07-29T23:06:32Z
41970,Ягуар,kk,"","",,Kazakh,Zane Roskoph,2021-07-30T12:06:21Z
50873,Үлкен ақ акула,kk,"","",,Kazakh,Zane Roskoph,2021-07-30T14:00:09Z
42007,Пума,kk,"","",,Kazakh,Zane Roskoph,2021-08-01T01:03:12Z
31062,Кәдімгі қалқантұмсық жылан,kk,"","",,Kazakh,Zane Roskoph,2021-08-02T12:36:08Z
30472,Патша кеңалқым жылан,kk,"","",,Kazakh,Zane Roskoph,2021-08-02T18:24:59Z
30472,Кеңалқым патша жылан,kk,"","",,Kazakh,Zane Roskoph,2021-08-02T18:25:30Z
52188,Кит тәрізді акула,kk,"","",,Kazakh,Zane Roskoph,2021-08-03T13:59:17Z
468044,Түншырақ,kk,"","",,Kazakh,Zane Roskoph,2021-08-05T17:30:46Z
199918,Көгілдір сақиналы сегізаяқ,kk,"","",,Kazakh,Zane Roskoph,2021-08-09T11:31:52Z
632189,Ируканджи медузасы,kk,"","",,Kazakh,Zane Roskoph,2021-08-09T11:40:50Z
41644,Ақ аю,kk,"","",,Kazakh,Zane Roskoph,2021-08-11T16:31:21Z
41724,Теңіз ірбісі,kk,"","",,Kazakh,Zane Roskoph,2021-08-11T19:25:43Z
41724,تەڭىز ٴىربىسى,kk,"","",,Kazakh,Zane Roskoph,2021-08-11T19:25:59Z
41724,Teñiz irbisi,kk,"","",,Kazakh,Zane Roskoph,2021-08-11T19:26:33Z
200834,Гаттерия,kk,"","",,Kazakh,Zane Roskoph,2021-08-12T14:11:32Z
41955,Қабылан,kk,"","",,Kazakh,Zane Roskoph,2021-08-13T12:07:47Z
41955,Гепард,kk,"","",,Kazakh,Zane Roskoph,2021-08-13T12:08:06Z
112581,Жайын,kk,"","",,Kazakh,Zane Roskoph,2021-08-14T18:16:06Z
112581,جايىن,kk,"","",,Kazakh,Zane Roskoph,2021-08-14T18:16:29Z
112581,Jaýın,kk,"","",,Kazakh,Zane Roskoph,2021-08-14T18:16:59Z
102975,Құртпа балық,kk,"","",,Kazakh,Zane Roskoph,2021-08-14T18:51:07Z
102975,Qurtpa balıq,kk,"","",,Kazakh,Zane Roskoph,2021-08-14T18:51:30Z
102975,قۇرتپا بالىق,kk,"","",,Kazakh,Zane Roskoph,2021-08-14T18:51:53Z
41553,Көк кит,kk,"","",,Kazakh,Zane Roskoph,2021-08-15T14:59:59Z
41553,Көкшіл кит,kk,"","",,Kazakh,Zane Roskoph,2021-08-15T15:00:34Z
41553,Блювал,kk,"","",,Kazakh,Zane Roskoph,2021-08-15T15:00:59Z
41570,Оңтүстік кит,kk,"","",,Kazakh,Zane Roskoph,2021-08-15T17:20:39Z
41461,Ақ дельфин,kk,"","",,Kazakh,Zane Roskoph,2021-08-15T19:41:31Z
41461,Aq delʹfïn,kk,"","",,Kazakh,Zane Roskoph,2021-08-15T19:41:49Z
41461,اق دەلفىين,kk,"","",,Kazakh,Zane Roskoph,2021-08-15T19:42:13Z
41964,Арыстан,kk,"","",,Kazakh,Zane Roskoph,2021-08-24T14:56:13Z
74831,Барыс,kk,"","",,Kazakh,Zane Roskoph,2021-08-25T11:46:54Z
42407,Зубр,kk,"","",,Kazakh,Zane Roskoph,2021-08-25T13:52:27Z
41967,Жолбарыс,kk,"","",,Kazakh,Zane Roskoph,2021-08-26T16:05:35Z
130793,Бенгал жолбарысы,kk,"","",,Kazakh,Zane Roskoph,2021-08-27T12:28:46Z
130796,Тұран Жолбарысы,kk,"","",,Kazakh,Zane Roskoph,2021-08-27T15:40:45Z
130796,تۇران جولبارىسى,kk,"","",,Kazakh,Zane Roskoph,2021-08-27T15:41:01Z
130796,Turan Jolbarısı,kk,"","",,Kazakh,Zane Roskoph,2021-08-27T15:41:27Z
31519,Молохтар,kk,"","",,Kazakh,Zane Roskoph,2021-08-27T17:37:33Z
31519,مولوحتار,kk,"","",,Kazakh,Zane Roskoph,2021-08-27T17:37:49Z
31519,Moloxtar,kk,"","",,Kazakh,Zane Roskoph,2021-08-27T17:38:03Z
322837,Далазығыр,kk,Kazakhstan,KZ,,Kazakh,thrphys,2021-10-06T09:04:27Z
40032,Дала тасбақасы,kk,"","",,Kazakh,,2021-10-11T23:27:52Z
47126,Өсімдіктер,kk,"","",,Kazakh,Karina Zhuzenova,2022-01-12T14:55:29Z
118552,Мысық / үй мысығы,kk,"","",,Kazakh,Оразов Айдын,2022-02-03T07:21:15Z
469472,алма,kk,"","",,Kazakh,10423,2022-03-27T04:41:51Z
708885,Қыр жуа,kk,"","",,Kazakh,thrphys,2022-05-25T09:18:24Z
501017,Тікенді таумасақ,kk,"","",,Kazakh,thrphys,2022-05-25T09:20:06Z
56133,Кәдімгі емен,kk,Kazakhstan,KZ,,Kazakh,ruslan,2022-09-08T16:35:47Z
9462,Кәдімгі суықторғай,kk,"","",,Kazakh,pigeonlister,2022-09-14T21:03:43Z
3017,Көк кептер,kk,"","",,Kazakh,pigeonlister,2022-09-14T21:05:19Z
2708,Кептертәрізділер,kk,"","",,Kazakh,pigeonlister,2022-09-14T21:05:49Z
3,Құстар,kk,"","",,Kazakh,pigeonlister,2022-09-14T21:06:26Z
3815,Галапагос пингвині,kk,"","",,Kazakh,pigeonlister,2022-09-14T21:07:10Z
48867,Пальма,kk,"","",,Kazakh,John E. Christensen,2022-11-02T10:49:12Z
4672,Тұрымтай,kk,"","",,Kazakh,Марина Горбунова-Ëлкина,2022-11-17T19:07:11Z
1,Жануарлар,kk,"","",,Kazakh,Yann Kemper,2022-11-18T05:05:36Z
41852,Құну,kk,"","",,Kazakh,Марина Горбунова-Ëлкина,2022-12-13T12:08:20Z
5106,Қырғи,kk,"","",,Kazakh,Марина Горбунова-Ëлкина,2022-12-27T00:42:40Z
6990,Сусылдақ,kk,"","",,Kazakh,Марина Горбунова-Ëлкина,2022-12-27T01:21:18Z
109062,Өзен алабұғасы,kk,"","",,Kazakh,Марина Горбунова-Ëлкина,2022-12-27T01:26:08Z
109062,Кәдімгі алабұға,kk,"","",,Kazakh,Марина Горбунова-Ëлкина,2022-12-27T01:26:29Z
17871,Шұбар тоқылдақ,kk,"","",,Kazakh,Марина Горбунова-Ëлкина,2022-12-27T04:33:52Z
41850,Кәмшат,kk,"","",,Kazakh,Марина Горбунова-Ëлкина,2022-12-27T04:54:16Z
117055,Көктем сарықас,kk,"","",,Kazakh,Марина Горбунова-Ëлкина,2022-12-27T05:00:09Z
116804,Жолақбас айқабақ,kk,"","",,Kazakh,Марина Горбунова-Ëлкина,2022-12-27T05:08:49Z
5268,Қара кезқұйрық,kk,"","",,Kazakh,Марина Горбунова-Ëлкина,2022-12-27T05:22:33Z
75445,Аскөк,kk,"","",,Kazakh,Марина Горбунова-Ëлкина,2022-12-27T05:35:37Z
117016,Саяшыл сарықас,kk,"","",,Kazakh,Марина Горбунова-Ëлкина,2022-12-27T05:54:12Z
43128,Ор қоян,kk,"","",,Kazakh,Марина Горбунова-Ëлкина,2022-12-28T01:22:42Z
558429,Даурықпа шүрегей,kk,"","",,Kazakh,Марина Горбунова-Ëлкина,2022-12-30T03:45:45Z
558429,Даурықлы шүгерей,kk,"","",,Kazakh,Марина Горбунова-Ëлкина,2022-12-30T03:52:48Z
558429,Айқайлағыш шүрегей,kk,"","",,Kazakh,Марина Горбунова-Ëлкина,2022-12-30T03:52:55Z
47564,Талгүл,kk,"","",,Kazakh,John E. Christensen,2023-01-03T12:46:17Z
850032,Қазақ шақылдағы,kk,"","",,Kazakh,Kudaibergen Amirekul,2023-02-04T11:18:40Z
43175,Дала шақылдағы,kk,"","",,Kazakh,Kudaibergen Amirekul,2023-02-04T11:19:51Z
43180,Алтай шақылдағы,kk,"","",,Kazakh,Kudaibergen Amirekul,2023-02-04T11:22:02Z
43171,Түйекқұлақ,kk,"","",,Kazakh,Kudaibergen Amirekul,2023-02-04T11:22:32Z
43199,Қызыл шақылдақ,kk,"","",,Kazakh,Kudaibergen Amirekul,2023-02-04T11:22:53Z
43151,Інқоян,kk,"","",,Kazakh,Kudaibergen Amirekul,2023-02-04T11:23:19Z
43138,Құмқоян,kk,"","",,Kazakh,Kudaibergen Amirekul,2023-02-04T11:23:40Z
43128,Оpқоян,kk,"","",,Kazakh,Kudaibergen Amirekul,2023-02-04T11:24:18Z
55908,Аққоян,kk,"","",,Kazakh,Kudaibergen Amirekul,2023-02-04T11:24:39Z
43793,Құндыз,kk,"","",,Kazakh,Kudaibergen Amirekul,2023-02-04T11:25:03Z
1431280,Жетісу тышқаны,kk,"","",,Kazakh,Kudaibergen Amirekul,2023-02-04T11:25:27Z
1431282,Талғар тышқаны,kk,"","",,Kazakh,Kudaibergen Amirekul,2023-02-04T11:25:53Z
1431281,Теріскей тышқаны,kk,"","",,Kazakh,Kudaibergen Amirekul,2023-02-04T11:26:18Z
43865,Тянь-Шань тышқаны,kk,"","",,Kazakh,Kudaibergen Amirekul,2023-02-04T11:26:36Z
43868,Алтай тышқаны,kk,"","",,Kazakh,Kudaibergen Amirekul,2023-02-04T11:27:07Z
43869,Сұр тышқан,kk,"","",,Kazakh,Kudaibergen Amirekul,2023-02-04T11:27:29Z
43872,Орман тышқаны,kk,"","",,Kazakh,Kudaibergen Amirekul,2023-02-04T11:27:50Z
43864,Дала тышқаны,kk,"","",,Kazakh,Kudaibergen Amirekul,2023-02-04T11:28:01Z
43886,Бессаусақты ергежейлі қосаяқ,kk,"","",,Kazakh,Kudaibergen Amirekul,2023-02-04T11:28:21Z
43889,Үшсаусақты ергежейлі қосаяқ,kk,"","",,Kazakh,Kudaibergen Amirekul,2023-02-04T11:28:39Z
43888,Гептнер ергежейлі қосаяғы,kk,"","",,Kazakh,Kudaibergen Amirekul,2023-02-04T11:29:13Z
43892,Боз ергежейлі қосаяқ,kk,"","",,Kazakh,Kudaibergen Amirekul,2023-02-04T11:29:33Z
43855,Үлкен қосаяқ,kk,"","",,Kazakh,Kudaibergen Amirekul,2023-02-04T11:29:50Z
43857,Северцов косаяғы,kk,"","",,Kazakh,Kudaibergen Amirekul,2023-02-04T11:30:17Z
43880,Бобринский қосаяғы,kk,"","",,Kazakh,Kudaibergen Amirekul,2023-02-04T11:30:39Z
43852,Секipгiш қосаяқ,kk,"","",,Kazakh,Kudaibergen Amirekul,2023-02-04T11:30:51Z
43860,Кіші қосаяқ,kk,"","",,Kazakh,Kudaibergen Amirekul,2023-02-04T11:31:02Z
43854,Виноградов қосаяғы,kk,"","",,Kazakh,Kudaibergen Amirekul,2023-02-04T11:31:18Z
900025,Житков қосаяғы,kk,"","",,Kazakh,Kudaibergen Amirekul,2023-02-04T11:31:37Z
43882,Майлықұйрық қосаяқ,kk,"","",,Kazakh,Kudaibergen Amirekul,2023-02-04T11:31:54Z
43883,Тікқұлақ қосаяқ,kk,"","",,Kazakh,Kudaibergen Amirekul,2023-02-04T11:32:18Z
43899,Тарақжүндес косаяқ,kk,"","",,Kazakh,Kudaibergen Amirekul,2023-02-04T11:32:35Z
43878,Жүнбалақ қосаяқ,kk,"","",,Kazakh,Kudaibergen Amirekul,2023-02-04T11:32:52Z
43897,Тақылдағыш қосаяқ,kk,"","",,Kazakh,Kudaibergen Amirekul,2023-02-04T11:33:08Z
43908,Лихтенштейн қосаяғы,kk,"","",,Kazakh,Kudaibergen Amirekul,2023-02-04T11:33:23Z
44944,Бұраубас,kk,"","",,Kazakh,Kudaibergen Amirekul,2023-02-04T11:33:44Z
75092,Алып соқыртышқан,kk,"","",,Kazakh,Kudaibergen Amirekul,2023-02-04T11:34:02Z
44931,Роборовский атжалманы,kk,"","",,Kazakh,Kudaibergen Amirekul,2023-02-04T11:34:19Z
44930,Жоңғар атжалманы,kk,"","",,Kazakh,Kudaibergen Amirekul,2023-02-04T11:34:38Z
45751,Моңғол атжалманы,kk,"","",,Kazakh,Kudaibergen Amirekul,2023-02-04T11:34:55Z
45750,Эверсман атжалманы,kk,"","",,Kazakh,Kudaibergen Amirekul,2023-02-04T11:35:20Z
45836,Алақоржын,kk,"","",,Kazakh,Kudaibergen Amirekul,2023-02-04T11:35:37Z
1431262,Сұр атжалман,kk,"","",,Kazakh,Kudaibergen Amirekul,2023-02-04T11:35:55Z
44912,Ұзынқұйрық атжалман,kk,"","",,Kazakh,Kudaibergen Amirekul,2023-02-04T11:36:11Z
44913,Жолақты атжалман,kk,"","",,Kazakh,Kudaibergen Amirekul,2023-02-04T11:36:26Z
45763,Ондатр,kk,"","",,Kazakh,Kudaibergen Amirekul,2023-02-04T11:36:42Z
1431628,Қызыл тоқалтіс,kk,"","",,Kazakh,Kudaibergen Amirekul,2023-02-04T11:37:02Z
1431272,Жирен тоқалтіс,kk,"","",,Kazakh,Kudaibergen Amirekul,2023-02-04T11:37:18Z
1431273,Орман тоқалтісі,kk,"","",,Kazakh,Kudaibergen Amirekul,2023-02-04T11:37:35Z
1431275,Тянь-Шань тоқалтісі,kk,"","",,Kazakh,Kudaibergen Amirekul,2023-02-04T11:37:55Z
45423,Қалқанқұлақ тоқалтіс,kk,"","",,Kazakh,Kudaibergen Amirekul,2023-02-04T11:38:32Z
45422,Таутышқан,kk,"","",,Kazakh,Kudaibergen Amirekul,2023-02-04T11:38:55Z
45427,Жалпақбасты тоқалтіс,kk,"","",,Kazakh,Kudaibergen Amirekul,2023-02-04T11:39:11Z
45080,Кəдімгі соқыртышқан,kk,"","",,Kazakh,Kudaibergen Amirekul,2023-02-04T11:39:27Z
45076,Шығыс соқыртышқаны,kk,"","",,Kazakh,Kudaibergen Amirekul,2023-02-04T11:39:43Z
45680,Сары тоқалтіс,kk,"","",,Kazakh,Kudaibergen Amirekul,2023-02-04T11:40:03Z
45092,Дала тоқалтісі,kk,"","",,Kazakh,Kudaibergen Amirekul,2023-02-04T11:40:18Z
67819,Су тышқаны,kk,"","",,Kazakh,Kudaibergen Amirekul,2023-02-04T11:40:34Z
1431265,Тарбас тышқан,kk,"","",,Kazakh,Kudaibergen Amirekul,2023-02-04T11:41:23Z
887383,Су тоқалтісі,kk,"","",,Kazakh,Kudaibergen Amirekul,2023-02-04T11:41:41Z
44282,Шабындық тоқалтісі,kk,"","",,Kazakh,Kudaibergen Amirekul,2023-02-04T11:42:05Z
44295,Табанды тоқалтіс,kk,"","",,Kazakh,Kudaibergen Amirekul,2023-02-04T11:42:21Z
887402,Шығыс Еуропа тоқалтісі,kk,"","",,Kazakh,Kudaibergen Amirekul,2023-02-04T11:42:57Z
74609,Іле тоқалтісі,kk,"","",,Kazakh,Kudaibergen Amirekul,2023-02-04T11:43:14Z
44665,Жыңғыл құмтышқаны,kk,"","",,Kazakh,Kudaibergen Amirekul,2023-02-04T11:43:30Z
44673,Кіші құмтышқан,kk,"","",,Kazakh,Kudaibergen Amirekul,2023-02-04T11:43:54Z
44666,Қызылқұйрық құмтышқан,kk,"","",,Kazakh,Kudaibergen Amirekul,2023-02-04T11:44:10Z
45832,Майтышқан,kk,"","",,Kazakh,Kudaibergen Amirekul,2023-02-04T11:44:28Z
45316,Кішкентай қаптесер,kk,"","",,Kazakh,Kudaibergen Amirekul,2023-02-04T11:44:43Z
45193,Жер егеуқұйрығы,kk,"","",,Kazakh,Kudaibergen Amirekul,2023-02-04T11:44:58Z
44576,Сұр егеуқұйрық,kk,"","",,Kazakh,Kudaibergen Amirekul,2023-02-04T11:45:13Z
44575,Қара егеуқұйрық,kk,"","",,Kazakh,Kudaibergen Amirekul,2023-02-04T11:45:27Z
75001,Түркістан егеуқұйрығы,kk,"","",,Kazakh,Kudaibergen Amirekul,2023-02-04T11:45:41Z
45561,Орман қаптесері,kk,"","",,Kazakh,Kudaibergen Amirekul,2023-02-04T11:45:57Z
45568,Дала қаптеcepi,kk,"","",,Kazakh,Kudaibergen Amirekul,2023-02-04T11:46:31Z
45564,Азия орман қаптесері,kk,"","",,Kazakh,Kudaibergen Amirekul,2023-02-04T11:46:47Z
44705,Қаптесер,kk,"","",,Kazakh,Kudaibergen Amirekul,2023-02-04T11:47:05Z
44175,Жайра,kk,"","",,Kazakh,Kudaibergen Amirekul,2023-02-04T11:47:20Z
43997,Саз құндызы,kk,"","",,Kazakh,Kudaibergen Amirekul,2023-02-04T11:47:34Z
46001,Тиін,kk,"","",,Kazakh,Kudaibergen Amirekul,2023-02-04T11:47:53Z
1115243,Сібір тиіні,kk,"","",,Kazakh,Kudaibergen Amirekul,2023-02-04T11:48:24Z
46146,Ұшар,kk,"","",,Kazakh,Kudaibergen Amirekul,2023-02-04T11:48:38Z
1279923,Тараққұйрык,kk,"","",,Kazakh,Kudaibergen Amirekul,2023-02-04T11:48:52Z
46084,Қызыл суыр,kk,"","",,Kazakh,Kudaibergen Amirekul,2023-02-04T11:49:07Z
46081,Көк суыр,kk,"","",,Kazakh,Kudaibergen Amirekul,2023-02-04T11:49:33Z
46083,Сұр суыр,kk,"","",,Kazakh,Kudaibergen Amirekul,2023-02-04T11:49:45Z
46079,Бозсуыр,kk,"","",,Kazakh,Kudaibergen Amirekul,2023-02-04T11:49:56Z
180004,Ұзынқұйрық сарышұнақ,kk,"","",,Kazakh,Kudaibergen Amirekul,2023-02-04T11:50:13Z
46045,Кіші сарышұнақ,kk,"","",,Kazakh,Kudaibergen Amirekul,2023-02-04T11:50:29Z
46048,Балпақ,kk,"","",,Kazakh,Kudaibergen Amirekul,2023-02-04T11:50:54Z
46046,Қызылұрт сарышұнақ,kk,"","",,Kazakh,Kudaibergen Amirekul,2023-02-04T11:51:05Z
75093,Брандт сарышұнағы,kk,"","",,Kazakh,Kudaibergen Amirekul,2023-02-04T11:51:16Z
46042,Реликті сарышұнақ,kk,"","",,Kazakh,Kudaibergen Amirekul,2023-02-04T11:51:37Z
901514,Тянь-Шань сарышұнағы,kk,"","",,Kazakh,Kudaibergen Amirekul,2023-02-04T11:51:47Z
520585,Борша тышқан,kk,"","",,Kazakh,Kudaibergen Amirekul,2023-02-04T11:55:14Z
45871,Жалман,kk,"","",,Kazakh,Kudaibergen Amirekul,2023-02-04T11:55:47Z
45867,Қарақас,kk,"","",,Kazakh,Kudaibergen Amirekul,2023-02-04T11:56:02Z
43048,Ақтөс кірпі,kk,"","",,Kazakh,Kudaibergen Amirekul,2023-02-04T11:58:20Z
43066,Қара кipпi,kk,"","",,Kazakh,Kudaibergen Amirekul,2023-02-04T11:58:35Z
43024,Қалқанқұлақ кipпi,kk,"","",,Kazakh,Kudaibergen Amirekul,2023-02-04T11:58:53Z
46404,Қалқантұмсық жертесер,kk,"","",,Kazakh,Kudaibergen Amirekul,2023-02-04T11:59:52Z
46454,Ергежейлі жертесер,kk,"","",,Kazakh,Kudaibergen Amirekul,2023-02-04T12:00:23Z
46410,Орташа жертесер,kk,"","",,Kazakh,Kudaibergen Amirekul,2023-02-04T12:00:36Z
46381,Тeгicтicтi жертесер,kk,"","",,Kazakh,Kudaibergen Amirekul,2023-02-04T12:00:47Z
46414,Кəдімгі жертесер,kk,"","",,Kazakh,Kudaibergen Amirekul,2023-02-04T12:01:05Z
46472,Ірітісті жертесер,kk,"","",,Kazakh,Kudaibergen Amirekul,2023-02-04T12:01:18Z
46488,Тундра жертесері,kk,"","",,Kazakh,Kudaibergen Amirekul,2023-02-04T12:01:30Z
46417,Тянь-Шань жертесері,kk,"","",,Kazakh,Kudaibergen Amirekul,2023-02-04T12:01:41Z
46471,Кіші жертесер,kk,"","",,Kazakh,Kudaibergen Amirekul,2023-02-04T12:01:52Z
46859,Су жертесері,kk,"","",,Kazakh,Kudaibergen Amirekul,2023-02-04T12:02:11Z
852333,Көптicтi жертесер,kk,"","",,Kazakh,Kudaibergen Amirekul,2023-02-04T12:02:25Z
1370727,Ала жертесер,kk,"","",,Kazakh,Kudaibergen Amirekul,2023-02-04T12:02:39Z
46661,Сi6ip ақтісті жертесері,kk,"","",,Kazakh,Kudaibergen Amirekul,2023-02-04T12:02:55Z
46631,Кішi ақтісті жертесер,kk,"","",,Kazakh,Kudaibergen Amirekul,2023-02-04T12:03:19Z
46639,Тас ақтісті жертесер,kk,"","",,Kazakh,Kudaibergen Amirekul,2023-02-04T12:03:34Z
47032,Жұпар тышқан,kk,"","",,Kazakh,Kudaibergen Amirekul,2023-02-04T12:04:03Z
46968,Алтай көртышқаны,kk,"","",,Kazakh,Kudaibergen Amirekul,2023-02-04T12:04:20Z
75011,Бұхара тағатұмсықты жарқанаты,kk,"","",,Kazakh,Kudaibergen Amirekul,2023-02-04T12:04:37Z
40645,Үлкен тағатұмсықты жарқанат,kk,"","",,Kazakh,Kudaibergen Amirekul,2023-02-04T12:04:59Z
40705,Үнді тағатұмсықты жарқанаты,kk,"","",,Kazakh,Kudaibergen Amirekul,2023-02-04T12:05:19Z
40695,Кіші тағатұмсықты жарқанат,kk,"","",,Kazakh,Kudaibergen Amirekul,2023-02-04T12:05:30Z
41298,Кеңқұлақты жарқанат,kk,"","",,Kazakh,Kudaibergen Amirekul,2023-02-04T12:05:48Z
40576,Алып жарқанат,kk,"","",,Kazakh,Kudaibergen Amirekul,2023-02-04T12:06:16Z
40572,Қызғылт жарқанат,kk,"","",,Kazakh,Kudaibergen Amirekul,2023-02-04T12:06:30Z
40573,Түн жарқанаты,kk,"","",,Kazakh,Kudaibergen Amirekul,2023-02-04T12:06:42Z
40364,Ергежейлі жарқанат,kk,"","",,Kazakh,Kudaibergen Amirekul,2023-02-04T12:06:57Z
40391,Тоғай жарқанаты,kk,"","",,Kazakh,Kudaibergen Amirekul,2023-02-04T12:07:15Z
40383,Жерорта теңізі жарқанаты,kk,"","",,Kazakh,Kudaibergen Amirekul,2023-02-04T12:07:24Z
40446,Қостүсті жарқанат,kk,"","",,Kazakh,Kudaibergen Amirekul,2023-02-04T12:07:44Z
765528,Жарғақты жарқанат,kk,"","",,Kazakh,Kudaibergen Amirekul,2023-02-04T12:08:01Z
1370868,Шөл жарқанаты,kk,"","",,Kazakh,Kudaibergen Amirekul,2023-02-04T12:08:22Z
207811,Кəдімгі жарқанат,kk,"","",,Kazakh,Kudaibergen Amirekul,2023-02-04T12:08:40Z
74314,Солтүстік жарқанаты,kk,"","",,Kazakh,Kudaibergen Amirekul,2023-02-04T12:08:58Z
74310,Гоби жарқанаты,kk,"","",,Kazakh,Kudaibergen Amirekul,2023-02-04T12:09:10Z
1370831,Түрікмен құлақты жарқанаты,kk,"","",,Kazakh,Kudaibergen Amirekul,2023-02-04T12:10:26Z
1132017,Стрелков құлақты жарқанаты,kk,"","",,Kazakh,Kudaibergen Amirekul,2023-02-04T12:11:01Z
74928,Огнев құлақты жарқанаты,kk,"","",,Kazakh,Kudaibergen Amirekul,2023-02-04T12:11:16Z
40416,Қоңыр құлақты жарқанат,kk,"","",,Kazakh,Kudaibergen Amirekul,2023-02-04T12:11:31Z
765477,Ақбауыр жарқанат,kk,"","",,Kazakh,Kudaibergen Amirekul,2023-02-04T12:11:50Z
74699,Брандт жарқанаты,kk,"","",,Kazakh,Kudaibergen Amirekul,2023-02-04T12:12:18Z
940158,Сібір жарқанаты,kk,"","",,Kazakh,Kudaibergen Amirekul,2023-02-04T12:12:41Z
40281,Үштүсті жарқанат,kk,"","",,Kazakh,Kudaibergen Amirekul,2023-02-04T12:12:55Z
40308,Тоған жарқанаты,kk,"","",,Kazakh,Kudaibergen Amirekul,2023-02-04T12:13:17Z
40276,Иконников жарқанаты,kk,"","",,Kazakh,Kudaibergen Amirekul,2023-02-04T12:13:35Z
74703,Дала жарқанаты,kk,"","",,Kazakh,Kudaibergen Amirekul,2023-02-04T12:14:06Z
416518,Шығыс су жарқанаты,kk,"","",,Kazakh,Kudaibergen Amirekul,2023-02-04T12:14:30Z
424254,Су жарқанаты,kk,"","",,Kazakh,Kudaibergen Amirekul,2023-02-04T12:14:41Z
40317,Үшкір құлақты жарқанат,kk,"","",,Kazakh,Kudaibergen Amirekul,2023-02-04T12:15:12Z
210400,Наттерер жарқанаты,kk,"","",,Kazakh,Kudaibergen Amirekul,2023-02-04T12:15:35Z
204114,Марал,kk,"","",,Kazakh,Kudaibergen Amirekul,2023-02-04T12:15:57Z
566636,Алтай маралы,kk,"","",,Kazakh,Kudaibergen Amirekul,2023-02-04T12:16:18Z
566590,Тоғай кермаралы,kk,"","",,Kazakh,Kudaibergen Amirekul,2023-02-04T12:16:47Z
42183,Елік,kk,"","",,Kazakh,Kudaibergen Amirekul,2023-02-04T12:17:05Z
522193,Бұлан,kk,"","",,Kazakh,Kudaibergen Amirekul,2023-02-04T12:17:20Z
42144,Құдыр,kk,"","",,Kazakh,Kudaibergen Amirekul,2023-02-04T12:17:43Z
42408,Бизон,kk,"","",,Kazakh,Kudaibergen Amirekul,2023-02-04T12:18:06Z
889089,Қодас,kk,"","",,Kazakh,Kudaibergen Amirekul,2023-02-04T12:18:31Z
74113,Сиыр,kk,"","",,Kazakh,Kudaibergen Amirekul,2023-02-04T12:19:38Z
42378,Бөкен,kk,"","",,Kazakh,Kudaibergen Amirekul,2023-02-04T12:19:54Z
42351,Таутеке,kk,"","",,Kazakh,Kudaibergen Amirekul,2023-02-04T12:20:55Z
123070,Ешкі,kk,"","",,Kazakh,Kudaibergen Amirekul,2023-02-04T12:21:14Z
1067775,Үстірт арқары,kk,"","",,Kazakh,Kudaibergen Amirekul,2023-02-04T12:21:45Z
1122018,Үстірт арқары,kk,"","",,Kazakh,Kudaibergen Amirekul,2023-02-04T12:21:51Z
1067839,Қызылқұм арқары,kk,"","",,Kazakh,Kudaibergen Amirekul,2023-02-04T12:22:20Z
1067850,Қаратау арқары,kk,"","",,Kazakh,Kudaibergen Amirekul,2023-02-04T12:22:45Z
1122652,Тянь-Шан арқары,kk,"","",,Kazakh,Kudaibergen Amirekul,2023-02-04T12:22:54Z
1122649,Қазақстан арқары,kk,"","",,Kazakh,Kudaibergen Amirekul,2023-02-04T12:23:07Z
1061074,Алтай арқары,kk,"","",,Kazakh,Kudaibergen Amirekul,2023-02-04T12:23:20Z
121578,Қой,kk,"","",,Kazakh,Kudaibergen Amirekul,2023-02-04T12:23:41Z
42134,Қабан,kk,"","",,Kazakh,Kudaibergen Amirekul,2023-02-04T12:23:58Z
524409,Айыр өркешті түйе,kk,"","",,Kazakh,Kudaibergen Amirekul,2023-02-04T12:24:28Z
81542,Бір өркешті түйе,kk,"","",,Kazakh,Kudaibergen Amirekul,2023-02-04T12:25:00Z
43333,Құлан,kk,"","",,Kazakh,Kudaibergen Amirekul,2023-02-04T12:25:21Z
372583,Түрікмен құланы,kk,"","",,Kazakh,Kudaibergen Amirekul,2023-02-04T12:25:46Z
148030,Есек,kk,"","",,Kazakh,Kudaibergen Amirekul,2023-02-04T12:26:14Z
209233,Жылқы,kk,"","",,Kazakh,Kudaibergen Amirekul,2023-02-04T12:26:26Z
62628,Керқұлан,kk,"","",,Kazakh,Kudaibergen Amirekul,2023-02-04T12:26:45Z
41963,Барыс,kk,"","",,Kazakh,Kudaibergen Amirekul,2023-02-04T12:27:03Z
74831,Қар барысы,kk,"","",,Kazakh,Kudaibergen Amirekul,2023-02-04T12:27:50Z
42042,Қарақұлақ,kk,"","",,Kazakh,Kudaibergen Amirekul,2023-02-04T12:28:06Z
41979,Сілеусін,kk,"","",,Kazakh,Kudaibergen Amirekul,2023-02-04T12:28:23Z
703908,Түркістан сілеусіні,kk,"","",,Kazakh,Kudaibergen Amirekul,2023-02-04T12:28:39Z
42029,Сабаншы,kk,"","",,Kazakh,Kudaibergen Amirekul,2023-02-04T12:29:15Z
41961,Қамыс мысығы,kk,"","",,Kazakh,Kudaibergen Amirekul,2023-02-04T12:29:31Z
118552,Үй мысығы,kk,"","",,Kazakh,Kudaibergen Amirekul,2023-02-04T12:30:12Z
41959,Шағыл мысығы,kk,"","",,Kazakh,Kudaibergen Amirekul,2023-02-04T12:30:27Z
371414,Мәлін,kk,"","",,Kazakh,Kudaibergen Amirekul,2023-02-04T12:30:52Z
855311,Жанат тəрізді ит,kk,"","",,Kazakh,Kudaibergen Amirekul,2023-02-04T12:31:12Z
42069,Түлкі,kk,"","",,Kazakh,Kudaibergen Amirekul,2023-02-04T12:31:30Z
42065,Қарсақ,kk,"","",,Kazakh,Kudaibergen Amirekul,2023-02-04T12:31:45Z
42101,Қызыл қасқыр,kk,"","",,Kazakh,Kudaibergen Amirekul,2023-02-04T12:32:02Z
851014,Шие-бөрі,kk,"","",,Kazakh,Kudaibergen Amirekul,2023-02-04T12:32:25Z
47144,Ит,kk,"","",,Kazakh,Kudaibergen Amirekul,2023-02-04T12:32:48Z
42048,Қасқыр,kk,"","",,Kazakh,Kudaibergen Amirekul,2023-02-04T12:32:58Z
41641,Қоңыр аю,kk,"","",,Kazakh,Kudaibergen Amirekul,2023-02-04T12:33:34Z
147158,Тянь-Шань қоңыр аюы,kk,"","",,Kazakh,Kudaibergen Amirekul,2023-02-04T12:33:45Z
41690,Каспий итбалығы,kk,"","",,Kazakh,Kudaibergen Amirekul,2023-02-04T12:34:03Z
41834,Итаю,kk,"","",,Kazakh,Kudaibergen Amirekul,2023-02-04T12:34:20Z
855298,Ферғана борсығы,kk,"","",,Kazakh,Kudaibergen Amirekul,2023-02-04T12:34:57Z
74558,Борсық,kk,"","",,Kazakh,Kudaibergen Amirekul,2023-02-04T12:35:11Z
41800,Тас сусары,kk,"","",,Kazakh,Kudaibergen Amirekul,2023-02-04T12:35:51Z
41795,Бұлғын,kk,"","",,Kazakh,Kudaibergen Amirekul,2023-02-04T12:36:07Z
41796,Орман сусары,kk,"","",,Kazakh,Kudaibergen Amirekul,2023-02-04T12:36:19Z
41829,Шұбар күзен,kk,"","",,Kazakh,Kudaibergen Amirekul,2023-02-04T12:36:33Z
1264432,Су күзені,kk,"","",,Kazakh,Kudaibergen Amirekul,2023-02-04T12:36:50Z
41808,Ақкіс,kk,"","",,Kazakh,Kudaibergen Amirekul,2023-02-04T12:37:07Z
569428,Аққалақ,kk,"","",,Kazakh,Kudaibergen Amirekul,2023-02-04T12:37:31Z
41811,Сарғыш күзен,kk,"","",,Kazakh,Kudaibergen Amirekul,2023-02-04T12:37:42Z
41813,Сары күзен,kk,"","",,Kazakh,Kudaibergen Amirekul,2023-02-04T12:37:54Z
41805,Еуропа қара күзені,kk,"","",,Kazakh,Kudaibergen Amirekul,2023-02-04T12:38:05Z
74670,Сасық күзен,kk,"","",,Kazakh,Kudaibergen Amirekul,2023-02-04T12:38:16Z
41850,Кәмшәт,kk,"","",,Kazakh,Kudaibergen Amirekul,2023-02-04T12:38:29Z
41663,Жанат,kk,"","",,Kazakh,Kudaibergen Amirekul,2023-02-04T12:38:49Z
558443,Сұр құр,kk,"","",,Kazakh,Kudaibergen Amirekul,2023-02-04T12:40:12Z
1026,Саңырау құр,kk,"","",,Kazakh,Kudaibergen Amirekul,2023-02-04T12:40:28Z
1289697,Құр,kk,"","",,Kazakh,Kudaibergen Amirekul,2023-02-04T12:40:43Z
949,Тундра аққұры,kk,"","",,Kazakh,Kudaibergen Amirekul,2023-02-04T12:41:02Z
931,Аққұр,kk,"","",,Kazakh,Kudaibergen Amirekul,2023-02-04T12:41:16Z
578,Гималай ұлары,kk,"","",,Kazakh,Kudaibergen Amirekul,2023-02-04T12:41:38Z
576,Алтай ұлары,kk,"","",,Kazakh,Kudaibergen Amirekul,2023-02-04T12:41:54Z
846,Кекілік,kk,"","",,Kazakh,Kudaibergen Amirekul,2023-02-04T12:42:13Z
630027,Жоңғар кекілігі,kk,"","",,Kazakh,Kudaibergen Amirekul,2023-02-04T12:42:45Z
630028,Тянь-Шань кекілігі,kk,"","",,Kazakh,Kudaibergen Amirekul,2023-02-04T12:43:11Z
630037,Қызылқұм кекілігі,kk,"","",,Kazakh,Kudaibergen Amirekul,2023-02-04T12:44:27Z
1049,Шөл шілі,kk,"","",,Kazakh,Kudaibergen Amirekul,2023-02-04T12:44:55Z
831,Сұр шіл,kk,"","",,Kazakh,Kudaibergen Amirekul,2023-02-04T12:45:19Z
840,Сақалды шіл,kk,"","",,Kazakh,Kudaibergen Amirekul,2023-02-04T12:45:32Z
804,Бөдене,kk,"","",,Kazakh,Kudaibergen Amirekul,2023-02-04T12:45:48Z
981,Қырғауыл,kk,"","",,Kazakh,Kudaibergen Amirekul,2023-02-04T12:46:22Z
728164,Сырдария қырғауылы,kk,"","",,Kazakh,Kudaibergen Amirekul,2023-02-04T12:47:02Z
728148,Жетісу қырғауылы,kk,"","",,Kazakh,Kudaibergen Amirekul,2023-02-04T12:47:24Z
728155,Кавказ қырғауылы,kk,"","",,Kazakh,Kudaibergen Amirekul,2023-02-04T12:47:51Z
6921,Сыбырлақ аққу,kk,"","",,Kazakh,Kudaibergen Amirekul,2023-02-04T12:48:12Z
6917,Тундра аққуы,kk,"","",,Kazakh,Kudaibergen Amirekul,2023-02-04T12:48:44Z
196538,Кіші аққу,kk,"","",,Kazakh,Kudaibergen Amirekul,2023-02-04T12:48:52Z
6916,Сұңқылдақ аққу,kk,"","",,Kazakh,Kudaibergen Amirekul,2023-02-04T12:49:04Z
7087,Қара қарашақаз,kk,"","",,Kazakh,Kudaibergen Amirekul,2023-02-04T12:49:43Z
7102,Қызылжемсаулы қарашақаз,kk,"","",,Kazakh,Kudaibergen Amirekul,2023-02-04T12:50:03Z
7101,Ақбет қарашақаз,kk,"","",,Kazakh,Kudaibergen Amirekul,2023-02-04T12:50:16Z
7008,Ақбас қаз,kk,"","",,Kazakh,Kudaibergen Amirekul,2023-02-04T12:50:34Z
558426,Ақ қаз,kk,"","",,Kazakh,Kudaibergen Amirekul,2023-02-04T12:50:57Z
7018,Сұр қаз,kk,"","",,Kazakh,Kudaibergen Amirekul,2023-02-04T12:51:07Z
7014,Қутұмсық қаз,kk,"","",,Kazakh,Kudaibergen Amirekul,2023-02-04T12:51:26Z
7009,Қырманқаз,kk,"","",,Kazakh,Kudaibergen Amirekul,2023-02-04T12:51:37Z
144423,Тундра қырманқазы,kk,"","",,Kazakh,Kudaibergen Amirekul,2023-02-04T12:51:54Z
7019,Ақмаңдайлы қаз,kk,"","",,Kazakh,Kudaibergen Amirekul,2023-02-04T12:52:06Z
7013,Шиқылдақ қаз,kk,"","",,Kazakh,Kudaibergen Amirekul,2023-02-04T12:52:17Z
7067,Италақаз,kk,"","",,Kazakh,Kudaibergen Amirekul,2023-02-04T12:52:35Z
7068,Сарыалақаз,kk,"","",,Kazakh,Kudaibergen Amirekul,2023-02-04T12:52:47Z
558428,Қырылдақ шүрегей,kk,"","",,Kazakh,Kudaibergen Amirekul,2023-02-04T12:53:05Z
558438,Жалпақтұмсықты үйрек,kk,"","",,Kazakh,Kudaibergen Amirekul,2023-02-04T12:54:24Z
558439,Қоңыр үйрек,kk,"","",,Kazakh,Kudaibergen Amirekul,2023-02-04T12:54:43Z
558441,Сарыайдар үйрек,kk,"","",,Kazakh,Kudaibergen Amirekul,2023-02-04T12:54:59Z
6930,Барылдауық үйрек,kk,"","",,Kazakh,Kudaibergen Amirekul,2023-02-04T12:55:20Z
6933,Бізқұйрық үйрек,kk,"","",,Kazakh,Kudaibergen Amirekul,2023-02-04T12:55:44Z
6937,Ысылдақ шүрегей,kk,"","",,Kazakh,Kudaibergen Amirekul,2023-02-04T12:55:54Z
7139,Мәрмәр шүрегей,kk,"","",,Kazakh,Kudaibergen Amirekul,2023-02-04T12:56:09Z
7122,Қызылтұмсық сүңгуір,kk,"","",,Kazakh,Kudaibergen Amirekul,2023-02-04T12:56:26Z
7045,Көк сүңгуір,kk,"","",,Kazakh,Kudaibergen Amirekul,2023-02-04T12:56:42Z
7055,Алакөз сүңгуір,kk,"","",,Kazakh,Kudaibergen Amirekul,2023-02-04T12:57:02Z
7046,Айдарлы сүңгуір,kk,"","",,Kazakh,Kudaibergen Amirekul,2023-02-04T12:57:17Z
7047,Теңіз сүңгуірі,kk,"","",,Kazakh,Kudaibergen Amirekul,2023-02-04T12:57:41Z
850858,Кәдімгі тұрпан,kk,"","",,Kazakh,Kudaibergen Amirekul,2023-02-04T12:58:04Z
144233,Дөңтұмсық тұрпан,kk,"","",,Kazakh,Kudaibergen Amirekul,2023-02-04T12:58:26Z
144221,Қара тұрпан,kk,"","",,Kazakh,Kudaibergen Amirekul,2023-02-04T12:59:11Z
7170,Ұшқыр үйрек,kk,"","",,Kazakh,Kudaibergen Amirekul,2023-02-04T12:59:42Z
7192,Кіші бейнарық,kk,"","",,Kazakh,Kudaibergen Amirekul,2023-02-04T13:00:19Z
7004,Үлкен бейнарық,kk,"","",,Kazakh,Kudaibergen Amirekul,2023-02-04T13:00:34Z
6996,Секпілтөс бейнарық,kk,"","",,Kazakh,Kudaibergen Amirekul,2023-02-04T13:00:51Z
7081,Ақбас үйрек,kk,"","",,Kazakh,Kudaibergen Amirekul,2023-02-04T13:01:10Z
4237,Кішкене сұқсыр,kk,"","",,Kazakh,Kudaibergen Amirekul,2023-02-04T13:01:33Z
4224,Сұржақ сұқсыр,kk,"","",,Kazakh,Kudaibergen Amirekul,2023-02-04T13:01:50Z
4208,Үлкен сұқсыр,kk,"","",,Kazakh,Kudaibergen Amirekul,2023-02-04T13:02:10Z
4209,Қызылмойын сұқсыр,kk,"","",,Kazakh,Kudaibergen Amirekul,2023-02-04T13:02:20Z
4205,Қарамойын сұқсыр,kk,"","",,Kazakh,Kudaibergen Amirekul,2023-02-04T13:02:31Z
73222,Қоқиқаз,kk,"","",,Kazakh,Kudaibergen Amirekul,2023-02-04T13:02:46Z
4259,Кiшi қоқиқаз,kk,"","",,Kazakh,Kudaibergen Amirekul,2023-02-04T13:03:02Z
122767,Үй кептері,kk,"","",,Kazakh,Kudaibergen Amirekul,2023-02-04T13:03:37Z
3039,Құз кептері,kk,"","",,Kazakh,Kudaibergen Amirekul,2023-02-04T13:04:04Z
3045,Ақтөс кептер,kk,"","",,Kazakh,Kudaibergen Amirekul,2023-02-04T13:04:22Z
3033,Түз кептері,kk,"","",,Kazakh,Kudaibergen Amirekul,2023-02-04T13:04:35Z
3015,Қоңыр кептер,kk,"","",,Kazakh,Kudaibergen Amirekul,2023-02-04T13:04:47Z
3048,Дыркептер,kk,"","",,Kazakh,Kudaibergen Amirekul,2023-02-04T13:04:57Z
2938,Кәдімгі түркептер,kk,"","",,Kazakh,Kudaibergen Amirekul,2023-02-04T13:05:14Z
2927,Үлкен түркептер,kk,"","",,Kazakh,Kudaibergen Amirekul,2023-02-04T13:05:34Z
2969,Сақиналы түркептер,kk,"","",,Kazakh,Kudaibergen Amirekul,2023-02-04T13:05:44Z
117119,Қолаңтөс,kk,"","",,Kazakh,Kudaibergen Amirekul,2023-02-04T13:06:21Z
117078,Ақбауыр бұлдырық,kk,"","",,Kazakh,Kudaibergen Amirekul,2023-02-04T13:06:41Z
117088,Қарабауыр бұлдырық,kk,"","",,Kazakh,Kudaibergen Amirekul,2023-02-04T13:06:56Z
19410,Кәдімгі тентекқұс,kk,"","",,Kazakh,Kudaibergen Amirekul,2023-02-04T13:07:11Z
19417,Қылаң тентекқұс,kk,"","",,Kazakh,Kudaibergen Amirekul,2023-02-04T13:07:29Z
6638,Қара сұрқарлығаш,kk,"","",,Kazakh,Kudaibergen Amirekul,2023-02-04T13:08:15Z
202491,Ақбел сұрқарлығаш,kk,"","",,Kazakh,Kudaibergen Amirekul,2023-02-04T13:08:28Z
1927,Меңіреу көкек,kk,"","",,Kazakh,Kudaibergen Amirekul,2023-02-04T13:08:55Z
1907,Кәдімгі көкек,kk,"","",,Kazakh,Kudaibergen Amirekul,2023-02-04T13:09:13Z
513926,Сутартар,kk,"","",,Kazakh,Kudaibergen Amirekul,2023-02-04T13:09:31Z
729752,Жетісу сутартары,kk,"","",,Kazakh,Kudaibergen Amirekul,2023-02-04T13:09:52Z
443,Шәукілдек,kk,"","",,Kazakh,Kudaibergen Amirekul,2023-02-04T13:10:04Z
178,Тартар,kk,"","",,Kazakh,Kudaibergen Amirekul,2023-02-04T13:10:26Z
201282,Қызылқасқа сутартар,kk,"","",,Kazakh,Kudaibergen Amirekul,2023-02-04T13:10:47Z
482,Қасқалдақ,kk,"","",,Kazakh,Kudaibergen Amirekul,2023-02-04T13:11:01Z
474332,Көкмаңдай,kk,"","",,Kazakh,Kudaibergen Amirekul,2023-02-04T13:11:17Z
508920,Титтей тартар,kk,"","",,Kazakh,Kudaibergen Amirekul,2023-02-04T13:11:42Z
508919,Кішкене тартар,kk,"","",,Kazakh,Kudaibergen Amirekul,2023-02-04T13:12:00Z
144289,Ақтырна,kk,"","",,Kazakh,Kudaibergen Amirekul,2023-02-04T13:12:19Z
508057,Қызылсирақ тырна,kk,"","",,Kazakh,Kudaibergen Amirekul,2023-02-04T13:12:35Z
144287,Ақбас тырна,kk,"","",,Kazakh,Kudaibergen Amirekul,2023-02-04T13:12:50Z
41,Тазтырна,kk,"","",,Kazakh,Kudaibergen Amirekul,2023-02-04T13:13:05Z
77,Дуадақ,kk,"","",,Kazakh,Kudaibergen Amirekul,2023-02-04T13:13:23Z
144471,Жек дуадақ,kk,"","",,Kazakh,Kudaibergen Amirekul,2023-02-04T13:13:37Z
132,Безгелдек,kk,"","",,Kazakh,Kudaibergen Amirekul,2023-02-04T13:13:51Z
4627,Қызылжемсаулы гагара,kk,"","",,Kazakh,Kudaibergen Amirekul,2023-02-04T13:14:06Z
4623,Қаражемсаулы гагара,kk,"","",,Kazakh,Kudaibergen Amirekul,2023-02-04T13:14:22Z
4736,Қара дегелек,kk,"","",,Kazakh,Kudaibergen Amirekul,2023-02-04T13:14:41Z
4733,Ақ дегелек,kk,"","",,Kazakh,Kudaibergen Amirekul,2023-02-04T13:14:58Z
721185,Түркістан ақ дегелегі,kk,"","",,Kazakh,Kudaibergen Amirekul,2023-02-04T13:15:10Z
3756,Қарабай,kk,"","",,Kazakh,Kudaibergen Amirekul,2023-02-04T13:15:27Z
3731,Жалбағай,kk,"","",,Kazakh,Kudaibergen Amirekul,2023-02-04T13:15:41Z
5033,Үлкен көлбұқа,kk,"","",,Kazakh,Kudaibergen Amirekul,2023-02-04T13:15:56Z
204527,Оқпан,kk,"","",,Kazakh,Kudaibergen Amirekul,2023-02-04T13:16:14Z
4981,Бақылдақ құтан,kk,"","",,Kazakh,Kudaibergen Amirekul,2023-02-04T13:16:41Z
4994,Сарықұтан,kk,"","",,Kazakh,Kudaibergen Amirekul,2023-02-04T13:16:58Z
4993,Үндi құтаны,kk,"","",,Kazakh,Kudaibergen Amirekul,2023-02-04T13:17:13Z
5017,Сарықұйрык құтан,kk,"","",,Kazakh,Kudaibergen Amirekul,2023-02-04T13:17:32Z
4954,Көкқұтан,kk,"","",,Kazakh,Kudaibergen Amirekul,2023-02-04T13:17:47Z
4951,Қошқыл құтан,kk,"","",,Kazakh,Kudaibergen Amirekul,2023-02-04T13:18:04Z
144455,Үлкен аққұтан,kk,"","",,Kazakh,Kudaibergen Amirekul,2023-02-04T13:18:15Z
4943,Кіші аққұтан,kk,"","",,Kazakh,Kudaibergen Amirekul,2023-02-04T13:18:31Z
4327,Қызғылт бірқазан,kk,"","",,Kazakh,Kudaibergen Amirekul,2023-02-04T13:18:49Z
4333,Бұйра бірқазан,kk,"","",,Kazakh,Kudaibergen Amirekul,2023-02-04T13:19:04Z
979813,Кіші суқұзғын,kk,"","",,Kazakh,Kudaibergen Amirekul,2023-02-04T13:19:21Z
4270,Үлкен суқұзғын,kk,"","",,Kazakh,Kudaibergen Amirekul,2023-02-04T13:19:35Z
4923,Тырду,kk,"","",,Kazakh,Kudaibergen Amirekul,2023-02-04T14:57:48Z
4843,Сауысқан балшықшы,kk,"","",,Kazakh,Kudaibergen Amirekul,2023-02-04T14:58:03Z
4908,Орақтұмсық,kk,"","",,Kazakh,Kudaibergen Amirekul,2023-02-04T14:58:22Z
4835,Ұзынсирақ балшықшы,kk,"","",,Kazakh,Kudaibergen Amirekul,2023-02-04T14:58:37Z
4883,Бізтұмсық,kk,"","",,Kazakh,Kudaibergen Amirekul,2023-02-04T14:58:51Z
4857,Қызғыш,kk,"","",,Kazakh,Kudaibergen Amirekul,2023-02-04T14:59:09Z
4858,Тарғақ,kk,"","",,Kazakh,Kudaibergen Amirekul,2023-02-04T15:00:02Z
4860,Аққұйрықты тарғақ,kk,"","",,Kazakh,Kudaibergen Amirekul,2023-02-04T15:00:13Z
4889,Алтынжон татрең,kk,"","",,Kazakh,Kudaibergen Amirekul,2023-02-04T15:00:28Z
4896,Қошқылқанат татрең,kk,"","",,Kazakh,Kudaibergen Amirekul,2023-02-04T15:01:15Z
4892,Маусымқұс,kk,"","",,Kazakh,Kudaibergen Amirekul,2023-02-04T15:01:28Z
4801,Шүрілдек торғай,kk,"","",,Kazakh,Kudaibergen Amirekul,2023-02-04T15:01:44Z
4811,Шаушүрілдек,kk,"","",,Kazakh,Kudaibergen Amirekul,2023-02-04T15:02:11Z
3901,Қасқа шалшықшы,kk,"","",,Kazakh,Kudaibergen Amirekul,2023-02-04T15:04:18Z
3900,Кіші шалшықшы,kk,"","",,Kazakh,Kudaibergen Amirekul,2023-02-04T15:04:34Z
3899,Сүйір тұмсықты шалшықшы,kk,"","",,Kazakh,Kudaibergen Amirekul,2023-02-04T15:04:45Z
3896,Үлкен шалшықшы,kk,"","",,Kazakh,Kudaibergen Amirekul,2023-02-04T15:04:54Z
3951,Кіші шырғалақ,kk,"","",,Kazakh,Kudaibergen Amirekul,2023-02-04T15:05:14Z
3947,Үлкен шырғалақ,kk,"","",,Kazakh,Kudaibergen Amirekul,2023-02-04T15:05:26Z
3938,Тасшаралған,kk,"","",,Kazakh,Kudaibergen Amirekul,2023-02-04T15:05:47Z
3845,Исландия құмдауығы,kk,"","",,Kazakh,Kudaibergen Amirekul,2023-02-04T15:06:16Z
339593,Күжіркей,kk,"","",,Kazakh,Kudaibergen Amirekul,2023-02-04T15:06:58Z
339594,Тұнбашы,kk,"","",,Kazakh,Kudaibergen Amirekul,2023-02-04T15:07:13Z
3844,Бізқұйрық құмдауық,kk,"","",,Kazakh,Kudaibergen Amirekul,2023-02-04T15:07:23Z
3863,Қызылтөс құмдауық,kk,"","",,Kazakh,Kudaibergen Amirekul,2023-02-04T15:07:38Z
3837,Аққұйрық құмдауық,kk,"","",,Kazakh,Kudaibergen Amirekul,2023-02-04T15:07:51Z
3848,Ұзынсаусақ құмдауық,kk,"","",,Kazakh,Kudaibergen Amirekul,2023-02-04T15:08:01Z
3854,Қызылмойын құмғақша,kk,"","",,Kazakh,Kudaibergen Amirekul,2023-02-04T15:08:13Z
3849,Құмқұс,kk,"","",,Kazakh,Kudaibergen Amirekul,2023-02-04T15:08:26Z
3857,Қаратөс құмдауық,kk,"","",,Kazakh,Kudaibergen Amirekul,2023-02-04T15:08:36Z
3838,Құмғақша,kk,"","",,Kazakh,Kudaibergen Amirekul,2023-02-04T15:08:50Z
3868,Азиялық тарбақ шырғалақ,kk,"","",,Kazakh,Kudaibergen Amirekul,2023-02-04T15:09:15Z
3873,Америкалық тарбақ шырғалақ,kk,"","",,Kazakh,Kudaibergen Amirekul,2023-02-04T15:09:35Z
3931,Жылқышы,kk,"","",,Kazakh,Kudaibergen Amirekul,2023-02-04T15:09:51Z
3911,Шаушалшық,kk,"","",,Kazakh,Kudaibergen Amirekul,2023-02-04T15:10:05Z
3925,Тау маңқысы,kk,"","",,Kazakh,Kudaibergen Amirekul,2023-02-04T15:10:20Z
3921,Азиялық тауқұдірет,kk,"","",,Kazakh,Kudaibergen Amirekul,2023-02-04T15:10:49Z
3920,Орман маңқысы,kk,"","",,Kazakh,Kudaibergen Amirekul,2023-02-04T15:11:00Z
3919,Маңқы,kk,"","",,Kazakh,Kudaibergen Amirekul,2023-02-04T15:11:11Z
318836,Тауқұдырет,kk,"","",,Kazakh,Kudaibergen Amirekul,2023-02-04T15:11:20Z
3969,Қайқытұмсық балшықшы,kk,"","",,Kazakh,Kudaibergen Amirekul,2023-02-04T15:11:34Z
3959,Ақтамақ қалытқы,kk,"","",,Kazakh,Kudaibergen Amirekul,2023-02-04T15:11:53Z
73203,Ақжағал қалытқы,kk,"","",,Kazakh,Kudaibergen Amirekul,2023-02-04T15:12:08Z
3978,Мамырқұс,kk,"","",,Kazakh,Kudaibergen Amirekul,2023-02-04T15:12:23Z
3885,Бұлыңғыр балшықшы,kk,"","",,Kazakh,Kudaibergen Amirekul,2023-02-04T15:12:38Z
3879,Шөпілдек,kk,"","",,Kazakh,Kudaibergen Amirekul,2023-02-04T15:13:02Z
3881,Бұлақшы,kk,"","",,Kazakh,Kudaibergen Amirekul,2023-02-04T15:13:16Z
3888,Бөрте балшықшы,kk,"","",,Kazakh,Kudaibergen Amirekul,2023-02-04T15:13:26Z
3882,Тәкілдек балшықшы,kk,"","",,Kazakh,Kudaibergen Amirekul,2023-02-04T15:13:40Z
3878,Үлкен балшықшы,kk,"","",,Kazakh,Kudaibergen Amirekul,2023-02-04T15:13:50Z
4595,Жүрдекқұс,kk,"","",,Kazakh,Kudaibergen Amirekul,2023-02-04T15:14:04Z
4604,Шабындық қарақасы,kk,"","",,Kazakh,Kudaibergen Amirekul,2023-02-04T15:14:21Z
4605,Дала қарақасы,kk,"","",,Kazakh,Kudaibergen Amirekul,2023-02-04T15:14:38Z
4494,Үшсаусақты шағала,kk,"","",,Kazakh,Kudaibergen Amirekul,2023-02-04T15:14:53Z
144501,Теңіз шағаласы,kk,"","",,Kazakh,Kudaibergen Amirekul,2023-02-04T15:15:08Z
144510,Көл шағаласы,kk,"","",,Kazakh,Kudaibergen Amirekul,2023-02-04T15:15:25Z
144512,Кіші шағала,kk,"","",,Kazakh,Kudaibergen Amirekul,2023-02-04T15:15:40Z
144518,Мойнақ,kk,"","",,Kazakh,Kudaibergen Amirekul,2023-02-04T15:16:11Z
144517,Қарабас шағала,kk,"","",,Kazakh,Kudaibergen Amirekul,2023-02-04T15:16:28Z
144521,Қарабас өгізшағала,kk,"","",,Kazakh,Kudaibergen Amirekul,2023-02-04T15:16:38Z
4356,Көк шағала,kk,"","",,Kazakh,Kudaibergen Amirekul,2023-02-04T15:16:53Z
4364,Делавэр шағаласы,kk,"","",,Kazakh,Kudaibergen Amirekul,2023-02-04T15:17:27Z
4349,Дуанбас,kk,"","",,Kazakh,Kudaibergen Amirekul,2023-02-04T15:17:45Z
204533,Күмiсшағала,kk,"","",,Kazakh,Kudaibergen Amirekul,2023-02-04T15:17:57Z
4389,Өгізшагала,kk,"","",,Kazakh,Kudaibergen Amirekul,2023-02-04T15:18:36Z
4381,Бозшағала,kk,"","",,Kazakh,Kudaibergen Amirekul,2023-02-04T15:18:52Z
332965,Сібір бозшағаласы,kk,"","",,Kazakh,Kudaibergen Amirekul,2023-02-04T15:19:23Z
144536,Қаратұмсық қарқылдақ,kk,"","",,Kazakh,Kudaibergen Amirekul,2023-02-04T15:20:04Z
144537,Үлкен қарқылдақ,kk,"","",,Kazakh,Kudaibergen Amirekul,2023-02-04T15:20:19Z
144541,Айдарлы қарқылдақ,kk,"","",,Kazakh,Kudaibergen Amirekul,2023-02-04T15:20:33Z
144529,Кіші қарқылдақ,kk,"","",,Kazakh,Kudaibergen Amirekul,2023-02-04T15:20:52Z
4450,Өзен қарқылдағы,kk,"","",,Kazakh,Kudaibergen Amirekul,2023-02-04T15:21:14Z
62148,Ақжағал қарқылдақ,kk,"","",,Kazakh,Kudaibergen Amirekul,2023-02-04T15:21:30Z
4514,Аққанатты қарқылдақ,kk,"","",,Kazakh,Kudaibergen Amirekul,2023-02-04T15:21:46Z
4512,Қара қарқылдақ,kk,"","",,Kazakh,Kudaibergen Amirekul,2023-02-04T15:21:57Z
4491,Орта құрақтұмсық,kk,"","",,Kazakh,Kudaibergen Amirekul,2023-02-04T15:22:13Z
4489,Қысқақұйрықты құрақтұмсық,kk,"","",,Kazakh,Kudaibergen Amirekul,2023-02-04T15:22:29Z
20359,Орман байғызы,kk,"","",,Kazakh,Kudaibergen Amirekul,2023-02-04T15:22:51Z
19998,Байғыз,kk,"","",,Kazakh,Kudaibergen Amirekul,2023-02-04T15:23:07Z
20372,Қаршыға жапалақ,kk,"","",,Kazakh,Kudaibergen Amirekul,2023-02-04T15:23:42Z
19848,Байғызша,kk,"","",,Kazakh,Kudaibergen Amirekul,2023-02-04T15:24:05Z
20244,Маубас жапалақ,kk,"","",,Kazakh,Kudaibergen Amirekul,2023-02-04T15:24:20Z
20285,Қылаң жапалақ,kk,"","",,Kazakh,Kudaibergen Amirekul,2023-02-04T15:24:35Z
20307,Құлақты жапалақ,kk,"","",,Kazakh,Kudaibergen Amirekul,2023-02-04T15:24:52Z
20315,Саз жапалағы,kk,"","",,Kazakh,Kudaibergen Amirekul,2023-02-04T15:25:05Z
144594,Ақ жапалақ,kk,"","",,Kazakh,Kudaibergen Amirekul,2023-02-04T15:25:21Z
19898,Кәдімгі жапалақ,kk,"","",,Kazakh,Kudaibergen Amirekul,2023-02-04T15:26:33Z
19910,Кезқұйрық жапалақ,kk,"","",,Kazakh,Kudaibergen Amirekul,2023-02-04T15:27:00Z
19890,Сақалды жапалақ,kk,"","",,Kazakh,Kudaibergen Amirekul,2023-02-04T15:27:12Z
116999,Балықшы тұйғын,kk,"","",,Kazakh,Kudaibergen Amirekul,2023-02-04T15:27:28Z
5379,Сақалтай,kk,"","",,Kazakh,Kudaibergen Amirekul,2023-02-04T15:39:23Z
5361,Жұртшы,kk,"","",,Kazakh,Kudaibergen Amirekul,2023-02-04T15:39:38Z
5325,Аражегіш,kk,"","",,Kazakh,Kudaibergen Amirekul,2023-02-04T15:39:55Z
144458,Айдарлы аражегіш,kk,"","",,Kazakh,Kudaibergen Amirekul,2023-02-04T15:40:07Z
5367,Құмай,kk,"","",,Kazakh,Kudaibergen Amirekul,2023-02-04T15:40:21Z
5366,Ақбас құмай,kk,"","",,Kazakh,Kudaibergen Amirekul,2023-02-04T15:40:35Z
5382,Тазқара,kk,"","",,Kazakh,Kudaibergen Amirekul,2023-02-04T15:40:50Z
5242,Жыланжегіш бүркіт,kk,"","",,Kazakh,Kudaibergen Amirekul,2023-02-04T15:41:08Z
201035,Шаңқылдақ қыран,kk,"","",,Kazakh,Kudaibergen Amirekul,2023-02-04T15:41:24Z
5154,Бақалтақ қыран,kk,"","",,Kazakh,Kudaibergen Amirekul,2023-02-04T15:41:39Z
5083,Дала қыраны,kk,"","",,Kazakh,Kudaibergen Amirekul,2023-02-04T15:41:55Z
5071,Қарақұс,kk,"","",,Kazakh,Kudaibergen Amirekul,2023-02-04T15:42:16Z
719552,Еуропа бүркіті,kk,"","",,Kazakh,Kudaibergen Amirekul,2023-02-04T15:43:12Z
719553,Орта Азия бүркіті,kk,"","",,Kazakh,Kudaibergen Amirekul,2023-02-04T15:43:45Z
5143,Мықи,kk,"","",,Kazakh,Kudaibergen Amirekul,2023-02-04T15:44:43Z
5126,Үлкен мықи,kk,"","",,Kazakh,Kudaibergen Amirekul,2023-02-04T15:45:14Z
5108,Қаршыға,kk,"","",,Kazakh,Kudaibergen Amirekul,2023-02-04T15:45:45Z
5173,Саз құладыны,kk,"","",,Kazakh,Kudaibergen Amirekul,2023-02-04T15:46:06Z
559064,Түз құладыны,kk,"","",,Kazakh,Kudaibergen Amirekul,2023-02-04T15:46:26Z
5178,Дала құладыны,kk,"","",,Kazakh,Kudaibergen Amirekul,2023-02-04T15:46:37Z
5167,Шалғын құладыны,kk,"","",,Kazakh,Kudaibergen Amirekul,2023-02-04T15:46:51Z
5312,Кезқұйрықты субүркіт,kk,"","",,Kazakh,Kudaibergen Amirekul,2023-02-04T15:47:51Z
5309,Аққұйрықты субүркіт,kk,"","",,Kazakh,Kudaibergen Amirekul,2023-02-04T15:48:09Z
5200,Айнақанат тілеміш,kk,"","",,Kazakh,Kudaibergen Amirekul,2023-02-04T15:48:27Z
5225,Жүнбалақ тілеміш,kk,"","",,Kazakh,Kudaibergen Amirekul,2023-02-04T15:48:50Z
486630,Шығыс тiлемiш,kk,"","",,Kazakh,Kudaibergen Amirekul,2023-02-04T15:49:01Z
5192,Кәдімгі тілеміш,kk,"","",,Kazakh,Kudaibergen Amirekul,2023-02-04T15:49:18Z
204472,Жамансары,kk,"","",,Kazakh,Kudaibergen Amirekul,2023-02-04T15:49:28Z
20969,Бәбісек,kk,"","",,Kazakh,Kudaibergen Amirekul,2023-02-04T15:49:42Z
2245,Жасыл аражегіш,kk,"","",,Kazakh,Kudaibergen Amirekul,2023-02-04T15:50:03Z
2191,Сарыалқым аражегіш,kk,"","",,Kazakh,Kudaibergen Amirekul,2023-02-04T15:50:19Z
2266,Көкқарға,kk,"","",,Kazakh,Kudaibergen Amirekul,2023-02-04T15:50:33Z
2599,Зымыран,kk,"","",,Kazakh,Kudaibergen Amirekul,2023-02-04T15:50:49Z
18448,Дүпілдек,kk,"","",,Kazakh,Kudaibergen Amirekul,2023-02-04T15:51:04Z
17669,Үшсаусақты тоқылдақ,kk,"","",,Kazakh,Kudaibergen Amirekul,2023-02-04T15:51:18Z
17942,Аққанатты тоқылдақ,kk,"","",,Kazakh,Kudaibergen Amirekul,2023-02-04T15:51:37Z
17871,Үлкен тоқылдақ,kk,"","",,Kazakh,Kudaibergen Amirekul,2023-02-04T15:51:57Z
17943,Ақжон тоқылдақ,kk,"","",,Kazakh,Kudaibergen Amirekul,2023-02-04T15:52:08Z
18301,Боз тоқылдақ,kk,"","",,Kazakh,Kudaibergen Amirekul,2023-02-04T15:52:36Z
59845,Дала күйкентайы,kk,"","",,Kazakh,Kudaibergen Amirekul,2023-02-04T15:52:56Z
472766,Кәдімгі күйкентай,kk,"","",,Kazakh,Kudaibergen Amirekul,2023-02-04T15:53:36Z
4641,Бөктергі,kk,"","",,Kazakh,Kudaibergen Amirekul,2023-02-04T15:53:46Z
4643,Жағалтай,kk,"","",,Kazakh,Kudaibergen Amirekul,2023-02-04T15:54:13Z
4691,Ителгі,kk,"","",,Kazakh,Kudaibergen Amirekul,2023-02-04T15:54:42Z
4657,Ақсұңқар,kk,"","",,Kazakh,Kudaibergen Amirekul,2023-02-04T15:55:11Z
4647,Лашын,kk,"","",,Kazakh,Kudaibergen Amirekul,2023-02-04T15:55:26Z
513599,Бидайық,kk,"","",,Kazakh,Kudaibergen Amirekul,2023-02-04T15:55:36Z
1431860,Алтай тоқалтісі,kk,"","",,Kazakh,Kudaibergen Amirekul,2023-02-04T16:06:53Z
39867,Батпақ тасбақасы,kk,"","",,Kazakh,Kudaibergen Amirekul,2023-02-09T21:20:45Z
40032,Ортаазия тасбақасы,kk,"","",,Kazakh,Kudaibergen Amirekul,2023-02-09T21:21:11Z
318735,Моңғол агамасы,kk,"","",,Kazakh,Kudaibergen Amirekul,2023-02-09T21:21:57Z
31445,Бұлаңқұйрық жұмырбас кесіртке,kk,"","",,Kazakh,Kudaibergen Amirekul,2023-02-09T21:22:25Z
31450,Алфераки жұмырбас кесірткесі,kk,"","",,Kazakh,Kudaibergen Amirekul,2023-02-09T21:23:28Z
146353,Зайсан жұмырбас кесірткесі,kk,"","",,Kazakh,Kudaibergen Amirekul,2023-02-09T21:24:02Z
31486,Тақыр жұмырбас кесірткесі,kk,"","",,Kazakh,Kudaibergen Amirekul,2023-02-09T21:24:24Z
31485,Құм жұмырбас кесірткесі,kk,"","",,Kazakh,Kudaibergen Amirekul,2023-02-09T21:24:38Z
31473,Қалқанқұлақ батбат,kk,"","",,Kazakh,Kudaibergen Amirekul,2023-02-09T21:24:56Z
114323,Дала ешкіемері,kk,"","",,Kazakh,Kudaibergen Amirekul,2023-02-09T21:25:18Z
34663,Шиқылдақ жармысқы,kk,"","",,Kazakh,Kudaibergen Amirekul,2023-02-09T21:25:38Z
33369,Эверсманн тарақсаусақ жармысқысы,kk,"","",,Kazakh,Kudaibergen Amirekul,2023-02-09T21:25:58Z
146281,Сұр жармысқы,kk,"","",,Kazakh,Kudaibergen Amirekul,2023-02-09T21:26:17Z
540242,Богданов шисаусақ жармысқысы,kk,"","",,Kazakh,Kudaibergen Amirekul,2023-02-09T21:27:05Z
318768,Түркістан шисаусақ жармысқысы,kk,"","",,Kazakh,Kudaibergen Amirekul,2023-02-09T21:27:27Z
318765,Каспий шисаусақ жармысқысы,kk,"","",,Kazakh,Kudaibergen Amirekul,2023-02-09T21:27:38Z
33570,Сығыркөз,kk,"","",,Kazakh,Kudaibergen Amirekul,2023-02-09T21:27:59Z
1367378,Алай жалаңкөзі,kk,"","",,Kazakh,Kudaibergen Amirekul,2023-02-09T21:28:16Z
36987,Шөл жалаңқөзі,kk,"","",,Kazakh,Kudaibergen Amirekul,2023-02-09T21:28:35Z
1367377,Еремченко жалаңқөзі,kk,"","",,Kazakh,Kudaibergen Amirekul,2023-02-09T21:28:56Z
36023,Шұбар кесірт,kk,"","",,Kazakh,Kudaibergen Amirekul,2023-02-09T21:29:24Z
606468,Жоңғар кесірті,kk,"","",,Kazakh,Kudaibergen Amirekul,2023-02-09T21:30:28Z
36041,Торлы кесірт,kk,"","",,Kazakh,Kudaibergen Amirekul,2023-02-09T21:30:41Z
100320,Орташа кесірт,kk,"","",,Kazakh,Kudaibergen Amirekul,2023-02-09T21:30:51Z
36040,Ұзынжолақты кесірт,kk,"","",,Kazakh,Kudaibergen Amirekul,2023-02-09T21:31:06Z
36016,Дәукөз кесірт,kk,"","",,Kazakh,Kudaibergen Amirekul,2023-02-09T21:31:31Z
36008,Жолақты кесірт,kk,"","",,Kazakh,Kudaibergen Amirekul,2023-02-09T21:32:23Z
539669,Тянь-шань кесірті,kk,"","",,Kazakh,Kudaibergen Amirekul,2023-02-09T21:32:38Z
36012,Жүргіш кесірт,kk,"","",,Kazakh,Kudaibergen Amirekul,2023-02-09T21:32:51Z
36029,Шұбар кесірт,kk,"","",,Kazakh,Kudaibergen Amirekul,2023-02-09T21:33:05Z
35912,Сұр кесіртке,kk,"","",,Kazakh,Kudaibergen Amirekul,2023-02-09T21:33:30Z
35453,Жасыл кесіртке,kk,"","",,Kazakh,Kudaibergen Amirekul,2023-02-09T21:33:48Z
31975,Сарыбауыр кесіртке,kk,"","",,Kazakh,Kudaibergen Amirekul,2023-02-09T21:34:15Z
39407,Сұр кесел,kk,"","",,Kazakh,Kudaibergen Amirekul,2023-02-09T21:35:19Z
111782,Көлталма балық,kk,"","",,Kazakh,Марина Горбунова-Ëлкина,2023-02-12T15:27:54Z
1453407,Бобринский жарқанаты,kk,"","",https://www.inaturalist.org/taxon_names/3235995/edit,Kazakh,,2023-02-26T20:08:12Z
20526,Түйеқұс,kk,"","",,Kazakh,Johan Devos,2023-02-28T22:39:14Z
1455922,Кіші түркептер,kk,"","",https://www.inaturalist.org/taxon_names/3236185/edit,Kazakh,,2023-03-08T06:23:42Z
515878,Бидайық,kk,"","",,Kazakh,Kudaibergen Amirekul,2023-03-10T15:28:59Z
144733,Үнді мысықторғайы,kk,"","",,Kazakh,Kudaibergen Amirekul,2023-03-10T15:31:29Z
204556,Мысықторғай,kk,"","",,Kazakh,Kudaibergen Amirekul,2023-03-10T15:31:53Z
549464,Жұмақ шыбыншы,kk,"","",,Kazakh,Kudaibergen Amirekul,2023-03-10T15:32:15Z
12021,Сібір тағанағы,kk,"","",,Kazakh,Kudaibergen Amirekul,2023-03-10T15:32:32Z
12038,Жасылбас тағанақ,kk,"","",,Kazakh,Kudaibergen Amirekul,2023-03-10T15:33:07Z
12042,Қашғар тағанағы,kk,"","",,Kazakh,Kudaibergen Amirekul,2023-03-10T15:33:35Z
339680,Қызылқұйрық тағанақ,kk,"","",,Kazakh,Kudaibergen Amirekul,2023-03-10T15:33:49Z
12035,Кезқұйрық тағанақ,kk,"","",,Kazakh,Kudaibergen Amirekul,2023-03-10T15:34:07Z
12054,Кіші тағанақ,kk,"","",,Kazakh,Kudaibergen Amirekul,2023-03-10T15:34:19Z
559070,Үлкен тағанақ,kk,"","",,Kazakh,Kudaibergen Amirekul,2023-03-10T15:34:35Z
558512,Солтүстік тағанағы,kk,"","",,Kazakh,Kudaibergen Amirekul,2023-03-10T15:34:48Z
827468,Қылаң тағанақ,kk,"","",,Kazakh,Kudaibergen Amirekul,2023-03-10T15:35:08Z
12039,Қызылбас тағанақ,kk,"","",,Kazakh,Kudaibergen Amirekul,2023-03-10T15:35:21Z
12023,Ақ маңдайлы тағанақ,kk,"","",,Kazakh,Kudaibergen Amirekul,2023-03-10T15:35:30Z
8334,Орманқарға,kk,"","",,Kazakh,Kudaibergen Amirekul,2023-03-10T15:35:45Z
8088,Жорғаторғай,kk,"","",,Kazakh,Kudaibergen Amirekul,2023-03-10T15:36:02Z
891696,Сауысқан,kk,"","",,Kazakh,Kudaibergen Amirekul,2023-03-10T15:36:17Z
8501,Сексеуіл жорғаторғайы,kk,"","",,Kazakh,Kudaibergen Amirekul,2023-03-10T15:36:35Z
204552,Самыркеш,kk,"","",,Kazakh,Kudaibergen Amirekul,2023-03-10T15:36:49Z
8349,Қызылтұмсық шауқарға,kk,"","",,Kazakh,Kudaibergen Amirekul,2023-03-10T15:37:06Z
8348,Сарытұмсық шауқарға,kk,"","",,Kazakh,Kudaibergen Amirekul,2023-03-10T15:37:15Z
8000,Шауқарға,kk,"","",,Kazakh,Kudaibergen Amirekul,2023-03-10T15:37:32Z
8009,Даур шауқарғасы,kk,"","",,Kazakh,Kudaibergen Amirekul,2023-03-10T15:37:59Z
8029,Таған,kk,"","",,Kazakh,Kudaibergen Amirekul,2023-03-10T15:38:10Z
204496,Қара қарға,kk,"","",,Kazakh,Kudaibergen Amirekul,2023-03-10T15:38:21Z
144757,Ала қарға,kk,"","",,Kazakh,Kudaibergen Amirekul,2023-03-10T15:38:31Z
8010,Құзғын,kk,"","",,Kazakh,Kudaibergen Amirekul,2023-03-10T15:39:01Z
144824,Қарамаңдай шымшық,kk,"","",,Kazakh,Kudaibergen Amirekul,2023-03-10T15:39:24Z
144823,Шөре шымшық,kk,"","",,Kazakh,Kudaibergen Amirekul,2023-03-10T15:39:41Z
144822,Қыраубас шөже,kk,"","",,Kazakh,Kudaibergen Amirekul,2023-03-10T15:40:21Z
144812,Күренбас шөже,kk,"","",,Kazakh,Kudaibergen Amirekul,2023-03-10T15:40:51Z
144809,Қарабас шөже,kk,"","",,Kazakh,Kudaibergen Amirekul,2023-03-10T15:41:05Z
515157,Ақжағал шөже,kk,"","",,Kazakh,Kudaibergen Amirekul,2023-03-10T15:41:31Z
144849,Көкшіл шымшық,kk,"","",,Kazakh,Kudaibergen Amirekul,2023-03-10T15:41:57Z
144851,Ақ шымшық,kk,"","",,Kazakh,Kudaibergen Amirekul,2023-03-10T15:42:15Z
507996,Сарытөс шымшық,kk,"","",,Kazakh,Kudaibergen Amirekul,2023-03-10T15:42:24Z
513973,Сұр шымшық,kk,"","",,Kazakh,Kudaibergen Amirekul,2023-03-10T15:43:46Z
13676,Кәдімгі құрқылтай,kk,"","",,Kazakh,Kudaibergen Amirekul,2023-03-10T15:44:06Z
73336,Қамыс құрқылтайы,kk,"","",,Kazakh,Kudaibergen Amirekul,2023-03-10T15:44:26Z
13677,Қарабас құрқылтай,kk,"","",,Kazakh,Kudaibergen Amirekul,2023-03-10T15:44:37Z
7363,Орман бозторғайы,kk,"","",,Kazakh,Kudaibergen Amirekul,2023-03-10T15:44:55Z
578607,Айдарлы бозторғай,kk,"","",,Kazakh,Kudaibergen Amirekul,2023-03-10T15:46:22Z
7294,Құлақты бозторғай,kk,"","",,Kazakh,Kudaibergen Amirekul,2023-03-10T15:46:37Z
7391,Нәзіктұмсық бозторғай,kk,"","",,Kazakh,Kudaibergen Amirekul,2023-03-10T15:46:51Z
578093,Кіші бозторғай,kk,"","",,Kazakh,Kudaibergen Amirekul,2023-03-10T15:47:06Z
7366,Қостеңбелді бозторғай,kk,"","",,Kazakh,Kudaibergen Amirekul,2023-03-10T15:47:22Z
7367,Дала бозторғайы,kk,"","",,Kazakh,Kudaibergen Amirekul,2023-03-10T15:47:36Z
7370,Қара бозторғай,kk,"","",,Kazakh,Kudaibergen Amirekul,2023-03-10T15:47:46Z
546382,Сор бозторғайы,kk,"","",,Kazakh,Kudaibergen Amirekul,2023-03-10T15:48:01Z
1287022,Сұр бозторғай,kk,"","",,Kazakh,Kudaibergen Amirekul,2023-03-10T15:48:17Z
204456,Шырылдауық айқабақ,kk,"","",,Kazakh,Kudaibergen Amirekul,2023-03-10T15:48:55Z
116806,Ақбауыр айқабақ,kk,"","",,Kazakh,Kudaibergen Amirekul,2023-03-10T15:49:38Z
116799,Шитұмсық айқабақ,kk,"","",,Kazakh,Kudaibergen Amirekul,2023-03-10T15:49:48Z
116804,Жолықбас айқабақ,kk,"","",,Kazakh,Kudaibergen Amirekul,2023-03-10T15:50:06Z
116791,Қызғылтсары айқабақ,kk,"","",,Kazakh,Kudaibergen Amirekul,2023-03-10T15:50:19Z
116797,Бақ айқабағы,kk,"","",,Kazakh,Kudaibergen Amirekul,2023-03-10T15:50:29Z
204455,Қамыс айқабағы,kk,"","",,Kazakh,Kudaibergen Amirekul,2023-03-10T15:50:43Z
116802,Саз айқабағы,kk,"","",,Kazakh,Kudaibergen Amirekul,2023-03-10T15:50:54Z
201178,Үлкен міңгірлек,kk,"","",,Kazakh,Kudaibergen Amirekul,2023-03-10T15:51:12Z
201179,Онтүстік міңгірлегі,kk,"","",,Kazakh,Kudaibergen Amirekul,2023-03-10T15:51:27Z
201180,Әжуан,kk,"","",,Kazakh,Kudaibergen Amirekul,2023-03-10T15:51:37Z
116919,Шөл әжуаны,kk,"","",,Kazakh,Kudaibergen Amirekul,2023-03-10T15:51:53Z
116918,Жасыл айқабақ,kk,"","",,Kazakh,Kudaibergen Amirekul,2023-03-10T15:52:07Z
1289501,Сайрауық шырылдақ,kk,"","",,Kazakh,Kudaibergen Amirekul,2023-03-10T15:52:25Z
116939,Теңбіл шырылдақ,kk,"","",,Kazakh,Kudaibergen Amirekul,2023-03-10T15:52:39Z
116938,Өзен шырылдағы,kk,"","",,Kazakh,Kudaibergen Amirekul,2023-03-10T15:53:00Z
116940,Бұлбұлүнді шырылдақ,kk,"","",,Kazakh,Kudaibergen Amirekul,2023-03-10T15:53:11Z
116941,Кәдімгі шырылдақ,kk,"","",,Kazakh,Kudaibergen Amirekul,2023-03-10T15:53:22Z
11941,Жар қарлығашы,kk,"","",,Kazakh,Kudaibergen Amirekul,2023-03-10T15:53:39Z
144787,Сұр қарлығаш,kk,"","",,Kazakh,Kudaibergen Amirekul,2023-03-10T15:53:53Z
11901,Қыстау қарлығашы,kk,"","",,Kazakh,Kudaibergen Amirekul,2023-03-10T15:54:12Z
144788,Құз қарлығашы,kk,"","",,Kazakh,Kudaibergen Amirekul,2023-03-10T15:54:27Z
64705,Қала қарлығашы,kk,"","",,Kazakh,Kudaibergen Amirekul,2023-03-10T15:54:43Z
11876,Шығыс қарлығашы,kk,"","",,Kazakh,Kudaibergen Amirekul,2023-03-10T15:55:23Z
144792,Секпілтөс қарлығаш,kk,"","",,Kazakh,Kudaibergen Amirekul,2023-03-10T15:55:38Z
117048,Сайрауық сарықас,kk,"","",,Kazakh,Kudaibergen Amirekul,2023-03-10T15:56:03Z
117026,Сұр сарықас,kk,"","",,Kazakh,Kudaibergen Amirekul,2023-03-10T15:57:00Z
117028,Арай сарықасы,kk,"","",,Kazakh,Kudaibergen Amirekul,2023-03-10T15:57:22Z
117041,Әсем сарықас,kk,"","",,Kazakh,Kudaibergen Amirekul,2023-03-10T15:57:34Z
117024,Үнді сарықасы,kk,"","",,Kazakh,Kudaibergen Amirekul,2023-03-10T15:57:49Z
117022,Қоңыр сарықас,kk,"","",,Kazakh,Kudaibergen Amirekul,2023-03-10T15:58:00Z
117055,Көктем сарықасы,kk,"","",,Kazakh,Kudaibergen Amirekul,2023-03-10T15:58:16Z
117049,Тау сарықасы,kk,"","",,Kazakh,Kudaibergen Amirekul,2023-03-10T15:58:44Z
117008,Тал сарықасы,kk,"","",,Kazakh,Kudaibergen Amirekul,2023-03-10T15:58:59Z
117054,Жасыл сарықас,kk,"","",,Kazakh,Kudaibergen Amirekul,2023-03-10T15:59:17Z
116858,Жалпаққұйрық бұлбұлша,kk,"","",,Kazakh,Kudaibergen Amirekul,2023-03-10T16:01:10Z
7770,Айналғыш маңтанторғай,kk,"","",,Kazakh,Kudaibergen Amirekul,2023-03-10T16:01:25Z
15705,Әсем шымшық,kk,"","",,Kazakh,Kudaibergen Amirekul,2023-03-10T16:02:00Z
15282,Қарабас сандуғаш,kk,"","",,Kazakh,Kudaibergen Amirekul,2023-03-10T16:02:15Z
15302,Бақ сандуғашы,kk,"","",,Kazakh,Kudaibergen Amirekul,2023-03-10T16:02:30Z
1289488,Қаршығарең сандуғаш,kk,"","",,Kazakh,Kudaibergen Amirekul,2023-03-10T16:02:44Z
1289484,Боз сандуғаш,kk,"","",,Kazakh,Kudaibergen Amirekul,2023-03-10T16:03:23Z
1289981,Тау сандуғашы,kk,"","",,Kazakh,Kudaibergen Amirekul,2023-03-10T16:03:59Z
1289479,Сайрағыш сандуғаш,kk,"","",,Kazakh,Kudaibergen Amirekul,2023-03-10T16:04:15Z
1289477,Шөл сандуғашы,kk,"","",,Kazakh,Kudaibergen Amirekul,2023-03-10T16:04:28Z
1289475,Ақмұртты сандуғаш,kk,"","",,Kazakh,Kudaibergen Amirekul,2023-03-10T16:04:38Z
1289470,Сұр сандуғаш,kk,"","",,Kazakh,Kudaibergen Amirekul,2023-03-10T16:04:49Z
1289983,Боз шөл сандуғашы,kk,"","",,Kazakh,Kudaibergen Amirekul,2023-03-10T16:05:06Z
7450,Кәдімгі шиқылдақ,kk,"","",,Kazakh,Kudaibergen Amirekul,2023-03-10T16:05:26Z
7461,Тау шиқылдағы,kk,"","",,Kazakh,Kudaibergen Amirekul,2023-03-10T16:05:36Z
14836,Үлкен көктеке,kk,"","",,Kazakh,Kudaibergen Amirekul,2023-03-10T16:07:12Z
14824,Орман көктекесі,kk,"","",,Kazakh,Kudaibergen Amirekul,2023-03-10T16:07:32Z
14840,Жарқұс,kk,"","",,Kazakh,Kudaibergen Amirekul,2023-03-10T16:07:49Z
145363,Үнгірек,kk,"","",,Kazakh,Kudaibergen Amirekul,2023-03-10T16:08:05Z
7647,Кәдімгі сушылқара,kk,"","",,Kazakh,Kudaibergen Amirekul,2023-03-10T16:08:22Z
7642,Қоңыр сушылқара,kk,"","",,Kazakh,Kudaibergen Amirekul,2023-03-10T16:08:33Z
204454,Алақанат,kk,"","",,Kazakh,Kudaibergen Amirekul,2023-03-10T16:08:55Z
145108,Алаторғай,kk,"","",,Kazakh,Kudaibergen Amirekul,2023-03-10T16:09:12Z
14850,Қараторғай,kk,"","",,Kazakh,Kudaibergen Amirekul,2023-03-10T16:09:25Z
497042,Шұбар сайрақ,kk,"","",,Kazakh,Kudaibergen Amirekul,2023-03-10T16:09:40Z
12740,Ақжемсаулы сайрақ,kk,"","",,Kazakh,Kudaibergen Amirekul,2023-03-10T16:09:57Z
12716,Қара сайрақ,kk,"","",,Kazakh,Kudaibergen Amirekul,2023-03-10T16:10:55Z
145086,Қаражемсаулы сайрақ,kk,"","",,Kazakh,Kudaibergen Amirekul,2023-03-10T16:11:06Z
203819,Қызылжемсаулы сайрақ,kk,"","",,Kazakh,Kudaibergen Amirekul,2023-03-10T16:11:16Z
145087,Сарғышқызыл сайрақ,kk,"","",,Kazakh,Kudaibergen Amirekul,2023-03-10T16:11:29Z
12707,Шетен сайрағы,kk,"","",,Kazakh,Kudaibergen Amirekul,2023-03-10T16:11:42Z
12748,Әуезшіл сайрақ,kk,"","",,Kazakh,Kudaibergen Amirekul,2023-03-10T16:12:08Z
12735,Қылғытпа сайрақ,kk,"","",,Kazakh,Kudaibergen Amirekul,2023-03-10T16:12:23Z
145026,Тоғай бұлбұлы,kk,"","",,Kazakh,Kudaibergen Amirekul,2023-03-10T16:12:36Z
12971,Сұр шыбыншы,kk,"","",,Kazakh,Kudaibergen Amirekul,2023-03-10T16:12:52Z
12987,Сібір шыбыншысы,kk,"","",,Kazakh,Kudaibergen Amirekul,2023-03-10T16:13:12Z
13094,Таңшымшық,kk,"","",,Kazakh,Kudaibergen Amirekul,2023-03-10T16:13:42Z
145060,Көк бұлбұл,kk,"","",,Kazakh,Kudaibergen Amirekul,2023-03-10T16:14:00Z
13075,Кәдімгі бұлбұл,kk,"","",,Kazakh,Kudaibergen Amirekul,2023-03-10T16:14:44Z
13079,Оңтүстік бұлбұлы,kk,"","",,Kazakh,Kudaibergen Amirekul,2023-03-10T16:14:54Z
13196,Ақмойынды бұлбұл,kk,"","",,Kazakh,Kudaibergen Amirekul,2023-03-10T16:15:09Z
564057,Қаратөс бұлбұл,kk,"","",,Kazakh,Kudaibergen Amirekul,2023-03-10T16:15:23Z
145064,Қызылтамақ бұлбұл,kk,"","",,Kazakh,Kudaibergen Amirekul,2023-03-10T16:15:43Z
210941,Көкқұйрық,kk,"","",,Kazakh,Kudaibergen Amirekul,2023-03-10T16:15:57Z
68507,Көкқұс,kk,"","",,Kazakh,Kudaibergen Amirekul,2023-03-10T16:16:32Z
522881,Жиренқұйрықты шыбыншы,kk,"","",,Kazakh,Kudaibergen Amirekul,2023-03-10T16:16:47Z
68519,Шығыс кіші шыбыншы,kk,"","",,Kazakh,Kudaibergen Amirekul,2023-03-10T16:17:13Z
13113,Кіші шыбыншы,kk,"","",,Kazakh,Kudaibergen Amirekul,2023-03-10T16:17:31Z
13126,Жағалы шыбыншы,kk,"","",,Kazakh,Kudaibergen Amirekul,2023-03-10T16:17:41Z
204512,Теңбіл шыбыншы,kk,"","",,Kazakh,Kudaibergen Amirekul,2023-03-10T16:17:52Z
73225,Қызылжон қызылқұйрық,kk,"","",,Kazakh,Kudaibergen Amirekul,2023-03-10T16:18:25Z
523153,Бозбас қызылқұйрық,kk,"","",,Kazakh,Kudaibergen Amirekul,2023-03-10T16:18:51Z
13000,Қошқыл қызылқұйрық,kk,"","",,Kazakh,Kudaibergen Amirekul,2023-03-10T16:19:02Z
12992,Кәдімгі қызылқұйрық,kk,"","",,Kazakh,Kudaibergen Amirekul,2023-03-10T16:19:13Z
12993,Сібір қызылқұйрығы,kk,"","",,Kazakh,Kudaibergen Amirekul,2023-03-10T16:19:32Z
73224,Қызылбауыр қызылқұйрық,kk,"","",,Kazakh,Kudaibergen Amirekul,2023-03-10T16:19:42Z
145068,Көк қызылқұйрық,kk,"","",,Kazakh,Kudaibergen Amirekul,2023-03-10T16:19:52Z
145070,Ақбас қызылқұйрық,kk,"","",,Kazakh,Kudaibergen Amirekul,2023-03-10T16:20:11Z
13140,Алабажақ сайрақ,kk,"","",,Kazakh,Kudaibergen Amirekul,2023-03-10T16:21:02Z
13141,Көк сайрақ,kk,"","",,Kazakh,Kudaibergen Amirekul,2023-03-10T16:21:17Z
12908,Жағал шақшақ,kk,"","",,Kazakh,Kudaibergen Amirekul,2023-03-10T16:21:32Z
12907,Үлкен шақшақ,kk,"","",,Kazakh,Kudaibergen Amirekul,2023-03-10T16:21:57Z
201193,Қарабас шақшақ,kk,"","",,Kazakh,Kudaibergen Amirekul,2023-03-10T16:22:07Z
12910,Қара шақшақ,kk,"","",,Kazakh,Kudaibergen Amirekul,2023-03-10T16:22:18Z
12822,Кәдімгі тасшымшық,kk,"","",,Kazakh,Kudaibergen Amirekul,2023-03-10T16:22:42Z
12837,Биші шақшақай,kk,"","",,Kazakh,Kudaibergen Amirekul,2023-03-10T16:23:23Z
12842,Шөл тасшымшығы,kk,"","",,Kazakh,Kudaibergen Amirekul,2023-03-10T16:23:44Z
1286971,Қарақұлақ тасшымшық,kk,"","",,Kazakh,Kudaibergen Amirekul,2023-03-10T16:24:20Z
12830,Қасқа тасшымшық,kk,"","",,Kazakh,Kudaibergen Amirekul,2023-03-10T16:24:33Z
12831,Қара тасшымшық,kk,"","",,Kazakh,Kudaibergen Amirekul,2023-03-10T16:24:47Z
12828,Қараалқымды тасшымшық,kk,"","",,Kazakh,Kudaibergen Amirekul,2023-03-10T16:24:58Z
793469,Сарыбас шөже,kk,"","",,Kazakh,Kudaibergen Amirekul,2023-03-10T16:25:14Z
7429,Самыр,kk,"","",,Kazakh,Kudaibergen Amirekul,2023-03-10T16:25:33Z
7432,Амур самыры,kk,"","",,Kazakh,Kudaibergen Amirekul,2023-03-10T16:25:44Z
13996,Сұржон содырғы,kk,"","",,Kazakh,Kudaibergen Amirekul,2023-03-10T16:25:58Z
13997,Қаратұмсық содырғы,kk,"","",,Kazakh,Kudaibergen Amirekul,2023-03-10T16:26:20Z
13983,Сібір содырғысы,kk,"","",,Kazakh,Kudaibergen Amirekul,2023-03-10T16:26:34Z
13994,Боз содырғы,kk,"","",,Kazakh,Kudaibergen Amirekul,2023-03-10T16:26:46Z
13989,Қаратамақ содырғы,kk,"","",,Kazakh,Kudaibergen Amirekul,2023-03-10T16:26:56Z
13988,Орман содырғысы,kk,"","",,Kazakh,Kudaibergen Amirekul,2023-03-10T16:27:05Z
13866,Сексеуіл торғайы,kk,"","",,Kazakh,Kudaibergen Amirekul,2023-03-10T16:27:21Z
13858,Үй торғайы,kk,"","",,Kazakh,Kudaibergen Amirekul,2023-03-10T16:27:58Z
727706,Қылаң торғай,kk,"","",,Kazakh,Kudaibergen Amirekul,2023-03-10T16:28:11Z
13854,Қаратөс торғай,kk,"","",,Kazakh,Kudaibergen Amirekul,2023-03-10T16:28:24Z
108963,Зарудный торғайы,kk,"","",,Kazakh,Kudaibergen Amirekul,2023-03-10T16:28:33Z
13851,Жауторғай,kk,"","",,Kazakh,Kudaibergen Amirekul,2023-03-10T16:28:49Z
14076,Тас торғайы,kk,"","",,Kazakh,Kudaibergen Amirekul,2023-03-10T16:29:04Z
204544,Қар құнақ,kk,"","",,Kazakh,Kudaibergen Amirekul,2023-03-10T16:29:20Z
204545,Сары шақшақай,kk,"","",,Kazakh,Kudaibergen Amirekul,2023-03-10T16:29:47Z
143439,Қарабас шақшақай,kk,"","",,Kazakh,Kudaibergen Amirekul,2023-03-10T16:30:00Z
425967,Сарымаңдай шақшақай,kk,"","",,Kazakh,Kudaibergen Amirekul,2023-03-10T16:30:11Z
13687,Сарыбас шақшақай,kk,"","",,Kazakh,Kudaibergen Amirekul,2023-03-10T16:30:41Z
13688,Тау шақшақайы,kk,"","",,Kazakh,Kudaibergen Amirekul,2023-03-10T16:30:57Z
13695,Ақ шақшақай,kk,"","",,Kazakh,Kudaibergen Amirekul,2023-03-10T16:31:17Z
425956,Қарамойын шақшақай,kk,"","",,Kazakh,Kudaibergen Amirekul,2023-03-10T16:31:29Z
13726,Дала жадырағы,kk,"","",,Kazakh,Kudaibergen Amirekul,2023-03-10T16:31:46Z
13712,Түз жадырағы,kk,"","",,Kazakh,Kudaibergen Amirekul,2023-03-10T16:32:23Z
13729,Шиаяқ жадырақ,kk,"","",,Kazakh,Kudaibergen Amirekul,2023-03-10T16:32:47Z
13711,Орман жадырағы,kk,"","",,Kazakh,Kudaibergen Amirekul,2023-03-10T16:33:11Z
13724,Жасыл жадырақ,kk,"","",,Kazakh,Kudaibergen Amirekul,2023-03-10T16:33:30Z
13727,Сібір жадырағы,kk,"","",,Kazakh,Kudaibergen Amirekul,2023-03-10T16:33:46Z
13721,Қызылтөс жадырақ,kk,"","",,Kazakh,Kudaibergen Amirekul,2023-03-10T16:33:57Z
13732,Америка жадырағы,kk,"","",,Kazakh,Kudaibergen Amirekul,2023-03-10T16:34:20Z
13713,Тау жадырағы,kk,"","",,Kazakh,Kudaibergen Amirekul,2023-03-10T16:34:29Z
10070,Жаурауық,kk,"","",,Kazakh,Kudaibergen Amirekul,2023-03-10T17:13:49Z
10220,Арша ементұмсығы,kk,"","",,Kazakh,Kudaibergen Amirekul,2023-03-10T17:14:21Z
9801,Кәдімгі ементұмсық,kk,"","",,Kazakh,Kudaibergen Amirekul,2023-03-10T17:14:35Z
9771,Орман қызылқұнағы,kk,"","",,Kazakh,Kudaibergen Amirekul,2023-03-10T17:14:49Z
497049,Боз суықторғай,kk,"","",,Kazakh,Kudaibergen Amirekul,2023-03-10T17:15:16Z
73344,Құзылқанат құралай,kk,"","",,Kazakh,Kudaibergen Amirekul,2023-03-10T17:15:34Z
72572,Шөл суықторғайы,kk,"","",,Kazakh,Kudaibergen Amirekul,2023-03-10T17:15:50Z
145292,Моңғол суықторғайы,kk,"","",,Kazakh,Kudaibergen Amirekul,2023-03-10T17:16:03Z
9613,Аршашыл құнақ,kk,"","",,Kazakh,Kudaibergen Amirekul,2023-03-10T17:16:19Z
9615,Інжурең құнақ,kk,"","",,Kazakh,Kudaibergen Amirekul,2023-03-10T17:16:34Z
9614,Бұлдыр құнақ,kk,"","",,Kazakh,Kudaibergen Amirekul,2023-03-10T17:16:44Z
9639,Кәдімгі құралай,kk,"","",,Kazakh,Kudaibergen Amirekul,2023-03-10T17:17:04Z
204480,Үлкен құралай,kk,"","",,Kazakh,Kudaibergen Amirekul,2023-03-10T17:17:26Z
145298,Қызғылт құралай,kk,"","",,Kazakh,Kudaibergen Amirekul,2023-03-10T17:17:35Z
204479,Арша құралайы,kk,"","",,Kazakh,Kudaibergen Amirekul,2023-03-10T17:17:44Z
558596,Кезқұйрық самыр,kk,"","",,Kazakh,Kudaibergen Amirekul,2023-03-10T17:17:55Z
9640,Жолаққанат құралай,kk,"","",,Kazakh,Kudaibergen Amirekul,2023-03-10T17:18:05Z
9642,Жартас құралайы,kk,"","",,Kazakh,Kudaibergen Amirekul,2023-03-10T17:18:35Z
145360,Жасылтауылжық,kk,"","",,Kazakh,Kudaibergen Amirekul,2023-03-10T17:18:50Z
145293,Шөл құнақ,kk,"","",,Kazakh,Kudaibergen Amirekul,2023-03-10T17:19:04Z
558633,Тау шонайнағы,kk,"","",,Kazakh,Kudaibergen Amirekul,2023-03-10T17:19:25Z
558634,Шонайнақ,kk,"","",,Kazakh,Kudaibergen Amirekul,2023-03-10T17:19:40Z
145300,Шекілдек,kk,"","",,Kazakh,Kudaibergen Amirekul,2023-03-10T17:19:59Z
145302,Арктика шекілдегі,kk,"","",,Kazakh,Kudaibergen Amirekul,2023-03-10T17:20:23Z
10411,Шыршашыл қайшауыз,kk,"","",,Kazakh,Kudaibergen Amirekul,2023-03-10T17:20:43Z
10423,Аққанатты қайшауыз,kk,"","",,Kazakh,Kudaibergen Amirekul,2023-03-10T17:20:56Z
9398,Кәдімгі пайыз,kk,"","",,Kazakh,Kudaibergen Amirekul,2023-03-10T17:21:19Z
503963,Бозбас пайыз,kk,"","",,Kazakh,Kudaibergen Amirekul,2023-03-10T17:21:34Z
9238,Қызылтелпекті құнақ,kk,"","",,Kazakh,Kudaibergen Amirekul,2023-03-10T17:21:48Z
145303,Шымшық,kk,"","",,Kazakh,Kudaibergen Amirekul,2023-03-10T17:22:04Z
116840,Жолторғай,kk,"","",,Kazakh,Kudaibergen Amirekul,2023-03-10T17:22:19Z
117059,Ақторғай,kk,"","",,Kazakh,Kudaibergen Amirekul,2023-03-10T17:22:34Z
145291,Тарышыл сұлыкеш,kk,"","",,Kazakh,Kudaibergen Amirekul,2023-03-10T17:22:50Z
9195,Кәдімгі сұлыкеш,kk,"","",,Kazakh,Kudaibergen Amirekul,2023-03-10T17:24:18Z
9210,Ақбас сұлыкеш,kk,"","",,Kazakh,Kudaibergen Amirekul,2023-03-10T17:24:32Z
9193,Тау сұлыкеші,kk,"","",,Kazakh,Kudaibergen Amirekul,2023-03-10T17:24:42Z
9226,Годлевский сұлыкеші,kk,"","",,Kazakh,Kudaibergen Amirekul,2023-03-10T17:24:53Z
9216,Қызылқұлақ сұлыкеш,kk,"","",,Kazakh,Kudaibergen Amirekul,2023-03-10T17:25:07Z
9213,Татрең сұлыкеш,kk,"","",,Kazakh,Kudaibergen Amirekul,2023-03-10T17:25:19Z
9196,Бақ сұлыкеші,kk,"","",,Kazakh,Kudaibergen Amirekul,2023-03-10T17:25:31Z
9205,Жартас сұлыкеші,kk,"","",,Kazakh,Kudaibergen Amirekul,2023-03-10T17:25:49Z
9197,Шөже сұлыкеш,kk,"","",,Kazakh,Kudaibergen Amirekul,2023-03-10T17:26:18Z
9188,Құрқылтайрең сұлыкеш,kk,"","",,Kazakh,Kudaibergen Amirekul,2023-03-10T17:26:28Z
9203,Қарабас сұлыкеш,kk,"","",,Kazakh,Kudaibergen Amirekul,2023-03-10T17:26:55Z
9215,Сарғалдақ сұлыкеш,kk,"","",,Kazakh,Kudaibergen Amirekul,2023-03-10T17:27:06Z
9204,Бозбас сұлыкеш,kk,"","",,Kazakh,Kudaibergen Amirekul,2023-03-10T17:27:23Z
9191,Поляр сұлыкеші,kk,"","",,Kazakh,Kudaibergen Amirekul,2023-03-10T17:27:48Z
47793,Айырқұйрықтар,kk,"","",,Kazakh,Boris Eliseev,2023-05-05T10:51:06Z
49530,Мүр көбелек,kk,"","",,Kazakh,John E. Christensen,2023-05-07T11:29:33Z
7120,Ысылдақ үйрек,kk,"","",,Kazakh,pigeonlister,2023-06-13T17:25:55Z
1477358,Ақ шеңгел,kk,"","",https://www.inaturalist.org/taxon_names/1487132/edit,Kazakh,,2023-06-30T03:06:37Z
72516,Ақбауыр сұрқарлығаш,kk,"","",https://www.inaturalist.org/taxon_names/3236193/edit,Kazakh,Donald Davesne,2023-10-29T11:53:41Z
4788,Алқалы татрең,kk,"","",https://www.inaturalist.org/taxon_names/3236351/edit,Kazakh,Victor HOYEAU,2023-10-29T13:13:49Z
1505622,Сарысағақ шүрілдек,kk,"","",https://www.inaturalist.org/taxon_names/3236348/edit,Kazakh,,2023-10-30T00:31:59Z
1505627,Шығыс шүрілдегі,kk,"","",https://www.inaturalist.org/taxon_names/3236349/edit,Kazakh,Sean Cozart,2023-10-30T00:37:04Z
1505629,Үлкентұмысықты шүрілдек торғай,kk,"","",https://www.inaturalist.org/taxon_names/3236346/edit,Kazakh,,2023-10-30T00:55:08Z
1505620,Теңіз шүрілдек торғайы,kk,"","",https://www.inaturalist.org/taxon_names/3236344/edit,Kazakh,Sean Cozart,2023-10-30T12:35:00Z
1453961,Каспий жалпаққұлақты жарқанаты,kk,"","",,Kazakh,Bobby McCabe,2023-11-11T01:59:31Z
50638,Baqajapyraq tūqymdasy,kk,"","",,Kazakh,Sutthikhun Phaengphongsai,2024-02-01T22:27:28Z
47125,Güldı ösımdıkter,kk,"","",,Kazakh,Sutthikhun Phaengphongsai,2024-02-01T22:30:35Z
47125,Гүлді өсімдіктер,kk,"","",,Kazakh,Sutthikhun Phaengphongsai,2024-02-01T22:31:32Z
144757,Ala qarğa,kk,"","",,Kazakh,Sutthikhun Phaengphongsai,2024-02-03T17:59:56Z
64694,Үшкіржеміс жидесі,kk,"","",,Kazakh,pigeonlister,2024-02-15T01:18:07Z
75997,Сора,kk,"","",,Kazakh,pigeonlister,2024-02-15T01:20:11Z
856778,Ақмия,kk,"","",,Kazakh,pigeonlister,2024-02-15T01:21:12Z
66334,Көлбақа,kk,"","",,Kazakh,pigeonlister,2024-02-15T01:22:54Z
48681,Тобылғы,kk,"","",,Kazakh,pigeonlister,2024-02-15T01:25:22Z
77836,Татар ұшқаты,kk,"","",,Kazakh,pigeonlister,2024-02-15T01:26:44Z
78374,Кәдімгі адыраспан,kk,"","",,Kazakh,pigeonlister,2024-02-15T01:27:58Z
1398783,Жібілген,kk,"","",,Kazakh,pigeonlister,2024-02-15T01:28:46Z
163951,Қара меңдуана,kk,"","",,Kazakh,pigeonlister,2024-02-15T01:29:23Z
9083,Қызыл кардинал,kk,"","",,Kazakh,pigeonlister,2024-02-15T01:31:25Z
47219,Бал арасы,kk,"","",,Kazakh,pigeonlister,2024-02-15T01:33:09Z
67598,От құмырсқа,kk,"","",,Kazakh,pigeonlister,2024-02-15T01:38:40Z
47157,Жұлдызқұрт,kk,"","",,Kazakh,pigeonlister,2024-02-15T01:39:44Z
48486,Қанқыз,kk,"","",,Kazakh,pigeonlister,2024-02-15T01:41:09Z
48486,Қызыл Қоңыз,kk,"","",,Kazakh,pigeonlister,2024-02-15T01:41:36Z
7086,Қарашақаздар,kk,"","",,Kazakh,pigeonlister,2024-02-15T01:43:06Z
7089,Канада қарашақазы,kk,"","",,Kazakh,pigeonlister,2024-02-15T01:43:50Z
42219,Америка бұғылары,kk,"","",,Kazakh,pigeonlister,2024-02-15T01:45:33Z
42223,Ақ құйрықты бұғы,kk,"","",,Kazakh,pigeonlister,2024-02-15T01:46:15Z
42220,Қара құйрықты бұғы,kk,"","",,Kazakh,pigeonlister,2024-02-15T01:47:18Z
1077790,Қара құйрықты × Ақ құйрықты бұғы,kk,"","",,Kazakh,pigeonlister,2024-02-15T01:48:25Z
76610,Сәбіз,kk,"","",,Kazakh,pigeonlister,2024-02-15T01:51:20Z
55830,Барқытжапырақ,kk,"","",,Kazakh,pigeonlister,2024-02-15T01:52:08Z
51884,Қосүйлі қалақай,kk,"","",,Kazakh,pigeonlister,2024-02-15T01:55:29Z
52989,Кәдімгі сарықалуен,kk,"","",,Kazakh,pigeonlister,2024-02-15T01:57:26Z
48561,Сарықалуен,kk,"","",,Kazakh,pigeonlister,2024-02-15T01:58:13Z
204321,Ақбүйрек,kk,"","",,Kazakh,pigeonlister,2024-02-15T01:58:59Z
64237,Кәдімгі қамыс,kk,"","",,Kazakh,pigeonlister,2024-02-15T01:59:29Z
64276,Қамыс,kk,"","",,Kazakh,pigeonlister,2024-02-15T01:59:51Z
47434,Астық тұқымдасы,kk,"","",,Kazakh,pigeonlister,2024-02-15T02:00:13Z
47163,Дара жарнақтылар,kk,"","",,Kazakh,pigeonlister,2024-02-15T02:00:50Z
55883,Ағаш шырмауық,kk,"","",,Kazakh,pigeonlister,2024-02-15T02:01:42Z
55851,Қызыл тауқалақай,kk,"","",,Kazakh,pigeonlister,2024-02-15T02:03:37Z
47169,Базидиомицеттер,kk,"","",,Kazakh,pigeonlister,2024-02-15T02:04:41Z
52855,Жусан,kk,"","",,Kazakh,pigeonlister,2024-02-15T02:06:02Z
42051,Шалғын қасқыры,kk,"","",,Kazakh,pigeonlister,2024-02-15T02:08:01Z
42093,Қорқау ит,kk,"","",,Kazakh,pigeonlister,2024-02-15T02:09:13Z
42091,Жалды қасқыр,kk,"","",,Kazakh,pigeonlister,2024-02-15T02:09:52Z
52681,Кәдімгі еркекқырыққұлақ,kk,"","",,Kazakh,pigeonlister,2024-02-15T02:11:05Z
52628,Айқышты өрмекші,kk,"","",,Kazakh,pigeonlister,2024-02-15T02:12:15Z
43794,Канада құндызы,kk,"","",,Kazakh,pigeonlister,2024-02-15T02:13:02Z
897542,Қарабарақ,kk,"","",https://www.inaturalist.org/taxon_names/1487128/edit,Kazakh,,2024-02-23T18:01:44Z
56327,Антоцеротофитер,kk,"","",,Kazakh,Karina Zhuzenova,2024-04-22T16:18:07Z
64615,Бауырмүктер,kk,"","",,Kazakh,Karina Zhuzenova,2024-04-22T16:21:53Z
47158,Жәндіктер,kk,"","",,Kazakh,Karina Zhuzenova,2024-04-22T16:25:59Z
81769,Тарақандар,kk,"","",,Kazakh,Karina Zhuzenova,2024-04-22T16:41:08Z
184884,Қанатты жәндіктер,kk,"","",,Kazakh,Karina Zhuzenova,2024-04-22T16:48:02Z
47208,Қоңыздар,kk,"","",,Kazakh,Karina Zhuzenova,2024-04-22T16:51:37Z
48763,Торқанаттылар,kk,"","",,Kazakh,Karina Zhuzenova,2024-04-22T16:54:12Z
47792,Инеліктер,kk,"","",,Kazakh,Karina Zhuzenova,2024-04-22T16:56:35Z
20979,Құйрықсыз қосмекенділер,kk,"","",,Kazakh,El Vaquero Loco,2024-04-24T05:54:30Z
43694,Африка пілдері,kk,"","",,Kazakh,El Vaquero Loco,2024-04-24T06:02:47Z
43697,Үнді пілдері,kk,"","",,Kazakh,El Vaquero Loco,2024-04-24T06:03:33Z
43697,Азиялық пілдер,kk,"","",,Kazakh,El Vaquero Loco,2024-04-24T06:03:49Z
54919,Қияр,kk,"","",,Kazakh,El Vaquero Loco,2024-04-24T06:05:14Z
42405,Африкалық бизон,kk,"","",,Kazakh,El Vaquero Loco,2024-04-24T06:17:31Z
48448,Жүгері,kk,"","",,Kazakh,El Vaquero Loco,2024-04-24T06:20:54Z
573,Тауықтәрізділер,kk,"","",,Kazakh,El Vaquero Loco,2024-04-24T06:23:39Z
1626,Гоацин,kk,"","",,Kazakh,El Vaquero Loco,2024-04-24T06:24:14Z
1625,Гоациндер,kk,"","",,Kazakh,El Vaquero Loco,2024-04-24T06:24:44Z
1624,Гоациндер,kk,"","",,Kazakh,El Vaquero Loco,2024-04-24T06:24:56Z
508251,Гоациндер,kk,"","",,Kazakh,El Vaquero Loco,2024-04-24T06:25:13Z
52747,Қағаз аралары,kk,"","",,Kazakh,El Vaquero Loco,2024-04-24T06:28:08Z
23,Тырналар тұқымдасы,kk,"","",,Kazakh,El Vaquero Loco,2024-04-24T15:04:32Z
